0.62247783,0.02228959,-0.09970684;0.62247783,0.02486673,-0.09568302;0.62247783,0.0216283,-0.09324494;0.62247783,0.01864924,-0.09372044;0.62247783,0.01508977,-0.09867219;0.62247783,0.01886987,-0.10072242
0.62247783,0.06692155,-0.10854991;0.62247783,0.06862743,-0.10709788;0.62247783,0.06788349,-0.10516087;0.62247783,0.06597479,-0.10516293;0.62247783,0.06192304,-0.1074869;0.62247783,0.0650599,-0.10893161
0.62247783,-0.02540593,-0.09802884;0.62247783,-0.02498314,-0.0961484;0.62247783,-0.02652487,-0.09542395;0.62247783,-0.02818916,-0.0958364;0.62247783,-0.02823874,-0.09795448;0.62247783,-0.02687063,-0.09868161
-0.53105919,0.62247783,0.06645911;-0.53380744,0.62247783,0.06323405;-0.54097788,0.62247783,0.06293413;-0.53962564,0.62247783,0.07293533;-0.53514465,0.62247783,0.07627039;-0.53149966,0.62247783,0.07309617;-0.53102191,0.62247783,0.06997432
-0.62247783,-0.55970496,0.43317498;-0.62247783,-0.56095656,0.43382972;-0.62247783,-0.56082704,0.43573753;-0.62247783,-0.55738784,0.46999036;-0.62247783,-0.55401552,0.47798235;-0.62247783,-0.55135742,0.47963514;-0.62247783,-0.55024751,0.47994158;-0.62247783,-0.51861028,0.48822572;-0.62247783,-0.51092256,0.49042796;-0.62247783,-0.49910414,0.4830086;-0.62247783,-0.49189743,0.46772474;-0.62247783,-0.48810372,0.45703473;-0.62247783,-0.49463131,0.4494654;-0.62247783,-0.49805031,0.4467069;-0.62247783,-0.51696961,0.43652547;-0.62247783,-0.52982215,0.43376601;-0.62247783,-0.55862687,0.43317089
-0.62247783,0.01721429,-0.09315321;-0.62247783,0.02228119,-0.09213463;-0.62247783,0.02669916,-0.09625485;-0.62247783,0.02381079,-0.10443703;-0.62247783,0.01690149,-0.10560393;-0.62247783,0.01299857,-0.10027017
-0.62247783,-0.16451349,-0.36852189;-0.62247783,-0.15917943,-0.37110471;-0.62247783,-0.15352896,-0.37612575;-0.62247783,-0.15095718,-0.38413501;-0.62247783,-0.15001946,-0.39069178;-0.62247783,-0.15178612,-0.40441203;-0.62247783,-0.15216146,-0.40542757;-0.62247783,-0.1534818,-0.40526678;-0.62247783,-0.16041542,-0.4020739;-0.62247783,-0.16605349,-0.39881819;-0.62247783,-0.16822919,-0.39713162;-0.62247783,-0.17856468,-0.38881457;-0.62247783,-0.18178434,-0.38413606;-0.62247783,-0.18444256,-0.37279536;-0.62247783,-0.18430837,-0.37150559;-0.62247783,-0.18224097,-0.37079326;-0.62247783,-0.16564182,-0.36851419
-0.62247783,0.04689756,-0.11218021;-0.62247783,0.04463917,-0.11012928;-0.62247783,0.04655865,-0.10718842;-0.62247783,0.04869691,-0.1065212;-0.62247783,0.05995819,-0.10214808;-0.62247783,0.06837693,-0.10282611;-0.62247783,0.07137704,-0.10920254;-0.62247783,0.0653501,-0.11450468;-0.62247783,0.05772647,-0.115741;-0.62247783,0.04945805,-0.1129808
-0.62247783,-0.08983757,-0.10151367;-0.62247783,-0.08755173,-0.10175785;-0.62247783,-0.0858766,-0.10471427;-0.62247783,-0.0889713,-0.10550391;-0.62247783,-0.09012119,-0.10522916;-0.62247783,-0.09145051,-0.10309108
-0.62247783,-0.02264546,-0.1017498;-0.62247783,-0.02693324,-0.10161429;-0.62247783,-0.02936705,-0.09893123;-0.62247783,-0.02973649,-0.0950124;-0.62247783,-0.02627291,-0.09442405;-0.62247783,-0.02438215,-0.0957064
-0.62247783,-0.12178712,-0.11223398;-0.62247783,-0.12303918,-0.11279384;-0.62247783,-0.13938167,-0.1174724;-0.62247783,-0.14083665,-0.11772737;-0.62247783,-0.1414413,-0.11695263;-0.62247783,-0.14093789,-0.11640123;-0.62247783,-0.13939738,-0.11569302;-0.62247783,-0.12379185,-0.11085715;-0.62247783,-0.1221748,-0.11043648;-0.62247783,-0.12110064,-0.11094564
-0.47423915,-0.62247783,-0.13849857;-0.46936722,-0.62247783,-0.12429968;-0.46890959,-0.62247783,-0.12214728;-0.46701113,-0.62247783,-0.10615425;-0.46572163,-0.62247783,-0.09788854;-0.46496494,-0.62247783,-0.09053221;-0.46508693,-0.62247783,-0.07709294;-0.46495784,-0.62247783,-0.07277864;-0.46357283,-0.62247783,-0.06233346;-0.46334069,-0.62247783,-0.05723113;-0.46504258,-0.62247783,-0.036817;-0.46477897,-0.62247783,-0.020493;-0.46478498,-0.62247783,-0.01822724;-0.46484083,-0.62247783,-0.00256152;-0.46473111,-0.62247783,-0.00035012;-0.46392177,-0.62247783,0.01434849;-0.46415014,-0.62247783,0.01807642;-0.46595726,-0.62247783,0.03476223;-0.46604269,-0.62247783,0.03649203;-0.46532293,-0.62247783,0.05074649;-0.4654247,-0.62247783,0.05407667;-0.4683041,-0.62247783,0.07676386;-0.46956932,-0.62247783,0.08636276;-0.473271,-0.62247783,0.09954941;-0.48172226,-0.62247783,0.1178177;-0.48750725,-0.62247783,0.12550457;-0.49480648,-0.62247783,0.13113326;-0.50028079,-0.62247783,0.13481025;-0.51819063,-0.62247783,0.13989229;-0.51875583,-0.62247783,0.14080364;-0.51411185,-0.62247783,0.15906403;-0.51599473,-0.62247783,0.16834214;-0.51806052,-0.62247783,0.17134729;-0.52513159,-0.62247783,0.17606582;-0.53960272,-0.62247783,0.18270183;-0.55854589,-0.62247783,0.19222399;-0.5650005,-0.62247783,0.1931613;-0.58288628,-0.62247783,0.19056694;-0.58979074,-0.62247783,0.18046539;-0.59024355,-0.62247783,0.17848591;-0.59435565,-0.62247783,0.14351775;-0.59471662,-0.62247783,0.13869939;-0.59643686,-0.62247783,0.10463871;-0.59669895,-0.62247783,0.09909121;-0.59850203,-0.62247783,0.06807123;-0.59972507,-0.62247783,0.02282689;-0.60090509,-0.62247783,-0.00793015;-0.60090954,-0.62247783,-0.01550048;-0.59976696,-0.62247783,-0.04715697;-0.59946526,-0.62247783,-0.05481651;-0.5975114,-0.62247783,-0.08916504;-0.5971912,-0.62247783,-0.09405038;-0.59405573,-0.62247783,-0.12866654;-0.59330909,-0.62247783,-0.13286795;-0.58442073,-0.62247783,-0.15850542;-0.57882251,-0.62247783,-0.16447021;-0.55382732,-0.62247783,-0.1778879;-0.53611358,-0.62247783,-0.18355157;-0.52487903,-0.62247783,-0.18720385;-0.50781241,-0.62247783,-0.20161206;-0.50734506,-0.62247783,-0.2014767;-0.50219103,-0.62247783,-0.18283045;-0.49326551,-0.62247783,-0.17067473;-0.49080751,-0.62247783,-0.1677478;-0.48193735,-0.62247783,-0.15411098;-0.47956411,-0.62247783,-0.14915513
0.49306803,-0.62247783,0.09945763;0.49214749,-0.62247783,0.09783036;0.49186266,-0.62247783,0.09647326;0.48963805,-0.62247783,0.081027;0.48890518,-0.62247783,0.07310189;0.48814571,-0.62247783,0.06353463;0.48720248,-0.62247783,0.05098068;0.48719031,-0.62247783,0.04609371;0.48868548,-0.62247783,0.03167909;0.48935111,-0.62247783,0.02563788;0.48997705,-0.62247783,0.01328927;0.49033708,-0.62247783,0.00691469;0.49103975,-0.62247783,-0.00543021;0.49111848,-0.62247783,-0.0126504;0.49181741,-0.62247783,-0.02440654;0.49337471,-0.62247783,-0.03480281;0.49403568,-0.62247783,-0.04188729;0.49413835,-0.62247783,-0.05467266;0.49489595,-0.62247783,-0.06046701;0.49878956,-0.62247783,-0.07397555;0.50018765,-0.62247783,-0.07608576;0.51166182,-0.62247783,-0.08369999;0.52118148,-0.62247783,-0.08998323;0.53340715,-0.62247783,-0.10242955;0.5445706,-0.62247783,-0.1092301;0.55899844,-0.62247783,-0.11321314;0.56943931,-0.62247783,-0.10911626;0.58956984,-0.62247783,-0.09411143;0.59300012,-0.62247783,-0.08929478;0.59309633,-0.62247783,-0.08832561;0.59344772,-0.62247783,-0.05356867;0.59351315,-0.62247783,-0.05161913;0.59573315,-0.62247783,-0.0136002;0.59590714,-0.62247783,-0.00988977;0.59733987,-0.62247783,0.02316738;0.59738996,-0.62247783,0.02836186;0.59669019,-0.62247783,0.06296217;0.59671349,-0.62247783,0.06610519;0.59796327,-0.62247783,0.10008636;0.5979015,-0.62247783,0.10692911;0.59598579,-0.62247783,0.13790219;0.59526806,-0.62247783,0.14680604;0.59112661,-0.62247783,0.17661617;0.58549078,-0.62247783,0.21494472;0.57839411,-0.62247783,0.22942088;0.56075257,-0.62247783,0.22778942;0.54973377,-0.62247783,0.22262519;0.53797486,-0.62247783,0.22245975;0.52754142,-0.62247783,0.21745656;0.52534369,-0.62247783,0.2141073;0.52611906,-0.62247783,0.20281392;0.53095543,-0.62247783,0.19184799;0.5292804,-0.62247783,0.1774208;0.52819126,-0.62247783,0.15804622;0.52324715,-0.62247783,0.13851178;0.52010157,-0.62247783,0.13025686;0.51897142,-0.62247783,0.12159468;0.51575631,-0.62247783,0.10762582;0.5057593,-0.62247783,0.10247674;0.49484279,-0.62247783,0.09974684
-0.0902403,-0.62247783,0.51187415;-0.09228816,-0.62247783,0.51140763;-0.09258316,-0.62247783,0.51014875;-0.09183634,-0.62247783,0.50919154;-0.08995577,-0.62247783,0.50928149;-0.08940334,-0.62247783,0.51045469
0.51908617,-0.62247783,-0.14508558;0.51988084,-0.62247783,-0.14480408;0.51976306,-0.62247783,-0.14297253;0.51882358,-0.62247783,-0.14443125
0.51219374,-0.62247783,0.07014899;0.5112175,-0.62247783,0.07313728;0.51330123,-0.62247783,0.07457534;0.51627314,-0.62247783,0.07490055;0.51435583,-0.62247783,0.06977701
0.501745,-0.62247783,-0.10893813;0.50159795,-0.62247783,-0.11177852;0.50323957,-0.62247783,-0.11294487;0.5078969,-0.62247783,-0.11186756;0.50477594,-0.62247783,-0.10818371
0.01029865,-0.62247783,0.51423343;0.01400632,-0.62247783,0.51372035;0.01579163,-0.62247783,0.51585604;0.01500338,-0.62247783,0.51825284;0.01078745,-0.62247783,0.5186052;0.00957547,-0.62247783,0.51582391
-0.02572644,-0.62247783,0.51893374;-0.02799021,-0.62247783,0.51896613;-0.0321558,-0.62247783,0.51701969;-0.029269,-0.62247783,0.51519604;-0.02643993,-0.62247783,0.51567664;-0.02548622,-0.62247783,0.51734599
0.62247783,-0.01885691,-0.35183791;0.62247783,-0.00353506,-0.35408167;0.62247783,0.0017901,-0.35423276;0.62247783,0.01700026,-0.35240215;0.62247783,0.02223968,-0.35106177;0.62247783,0.03633316,-0.34520585;0.62247783,0.04121712,-0.34229963;0.62247783,0.05331296,-0.33291719;0.62247783,0.05722686,-0.32895815;0.62247783,0.06676647,-0.3165375;0.62247783,0.06908323,-0.31253787;0.62247783,0.07511932,-0.2979945;0.62247783,0.07634506,-0.29344972;0.62247783,0.07842173,-0.27769834;0.62247783,0.07840251,-0.27352106;0.62247783,0.07621185,-0.25733278;0.62247783,0.07515065,-0.2535257;0.62247783,0.06869785,-0.238171;0.62247783,0.06686879,-0.23508309;0.62247783,0.05655129,-0.22167566;0.62247783,0.05416914,-0.21927039;0.62247783,0.04076391,-0.20884098;0.62247783,0.03787493,-0.20709559;0.62247783,0.02237603,-0.20046519;0.62247783,0.01897046,-0.19946468;0.62247783,0.00246049,-0.19708998;0.62247783,-0.00126479,-0.19701069;0.62247783,-0.01771077,-0.19902328;0.62247783,-0.02141086,-0.19996361;0.62247783,-0.03675838,-0.2062451;0.62247783,-0.04001102,-0.20811356;0.62247783,-0.05330251,-0.2182777;0.62247783,-0.05582649,-0.22078817;0.62247783,-0.06613814,-0.23412691;0.62247783,-0.06789897,-0.23710867;0.62247783,-0.07430763,-0.25260577;0.62247783,-0.07519246,-0.2560714;0.62247783,-0.07710551,-0.27642706;0.62247783,-0.07621225,-0.29242825;0.62247783,-0.07531559,-0.29681311;0.62247783,-0.06957973,-0.31164344;0.62247783,-0.06742018,-0.31562325;0.62247783,-0.05804917,-0.32820019;0.62247783,-0.05455754,-0.33189253;0.62247783,-0.04222946,-0.34166288;0.62247783,-0.03805189,-0.34422612;0.62247783,-0.02369586,-0.35041237
0.62247783,0.04041647,-0.13172792;0.62247783,0.04332458,-0.13076134;0.62247783,0.05624592,-0.1266984;0.62247783,0.06392435,-0.12387421;0.62247783,0.06975693,-0.12192066;0.62247783,0.07697399,-0.11970351;0.62247783,0.08651413,-0.11914942;0.62247783,0.09637164,-0.11102288;0.62247783,0.10229882,-0.10652868;0.62247783,0.10784414,-0.1061175;0.62247783,0.11768065,-0.1043518;0.62247783,0.12038366,-0.09745659;0.62247783,0.11859571,-0.09246176;0.62247783,0.11192286,-0.08749657;0.62247783,0.10668272,-0.08717288;0.62247783,0.0976749,-0.0886974;0.62247783,0.08621267,-0.09056514;0.62247783,0.08161229,-0.09147167;0.62247783,0.07859985,-0.0908055;0.62247783,0.05793324,-0.08850605;0.62247783,0.04395012,-0.08501579;0.62247783,0.03437685,-0.08421599;0.62247783,0.02640624,-0.08309535;0.62247783,0.00846347,-0.08328594;0.62247783,-0.00855654,-0.08481075;0.62247783,-0.01371451,-0.08480256;0.62247783,-0.02461727,-0.08386289;0.62247783,-0.03631985,-0.0839276;0.62247783,-0.04155916,-0.08442841;0.62247783,-0.04550494,-0.08549665;0.62247783,-0.05800657,-0.09126141;0.62247783,-0.0676926,-0.09092463;0.62247783,-0.07404759,-0.09027025;0.62247783,-0.07691598,-0.09116952;0.62247783,-0.08812672,-0.09688359;0.62247783,-0.09228749,-0.10239497;0.62247783,-0.09003874,-0.10905474;0.62247783,-0.08592483,-0.11243163;0.62247783,-0.07847181,-0.11730639;0.62247783,-0.06867949,-0.1209281;0.62247783,-0.06078781,-0.12218067;0.62247783,-0.0551978,-0.12286108;0.62247783,-0.04728465,-0.12312301;0.62247783,-0.04061674,-0.12288738;0.62247783,-0.03602447,-0.12447056;0.62247783,-0.03144362,-0.12801964;0.62247783,-0.02490557,-0.13265501;0.62247783,-0.01875833,-0.13347047;0.62247783,-0.00597416,-0.13710395;0.62247783,0.00362208,-0.13723745;0.62247783,0.00619915,-0.13683725;0.62247783,0.00730277,-0.13677295;0.62247783,0.01838202,-0.1349198;0.62247783,0.02602675,-0.13613609;0.62247783,0.032181,-0.13518035
0.62247783,0.16118765,-0.13199149;0.62247783,0.15873947,-0.12950284;0.62247783,0.15459804,-0.13168969;0.62247783,0.15620877,-0.1353394;0.62247783,0.15946412,-0.13694777;0.62247783,0.1612789,-0.13464211
0.62247783,-0.1280128,-0.12278748;0.62247783,-0.1201031,-0.12075361;0.62247783,-0.11674741,-0.11441377;0.62247783,-0.11814244,-0.10660535;0.62247783,-0.12553034,-0.09960849;0.62247783,-0.13018485,-0.09911966;0.62247783,-0.13581806,-0.10131865;0.62247783,-0.13695847,-0.10263022;0.62247783,-0.14185687,-0.11224412;0.62247783,-0.14329927,-0.1155763;0.62247783,-0.14111523,-0.12092864;0.62247783,-0.13522031,-0.12231221
0.62247783,0.18919647,-0.23329896;0.62247783,0.19022259,-0.23473284;0.62247783,0.19003393,-0.23301069;0.62247783,0.18986924,-0.23179762
0.62247783,0.00213093,0.35473867;0.62247783,0.00280168,0.35381058;0.62247783,0.00362182,0.3547498;0.62247783,0.0035427,0.35626025;0.62247783,0.00246706,0.35621633;0.62247783,0.00190425,0.35558147
0.62247783,-0.20752928,-0.3205998;0.62247783,-0.20666802,-0.32313238;0.62247783,-0.20264672,-0.33178326;0.62247783,-0.19776881,-0.33657643;0.62247783,-0.19329667,-0.33972039;0.62247783,-0.18681807,-0.34591062;0.62247783,-0.18073749,-0.34744019;0.62247783,-0.17758052,-0.34367664;0.62247783,-0.17803192,-0.33576337;0.62247783,-0.18061534,-0.3315537;0.62247783,-0.18132067,-0.32462456;0.62247783,-0.18358198,-0.31805477;0.62247783,-0.18556067,-0.31569187;0.62247783,-0.19752843,-0.30102371;0.62247783,-0.19813205,-0.30020064;0.62247783,-0.19902363,-0.30011665;0.62247783,-0.20000729,-0.30052683;0.62247783,-0.2003684,-0.30170283;0.62247783,-0.20680743,-0.31844503
0.62247783,-0.17419831,-0.1438647;0.62247783,-0.17304171,-0.14409832
0.62247783,-0.1867453,-0.37399305;0.62247783,-0.18484789,-0.37509927;0.62247783,-0.18326482,-0.37371503;0.62247783,-0.18283405,-0.3719381;0.62247783,-0.18361467,-0.36862028;0.62247783,-0.18654748,-0.3686148;0.62247783,-0.18793438,-0.37151669
0.62247783,-0.02025418,0.1083518;0.62247783,-0.01611454,0.10539216;0.62247783,-0.01171211,0.10887605;0.62247783,-0.0084747,0.11371847;0.62247783,-0.01479632,0.1154243;0.62247783,-0.01813708,0.1141235
-0.47124478,0.62247783,0.12392613;-0.47022074,0.62247783,0.11827228;-0.46858235,0.62247783,0.10474889;-0.46723478,0.62247783,0.08741815;-0.46683502,0.62247783,0.0759764;-0.46690345,0.62247783,0.07039907;-0.46768461,0.62247783,0.05669062;-0.46797817,0.62247783,0.05234783;-0.46931807,0.62247783,0.03795101;-0.4763195,0.62247783,-0.02451373;-0.4772077,0.62247783,-0.03190136;-0.47947789,0.62247783,-0.04618131;-0.47995028,0.62247783,-0.04888279;-0.48151319,0.62247783,-0.05604202;-0.48400883,0.62247783,-0.06526616;-0.4893003,0.62247783,-0.08102258;-0.49455524,0.62247783,-0.09314766;-0.4966102,0.62247783,-0.09662912;-0.50544009,0.62247783,-0.10803901;-0.50753279,0.62247783,-0.11042698;-0.51815497,0.62247783,-0.12188753;-0.52706476,0.62247783,-0.1269253;-0.54064569,0.62247783,-0.12897206;-0.55553685,0.62247783,-0.12635821;-0.57333182,0.62247783,-0.11482807;-0.58948543,0.62247783,-0.09406454;-0.59124923,0.62247783,-0.08910012;-0.59657763,0.62247783,-0.05348427;-0.59692634,0.62247783,-0.04955551;-0.59842953,0.62247783,-0.01561027;-0.59910531,0.62247783,0.02909411;-0.59874848,0.62247783,0.06091876;-0.59816325,0.62247783,0.10799907;-0.59690156,0.62247783,0.14069202;-0.5966061,0.62247783,0.14830151;-0.59489663,0.62247783,0.1798431;-0.59451897,0.62247783,0.1870489;-0.59226994,0.62247783,0.21918353;-0.5919621,0.62247783,0.22292342;-0.58811618,0.62247783,0.25776618;-0.58787324,0.62247783,0.25894579;-0.58230923,0.62247783,0.26776262;-0.57081166,0.62247783,0.26525985;-0.55498403,0.62247783,0.25817798;-0.54115142,0.62247783,0.24817807;-0.52631674,0.62247783,0.23718272;-0.51428288,0.62247783,0.22346418;-0.50285326,0.62247783,0.2072369;-0.4987021,0.62247783,0.19963972;-0.4965826,0.62247783,0.19501022;-0.48887215,0.62247783,0.1793421;-0.486211,0.62247783,0.17302132;-0.481037,0.62247783,0.15853978;-0.47986187,0.62247783,0.15496754;-0.47896964,0.62247783,0.15204964;-0.47476687,0.62247783,0.13787018
0.48896825,0.62247783,0.06372856;0.48938999,0.62247783,0.08132298;0.48995579,0.62247783,0.09546532;0.49026665,0.62247783,0.09895063;0.49152443,0.62247783,0.10586541;0.49385225,0.62247783,0.11587191;0.49721095,0.62247783,0.12522411;0.50059675,0.62247783,0.13326604;0.50256685,0.62247783,0.1364697;0.51170409,0.62247783,0.14783996;0.51612813,0.62247783,0.15305313;0.51930096,0.62247783,0.15642575;0.53470778,0.62247783,0.17465605;0.55395822,0.62247783,0.19023925;0.56005948,0.62247783,0.19250102;0.57950259,0.62247783,0.19334134;0.58827493,0.62247783,0.18059103;0.58877242,0.62247783,0.17873057;0.593538,0.62247783,0.1446875;0.59396138,0.62247783,0.1401758;0.59638035,0.62247783,0.10601447;0.59652497,0.62247783,0.10253247;0.59720207,0.62247783,0.0685441;0.59698893,0.62247783,0.02422166;0.59611466,0.62247783,-0.00960315;0.59465663,0.62247783,-0.0520617;0.59196564,0.62247783,-0.08259923;0.59067725,0.62247783,-0.08767824;0.58851595,0.62247783,-0.09135755;0.57155626,0.62247783,-0.11069654;0.55316234,0.62247783,-0.12618708;0.53969338,0.62247783,-0.12979365;0.52388718,0.62247783,-0.12988168;0.51244317,0.62247783,-0.12336145;0.50671144,0.62247783,-0.11058686;0.50574877,0.62247783,-0.10859287;0.50139194,0.62247783,-0.09576282;0.5003311,0.62247783,-0.08149713;0.50060636,0.62247783,-0.07618163;0.49809123,0.62247783,-0.06918872;0.49574668,0.62247783,-0.06024889;0.49542518,0.62247783,-0.05564897;0.49575739,0.62247783,-0.04130835;0.49548048,0.62247783,-0.03614692;0.49386503,0.62247783,-0.02339529;0.49284501,0.62247783,-0.01380478;0.49204915,0.62247783,-0.00522816;0.49081629,0.62247783,0.01359734;0.49035241,0.62247783,0.02561306;0.48928865,0.62247783,0.05270164
-0.62247783,-0.17330017,0.09341851;-0.62247783,-0.18201054,0.08567247;-0.62247783,-0.18576376,0.08318357;-0.62247783,-0.19303096,0.07940451;-0.62247783,-0.19834367,0.0768007;-0.62247783,-0.20363004,0.07286213;-0.62247783,-0.21000006,0.06966612;-0.62247783,-0.22188242,0.0678793;-0.62247783,-0.22845283,0.06740949;-0.62247783,-0.24051038,0.06681656;-0.62247783,-0.25300693,0.06898532;-0.62247783,-0.25771999,0.0693947;-0.62247783,-0.26330572,0.06884383;-0.62247783,-0.2730009,0.06680897;-0.62247783,-0.28316767,0.06433407;-0.62247783,-0.28858427,0.06323682;-0.62247783,-0.29115759,0.0635823;-0.62247783,-0.29447305,0.06450678;-0.62247783,-0.30672669,0.07047651;-0.62247783,-0.31082753,0.07438944;-0.62247783,-0.31196232,0.07815971;-0.62247783,-0.31605132,0.08928646;-0.62247783,-0.3203996,0.10206546;-0.62247783,-0.32176851,0.10544962;-0.62247783,-0.32279071,0.10867172;-0.62247783,-0.32287604,0.11467203;-0.62247783,-0.32241551,0.12311118;-0.62247783,-0.32031481,0.13434938;-0.62247783,-0.31918265,0.13613404;-0.62247783,-0.30889571,0.14360196;-0.62247783,-0.30258186,0.15427654;-0.62247783,-0.30098418,0.15684799;-0.62247783,-0.29910515,0.15824945;-0.62247783,-0.28551606,0.16731802;-0.62247783,-0.27440101,0.17347795;-0.62247783,-0.26599743,0.18053545;-0.62247783,-0.26257206,0.18277388;-0.62247783,-0.25744862,0.18258343;-0.62247783,-0.25280267,0.17889396;-0.62247783,-0.24739528,0.17437385;-0.62247783,-0.24058649,0.17174352;-0.62247783,-0.22881261,0.17084459;-0.62247783,-0.22611835,0.17079608;-0.62247783,-0.22392281,0.16993172;-0.62247783,-0.22023946,0.16771166;-0.62247783,-0.21191912,0.16204824;-0.62247783,-0.2039948,0.16114728;-0.62247783,-0.18942441,0.15991136;-0.62247783,-0.18709318,0.15957177;-0.62247783,-0.17941632,0.15883974;-0.62247783,-0.17208451,0.1576402;-0.62247783,-0.1707149,0.15701734;-0.62247783,-0.17016965,0.15581105;-0.62247783,-0.16947227,0.15091702;-0.62247783,-0.16900177,0.14077565;-0.62247783,-0.16872817,0.1348121;-0.62247783,-0.16914413,0.12506184;-0.62247783,-0.17140327,0.11718601;-0.62247783,-0.17286224,0.10938057;-0.62247783,-0.17309669,0.10444678
-0.62247783,0.21056065,-0.56737899;-0.62247783,0.18146599,-0.55621523;-0.62247783,0.17114437,-0.54981835;-0.62247783,0.15601831,-0.53650992;-0.62247783,0.14618384,-0.52541401;-0.62247783,0.1362748,-0.50893696;-0.62247783,0.13497253,-0.50645974;-0.62247783,0.13413538,-0.50363575;-0.62247783,0.13002662,-0.48532479;-0.62247783,0.12681251,-0.46800548;-0.62247783,0.1250041,-0.45942666;-0.62247783,0.12356399,-0.45107445;-0.62247783,0.12286514,-0.44541592;-0.62247783,0.12167495,-0.43435445;-0.62247783,0.12101549,-0.42083705;-0.62247783,0.12108919,-0.41775519;-0.62247783,0.12320685,-0.40466263;-0.62247783,0.12349977,-0.40115369;-0.62247783,0.12454352,-0.38360263;-0.62247783,0.12468005,-0.38150646;-0.62247783,0.12494703,-0.37762245;-0.62247783,0.12656885,-0.36419478;-0.62247783,0.12777062,-0.35890712;-0.62247783,0.13150464,-0.34868876;-0.62247783,0.13267122,-0.34571396;-0.62247783,0.13633427,-0.33394046;-0.62247783,0.13753107,-0.33039811;-0.62247783,0.14284481,-0.31652064;-0.62247783,0.14445268,-0.31211808;-0.62247783,0.14955374,-0.29918395;-0.62247783,0.15315262,-0.29185109;-0.62247783,0.15646287,-0.28574123;-0.62247783,0.16033518,-0.27753045;-0.62247783,0.16596227,-0.26442888;-0.62247783,0.16684558,-0.26319381;-0.62247783,0.17781683,-0.25140531;-0.62247783,0.18036117,-0.24815663;-0.62247783,0.18016681,-0.24360158;-0.62247783,0.18012568,-0.23287724;-0.62247783,0.18153299,-0.22438134;-0.62247783,0.18427569,-0.21681033;-0.62247783,0.18567616,-0.20299127;-0.62247783,0.18560956,-0.20111928;-0.62247783,0.18254338,-0.19599235;-0.62247783,0.17529784,-0.18450002;-0.62247783,0.1729099,-0.18000124;-0.62247783,0.16887381,-0.17061175;-0.62247783,0.16073042,-0.15792084;-0.62247783,0.15994628,-0.15727668;-0.62247783,0.14112246,-0.14902733;-0.62247783,0.13802887,-0.14798108;-0.62247783,0.11832401,-0.14362321;-0.62247783,0.09567383,-0.14096996;-0.62247783,0.09307854,-0.1408555;-0.62247783,0.07605699,-0.14263294;-0.62247783,0.0748597,-0.14267727;-0.62247783,0.05596397,-0.14245662;-0.62247783,0.04140581,-0.14389215;-0.62247783,0.02941395,-0.14417924;-0.62247783,0.02774584,-0.14420379;-0.62247783,0.02275249,-0.1440638;-0.62247783,0.01611531,-0.1433592;-0.62247783,0.01191837,-0.14348582;-0.62247783,0.00427024,-0.14293433;-0.62247783,-0.00518491,-0.14244578;-0.62247783,-0.01284273,-0.14277584;-0.62247783,-0.01894886,-0.14276589;-0.62247783,-0.02578146,-0.14274272;-0.62247783,-0.02992245,-0.14227621;-0.62247783,-0.03227052,-0.14176351;-0.62247783,-0.04107743,-0.13944296;-0.62247783,-0.05450748,-0.14090462;-0.62247783,-0.05584519,-0.14109521;-0.62247783,-0.05698776,-0.14087677;-0.62247783,-0.0600799,-0.1401264;-0.62247783,-0.07189281,-0.13674038;-0.62247783,-0.07934828,-0.13617437;-0.62247783,-0.08621169,-0.13953906;-0.62247783,-0.09299121,-0.14143411;-0.62247783,-0.09840439,-0.14127034;-0.62247783,-0.1109404,-0.13818489;-0.62247783,-0.11308277,-0.13828325;-0.62247783,-0.12530428,-0.14296802;-0.62247783,-0.13570913,-0.1467521;-0.62247783,-0.13957717,-0.14811806;-0.62247783,-0.14327214,-0.15069846;-0.62247783,-0.15256082,-0.15725862;-0.62247783,-0.16286238,-0.16765482;-0.62247783,-0.16479233,-0.16929023;-0.62247783,-0.17771109,-0.1793694;-0.62247783,-0.1844269,-0.18641943;-0.62247783,-0.18860044,-0.19023621;-0.62247783,-0.19549197,-0.19562818;-0.62247783,-0.19746231,-0.20312165;-0.62247783,-0.20021785,-0.20803828;-0.62247783,-0.20142473,-0.20905196;-0.62247783,-0.20307306,-0.20814985;-0.62247783,-0.2060047,-0.20400373;-0.62247783,-0.20828543,-0.19529352;-0.62247783,-0.20891498,-0.19167421;-0.62247783,-0.21303673,-0.18378529;-0.62247783,-0.21684086,-0.18109412;-0.62247783,-0.22046205,-0.18221405;-0.62247783,-0.22898237,-0.18918513;-0.62247783,-0.23126957,-0.19219748;-0.62247783,-0.2357467,-0.19277483;-0.62247783,-0.23886236,-0.19250756;-0.62247783,-0.24919776,-0.19063525;-0.62247783,-0.25856341,-0.18381721;-0.62247783,-0.26826683,-0.16652876;-0.62247783,-0.27029922,-0.16237368;-0.62247783,-0.27844562,-0.15653123;-0.62247783,-0.28248945,-0.15566284;-0.62247783,-0.29768182,-0.15325497;-0.62247783,-0.3011189,-0.15214692;-0.62247783,-0.30258049,-0.15119242;-0.62247783,-0.30353283,-0.14943783;-0.62247783,-0.3088669,-0.13817837;-0.62247783,-0.30995333,-0.13347685;-0.62247783,-0.30715904,-0.12887249;-0.62247783,-0.30083397,-0.12042055;-0.62247783,-0.29452218,-0.10950906;-0.62247783,-0.28384956,-0.10360463;-0.62247783,-0.27484577,-0.09914969;-0.62247783,-0.26934947,-0.09649307;-0.62247783,-0.26352891,-0.09930302;-0.62247783,-0.25942545,-0.10679554;-0.62247783,-0.25700221,-0.11094565;-0.62247783,-0.2538538,-0.11225059;-0.62247783,-0.25108792,-0.11177812;-0.62247783,-0.23738097,-0.10810798;-0.62247783,-0.2342465,-0.10670558;-0.62247783,-0.22905561,-0.10302359;-0.62247783,-0.22273611,-0.0971046;-0.62247783,-0.21649103,-0.09584998;-0.62247783,-0.20591167,-0.09214434;-0.62247783,-0.20186379,-0.09073514;-0.62247783,-0.19380909,-0.08809964;-0.62247783,-0.1806848,-0.08416343;-0.62247783,-0.17932058,-0.08385101;-0.62247783,-0.17705843,-0.08317405;-0.62247783,-0.16551338,-0.0803683;-0.62247783,-0.1595468,-0.08038707;-0.62247783,-0.14779313,-0.0851695;-0.62247783,-0.14373423,-0.08673373;-0.62247783,-0.14192291,-0.08653618;-0.62247783,-0.14082245,-0.08597903;-0.62247783,-0.12886201,-0.07918056;-0.62247783,-0.12191393,-0.07641747;-0.62247783,-0.11509995,-0.07351338;-0.62247783,-0.1054398,-0.07226135;-0.62247783,-0.10068102,-0.07138708;-0.62247783,-0.09592432,-0.07031711;-0.62247783,-0.08719512,-0.06867137;-0.62247783,-0.07303247,-0.06937375;-0.62247783,-0.05728678,-0.07382222;-0.62247783,-0.05437873,-0.07437789;-0.62247783,-0.04238442,-0.07446977;-0.62247783,-0.02365376,-0.07443586;-0.62247783,-0.02222578,-0.07455023;-0.62247783,-0.00692165,-0.07633378;-0.62247783,0.00166328,-0.07573613;-0.62247783,0.00980919,-0.07539376;-0.62247783,0.03041293,-0.07387096;-0.62247783,0.04766316,-0.07310087;-0.62247783,0.05022696,-0.07299551;-0.62247783,0.06258982,-0.07372954;-0.62247783,0.06662222,-0.07364448;-0.62247783,0.08014954,-0.07167281;-0.62247783,0.08556578,-0.06947644;-0.62247783,0.08969307,-0.06128039;-0.62247783,0.0908698,-0.05913569;-0.62247783,0.09323364,-0.05871385;-0.62247783,0.09841653,-0.06049126;-0.62247783,0.10508122,-0.06498292;-0.62247783,0.10992553,-0.06658295;-0.62247783,0.11939908,-0.07248459;-0.62247783,0.12684377,-0.07586105;-0.62247783,0.13298751,-0.07857511;-0.62247783,0.14530195,-0.08394284;-0.62247783,0.14922461,-0.08485151;-0.62247783,0.16134185,-0.08663841;-0.62247783,0.17043407,-0.09039161;-0.62247783,0.17715281,-0.09280061;-0.62247783,0.18906734,-0.0921681;-0.62247783,0.19266215,-0.09163454;-0.62247783,0.20042984,-0.091238;-0.62247783,0.20851773,-0.09181771;-0.62247783,0.22150314,-0.09502986;-0.62247783,0.2246671,-0.09589086;-0.62247783,0.23642788,-0.09761204;-0.62247783,0.24123904,-0.09787069;-0.62247783,0.25134347,-0.09726655;-0.62247783,0.25639903,-0.09708409;-0.62247783,0.25739472,-0.09742804;-0.62247783,0.26856673,-0.10345871;-0.62247783,0.27732249,-0.10915465;-0.62247783,0.27910856,-0.11131683;-0.62247783,0.28546746,-0.12410856;-0.62247783,0.28744552,-0.13209646;-0.62247783,0.28771935,-0.13916748;-0.62247783,0.28672518,-0.14203545;-0.62247783,0.28336716,-0.14453217;-0.62247783,0.27484396,-0.14980685;-0.62247783,0.27015615,-0.15601257;-0.62247783,0.26501723,-0.16382016;-0.62247783,0.26101011,-0.16821385;-0.62247783,0.25240402,-0.17536223;-0.62247783,0.24135494,-0.18506895;-0.62247783,0.23918205,-0.18732133;-0.62247783,0.2286864,-0.20216122;-0.62247783,0.2281707,-0.20307148;-0.62247783,0.22168356,-0.21766535;-0.62247783,0.22012723,-0.22303005;-0.62247783,0.21772092,-0.23249358;-0.62247783,0.21619064,-0.24093412;-0.62247783,0.21626569,-0.24582436;-0.62247783,0.21783358,-0.25871045;-0.62247783,0.21789757,-0.25981042;-0.62247783,0.21717885,-0.2738371;-0.62247783,0.21715991,-0.28132511;-0.62247783,0.21716583,-0.28946624;-0.62247783,0.2172452,-0.29814084;-0.62247783,0.21755724,-0.30228766;-0.62247783,0.21855433,-0.3153663;-0.62247783,0.21746613,-0.32845829;-0.62247783,0.2173319,-0.33636631;-0.62247783,0.21696351,-0.35069118;-0.62247783,0.21669141,-0.35354328;-0.62247783,0.21654595,-0.3579121;-0.62247783,0.21599915,-0.36809931;-0.62247783,0.2159213,-0.37708023;-0.62247783,0.21625624,-0.38431366;-0.62247783,0.2162871,-0.39470017;-0.62247783,0.2167164,-0.40162065;-0.62247783,0.21770305,-0.41418283;-0.62247783,0.21912803,-0.42189679;-0.62247783,0.22127516,-0.43140202;-0.62247783,0.22651836,-0.44577603;-0.62247783,0.22758829,-0.44803304;-0.62247783,0.23943234,-0.46599798;-0.62247783,0.24888358,-0.47702559;-0.62247783,0.25545532,-0.48353287;-0.62247783,0.27489069,-0.50137602;-0.62247783,0.2797377,-0.50624196;-0.62247783,0.29285414,-0.5281298;-0.62247783,0.2933893,-0.53577851;-0.62247783,0.28030953,-0.55566173;-0.62247783,0.27021732,-0.56299799;-0.62247783,0.25510417,-0.56968287;-0.62247783,0.24203615,-0.57125911
-0.62247783,-0.2290944,-0.38810012;-0.62247783,-0.22619218,-0.37087485;-0.62247783,-0.22549547,-0.36625727;-0.62247783,-0.22344266,-0.35385009;-0.62247783,-0.21930148,-0.33938937;-0.62247783,-0.21826523,-0.33600591;-0.62247783,-0.21755889,-0.33250851;-0.62247783,-0.21531285,-0.32004386;-0.62247783,-0.21247083,-0.31175811;-0.62247783,-0.20972583,-0.30624359;-0.62247783,-0.20727854,-0.29967085;-0.62247783,-0.20045349,-0.29637809;-0.62247783,-0.19195443,-0.2967111;-0.62247783,-0.18611672,-0.30094601;-0.62247783,-0.17881268,-0.30455718;-0.62247783,-0.17489878,-0.30621476;-0.62247783,-0.16466327,-0.31128331;-0.62247783,-0.15818774,-0.31645329;-0.62247783,-0.15145155,-0.32240704;-0.62247783,-0.14286188,-0.33102736;-0.62247783,-0.1394738,-0.33496555;-0.62247783,-0.13321922,-0.34212054;-0.62247783,-0.12934349,-0.34677561;-0.62247783,-0.1273531,-0.34920897;-0.62247783,-0.11616903,-0.36251209;-0.62247783,-0.11537776,-0.36345849;-0.62247783,-0.11447427,-0.36481651;-0.62247783,-0.10623443,-0.3782505;-0.62247783,-0.1045467,-0.38145791;-0.62247783,-0.10242582,-0.38658969;-0.62247783,-0.09906344,-0.39878049;-0.62247783,-0.09777193,-0.40761943;-0.62247783,-0.09775469,-0.41592847;-0.62247783,-0.09838187,-0.42240197;-0.62247783,-0.10072119,-0.43147775;-0.62247783,-0.10382217,-0.43794275;-0.62247783,-0.1113349,-0.44987149;-0.62247783,-0.11385064,-0.45289957;-0.62247783,-0.12481385,-0.46340467;-0.62247783,-0.13869527,-0.47431498;-0.62247783,-0.14631638,-0.48003271;-0.62247783,-0.15408314,-0.48505151;-0.62247783,-0.1661744,-0.48902837;-0.62247783,-0.17138589,-0.49005539;-0.62247783,-0.19005291,-0.49295906;-0.62247783,-0.21193388,-0.5005938;-0.62247783,-0.21683816,-0.50166677;-0.62247783,-0.22470635,-0.50123373;-0.62247783,-0.23394742,-0.49006558;-0.62247783,-0.22779647,-0.47951989;-0.62247783,-0.22733373,-0.4720862;-0.62247783,-0.22746483,-0.47116395;-0.62247783,-0.22814408,-0.46819394;-0.62247783,-0.23187837,-0.4516122;-0.62247783,-0.23235919,-0.44492041;-0.62247783,-0.23238417,-0.43004207;-0.62247783,-0.23219351,-0.42529317;-0.62247783,-0.23128018,-0.40978789;-0.62247783,-0.23098639,-0.40702283;-0.62247783,-0.22930354,-0.38976352
-0.62247783,-0.40599905,-0.53097328;-0.62247783,-0.38083325,-0.52381961;-0.62247783,-0.37684869,-0.52323708;-0.62247783,-0.36883376,-0.52469218;-0.62247783,-0.36402626,-0.53226923;-0.62247783,-0.3547842,-0.5456589;-0.62247783,-0.35139326,-0.55061707;-0.62247783,-0.34658937,-0.56598327;-0.62247783,-0.35476455,-0.57347933;-0.62247783,-0.36454698,-0.57569067;-0.62247783,-0.37712082,-0.57185221;-0.62247783,-0.39300035,-0.56404268;-0.62247783,-0.41298412,-0.54497698;-0.62247783,-0.41349523,-0.53588568
-0.62247783,-0.06932896,-0.23686549;-0.62247783,-0.06676204,-0.23249288;-0.62247783,-0.05729037,-0.2201044;-0.62247783,-0.05337431,-0.21605695;-0.62247783,-0.04157582,-0.20682141;-0.62247783,-0.03611073,-0.20350909;-0.62247783,-0.02293142,-0.19810429;-0.62247783,-0.01635489,-0.19656125;-0.62247783,-0.00242526,-0.19577931;-0.62247783,0.01838501,-0.1980599;-0.62247783,0.02391247,-0.19975604;-0.62247783,0.03743579,-0.20650674;-0.62247783,0.05430223,-0.21853788;-0.62247783,0.05767745,-0.22183879;-0.62247783,0.06745788,-0.23441474;-0.62247783,0.06991454,-0.23854071;-0.62247783,0.07606281,-0.25298738;-0.62247783,0.07756545,-0.25809726;-0.62247783,0.07972899,-0.27304494;-0.62247783,0.07987285,-0.2789515;-0.62247783,0.07810857,-0.29310142;-0.62247783,0.07637117,-0.29973619;-0.62247783,0.07107423,-0.31257054;-0.62247783,0.06761723,-0.31854374;-0.62247783,0.05922899,-0.32938884;-0.62247783,0.05376255,-0.33478177;-0.62247783,0.04271348,-0.34317335;-0.62247783,0.03614485,-0.34687372;-0.62247783,0.02309361,-0.35219009;-0.62247783,0.01621662,-0.35394594;-0.62247783,0.00230252,-0.35571905;-0.62247783,-0.00512846,-0.35571843;-0.62247783,-0.01870122,-0.35397202;-0.62247783,-0.02633574,-0.35202691;-0.62247783,-0.03848986,-0.3470048;-0.62247783,-0.04573876,-0.34275863;-0.62247783,-0.05569697,-0.33481847;-0.62247783,-0.0613426,-0.32852328;-0.62247783,-0.06831472,-0.31767601;-0.62247783,-0.0767409,-0.29811694;-0.62247783,-0.07827652,-0.29162684;-0.62247783,-0.07982765,-0.27712502;-0.62247783,-0.0794803,-0.27138592;-0.62247783,-0.07705561,-0.2562017;-0.62247783,-0.0755378,-0.25131588
-0.62247783,-0.13113893,0.07578236;-0.62247783,-0.13299906,0.0827947;-0.62247783,-0.12943435,0.0887966;-0.62247783,-0.12384853,0.09822581;-0.62247783,-0.12389844,0.11229181;-0.62247783,-0.12522146,0.11598687;-0.62247783,-0.13039266,0.12442436;-0.62247783,-0.13021972,0.13357352;-0.62247783,-0.12628135,0.13678159;-0.62247783,-0.12333167,0.13527152;-0.62247783,-0.12166064,0.13219464;-0.62247783,-0.11656071,0.11830089;-0.62247783,-0.11530471,0.11629581;-0.62247783,-0.11239343,0.10998345;-0.62247783,-0.11047491,0.09899227;-0.62247783,-0.11096524,0.09366861;-0.62247783,-0.10906059,0.08223136;-0.62247783,-0.10913202,0.07730232;-0.62247783,-0.11152112,0.07142303;-0.62247783,-0.11770252,0.06500348;-0.62247783,-0.12078057,0.06286598;-0.62247783,-0.12309973,0.06338125;-0.62247783,-0.12657328,0.06651018
-0.62247783,-0.06751969,0.40867084;-0.62247783,-0.06616377,0.40851794;-0.62247783,-0.04288717,0.40643068;-0.62247783,-0.03505746,0.40578777;-0.62247783,-0.02444656,0.40539501;-0.62247783,-0.01918202,0.40513849;-0.62247783,-0.01460277,0.40488458;-0.62247783,-0.00218414,0.40388879;-0.62247783,0.01049047,0.40418851;-0.62247783,0.01314068,0.40425016;-0.62247783,0.01678312,0.4044301;-0.62247783,0.02875377,0.40496047;-0.62247783,0.04420245,0.40632669;-0.62247783,0.05880404,0.40829724;-0.62247783,0.06185881,0.40861407;-0.62247783,0.06366818,0.40895528;-0.62247783,0.07691655,0.41154559;-0.62247783,0.08028513,0.41242291;-0.62247783,0.09006258,0.41542832;-0.62247783,0.09909869,0.41629126;-0.62247783,0.10446553,0.41759109;-0.62247783,0.10876393,0.41972168;-0.62247783,0.11825181,0.42418553;-0.62247783,0.13044014,0.42738132;-0.62247783,0.13271611,0.42779444;-0.62247783,0.13513483,0.42919104;-0.62247783,0.14715521,0.43601411;-0.62247783,0.15536451,0.43994982;-0.62247783,0.16191559,0.44272839;-0.62247783,0.17628022,0.44916698;-0.62247783,0.17832531,0.44990055;-0.62247783,0.19321063,0.45381568;-0.62247783,0.20996163,0.45908274;-0.62247783,0.22636571,0.46153928;-0.62247783,0.24575648,0.46625266;-0.62247783,0.25138111,0.46753564;-0.62247783,0.26171409,0.47182157;-0.62247783,0.27039341,0.47759959;-0.62247783,0.2820547,0.49024673;-0.62247783,0.2913967,0.49666786;-0.62247783,0.30286792,0.4957661;-0.62247783,0.31423772,0.48427704;-0.62247783,0.31930369,0.46735021;-0.62247783,0.32111766,0.45483896;-0.62247783,0.31954217,0.44521668;-0.62247783,0.3141937,0.43887179;-0.62247783,0.3039858,0.4211924;-0.62247783,0.2995314,0.40967074;-0.62247783,0.29729384,0.40506449;-0.62247783,0.29358413,0.40228256;-0.62247783,0.27987105,0.39501614;-0.62247783,0.26300614,0.3861153;-0.62247783,0.26053847,0.38483827;-0.62247783,0.24538465,0.3765288;-0.62247783,0.24295261,0.3753284;-0.62247783,0.23825142,0.3746483;-0.62247783,0.22892149,0.37309638;-0.62247783,0.22422516,0.37072495;-0.62247783,0.21322129,0.36462453;-0.62247783,0.20692114,0.36267613;-0.62247783,0.19792217,0.3602162;-0.62247783,0.19140038,0.35845657;-0.62247783,0.17849948,0.35534533;-0.62247783,0.1668897,0.35258517;-0.62247783,0.15976727,0.34868117;-0.62247783,0.15230297,0.34497569;-0.62247783,0.14217355,0.34257156;-0.62247783,0.1396796,0.34228815;-0.62247783,0.13729247,0.34084346;-0.62247783,0.12454327,0.33324848;-0.62247783,0.12104752,0.33139025;-0.62247783,0.10902971,0.32695671;-0.62247783,0.10048417,0.32640547;-0.62247783,0.09052616,0.32091993;-0.62247783,0.08711121,0.31961631;-0.62247783,0.08549578,0.31915422;-0.62247783,0.06140312,0.31262972;-0.62247783,0.0554311,0.31074485;-0.62247783,0.04529732,0.30659268;-0.62247783,0.03600453,0.30176206;-0.62247783,0.03313494,0.30039036;-0.62247783,0.02673104,0.30006314;-0.62247783,0.01878481,0.29969717;-0.62247783,0.01648819,0.29937187;-0.62247783,0.00198234,0.29636925;-0.62247783,-0.00876826,0.29222428;-0.62247783,-0.01186411,0.29192188;-0.62247783,-0.02992383,0.29665135;-0.62247783,-0.04559465,0.30031634;-0.62247783,-0.04937722,0.3006902;-0.62247783,-0.06062142,0.30085917;-0.62247783,-0.06537293,0.30182589;-0.62247783,-0.07404917,0.30461762;-0.62247783,-0.07875533,0.3061774;-0.62247783,-0.0870214,0.30901508;-0.62247783,-0.09363936,0.3110605;-0.62247783,-0.10156842,0.3134942;-0.62247783,-0.10783389,0.31758154;-0.62247783,-0.11836959,0.32509958;-0.62247783,-0.12928246,0.32886793;-0.62247783,-0.13532021,0.33098354;-0.62247783,-0.14299463,0.33409125;-0.62247783,-0.14926905,0.33652918;-0.62247783,-0.15587037,0.33962271;-0.62247783,-0.16045292,0.34013117;-0.62247783,-0.16759575,0.34314262;-0.62247783,-0.18166196,0.35211096;-0.62247783,-0.1841189,0.35383456;-0.62247783,-0.19305796,0.36392178;-0.62247783,-0.19515592,0.36558024;-0.62247783,-0.20902731,0.37161592;-0.62247783,-0.21688831,0.37577403;-0.62247783,-0.22645022,0.38161004;-0.62247783,-0.23266906,0.38430508;-0.62247783,-0.24186145,0.38799453;-0.62247783,-0.25340411,0.39212116;-0.62247783,-0.25993619,0.39424971;-0.62247783,-0.27552631,0.39808435;-0.62247783,-0.2766186,0.39830493;-0.62247783,-0.29630256,0.40204153;-0.62247783,-0.31235131,0.4007194;-0.62247783,-0.32377047,0.39967438;-0.62247783,-0.33159695,0.3990477;-0.62247783,-0.33643489,0.39993553;-0.62247783,-0.35766886,0.40633417;-0.62247783,-0.36068475,0.40704479;-0.62247783,-0.36380114,0.40635473;-0.62247783,-0.38868472,0.40079505;-0.62247783,-0.41130203,0.39997689;-0.62247783,-0.41742427,0.39984653;-0.62247783,-0.42715775,0.39738604;-0.62247783,-0.4424193,0.39050003;-0.62247783,-0.46106287,0.38040943;-0.62247783,-0.47247284,0.37502723;-0.62247783,-0.48067082,0.37220553;-0.62247783,-0.50108606,0.36112487;-0.62247783,-0.51810482,0.34062877;-0.62247783,-0.52001351,0.33819287;-0.62247783,-0.52247084,0.33718163;-0.62247783,-0.52922952,0.33640853;-0.62247783,-0.55237279,0.33693093;-0.62247783,-0.56910887,0.33156717;-0.62247783,-0.5824455,0.32836657;-0.62247783,-0.59073318,0.34037817;-0.62247783,-0.59187199,0.34423495;-0.62247783,-0.59786624,0.37267919;-0.62247783,-0.59937485,0.38454218;-0.62247783,-0.60255067,0.41046918;-0.62247783,-0.60307068,0.42640601;-0.62247783,-0.60224144,0.4514892;-0.62247783,-0.6020743,0.46618368;-0.62247783,-0.60215277,0.48632017;-0.62247783,-0.60068917,0.49323064;-0.62247783,-0.59602667,0.49527312;-0.62247783,-0.58223592,0.49763368;-0.62247783,-0.5740085,0.4980893;-0.62247783,-0.557292,0.49798938;-0.62247783,-0.54435079,0.49980165;-0.62247783,-0.52795293,0.50705272;-0.62247783,-0.51483711,0.52218084;-0.62247783,-0.5081057,0.53153637;-0.62247783,-0.49770264,0.534544;-0.62247783,-0.47641882,0.536601;-0.62247783,-0.46484677,0.53668903;-0.62247783,-0.43712846,0.53500288;-0.62247783,-0.42802695,0.53424701;-0.62247783,-0.39592034,0.52974694;-0.62247783,-0.39180699,0.52897688;-0.62247783,-0.37560654,0.52327753;-0.62247783,-0.33276782,0.50224481;-0.62247783,-0.33048771,0.50154342;-0.62247783,-0.30306414,0.50101494;-0.62247783,-0.28689831,0.49655804;-0.62247783,-0.2577172,0.4877945;-0.62247783,-0.24507806,0.48498308;-0.62247783,-0.23147076,0.47868981;-0.62247783,-0.22309707,0.46990219;-0.62247783,-0.21347349,0.45786374;-0.62247783,-0.21200364,0.45576461;-0.62247783,-0.20946848,0.453791;-0.62247783,-0.19686478,0.44706822;-0.62247783,-0.17703175,0.43697977;-0.62247783,-0.17149959,0.43439878;-0.62247783,-0.16168704,0.4300817;-0.62247783,-0.1487488,0.42495123;-0.62247783,-0.1464033,0.42414212;-0.62247783,-0.14027198,0.42174647;-0.62247783,-0.13156693,0.41973857;-0.62247783,-0.11864287,0.42030012;-0.62247783,-0.11320739,0.41963583;-0.62247783,-0.10982331,0.41850728;-0.62247783,-0.09922028,0.41413863;-0.62247783,-0.08653583,0.41187405
-0.62247783,-0.07098608,0.08687558;-0.62247783,-0.07092342,0.09650274;-0.62247783,-0.06929941,0.10417506;-0.62247783,-0.06242042,0.11427734;-0.62247783,-0.0585204,0.11657048;-0.62247783,-0.04733574,0.11912682;-0.62247783,-0.03376926,0.12132118;-0.62247783,-0.03096095,0.12198036;-0.62247783,-0.01365227,0.12671138;-0.62247783,-0.00884308,0.12703128;-0.62247783,0.00518423,0.12565947;-0.62247783,0.01940412,0.12306217;-0.62247783,0.02094946,0.12328706;-0.62247783,0.03413336,0.12780779;-0.62247783,0.04112646,0.1278778;-0.62247783,0.05487165,0.12698557;-0.62247783,0.05783567,0.12644318;-0.62247783,0.06159492,0.1250027;-0.62247783,0.07307144,0.1193308;-0.62247783,0.0767649,0.11686768;-0.62247783,0.08582638,0.10950029;-0.62247783,0.09237805,0.10051675;-0.62247783,0.09002427,0.09007665;-0.62247783,0.08460001,0.08098769;-0.62247783,0.07881608,0.07318573;-0.62247783,0.07726457,0.07176694;-0.62247783,0.07464421,0.07112773;-0.62247783,0.06311226,0.07077674;-0.62247783,0.04736708,0.06859323;-0.62247783,0.04556579,0.06790716;-0.62247783,0.03413607,0.06119967;-0.62247783,0.02485579,0.05870437;-0.62247783,0.01028168,0.05574256;-0.62247783,0.00840691,0.05512691;-0.62247783,-0.006141,0.04803479;-0.62247783,-0.01117049,0.04617476;-0.62247783,-0.02667346,0.0425892;-0.62247783,-0.02845396,0.04251433;-0.62247783,-0.02939934,0.04393117;-0.62247783,-0.03522413,0.05703803;-0.62247783,-0.04694033,0.06518215;-0.62247783,-0.05238448,0.06688325;-0.62247783,-0.06016926,0.06914919;-0.62247783,-0.06866526,0.07816981
-0.62247783,0.15947698,0.11870861;-0.62247783,0.15420573,0.12896863;-0.62247783,0.15413727,0.13087758;-0.62247783,0.15581788,0.13100087;-0.62247783,0.15948139,0.12964363;-0.62247783,0.1662341,0.12628668;-0.62247783,0.17619946,0.12367674;-0.62247783,0.18126267,0.13079267;-0.62247783,0.18678355,0.13722651;-0.62247783,0.19831826,0.14196156;-0.62247783,0.20098645,0.14332076;-0.62247783,0.2021283,0.14552969;-0.62247783,0.20351953,0.15215508;-0.62247783,0.20438735,0.16110347;-0.62247783,0.20800878,0.16692199;-0.62247783,0.21166178,0.16897732;-0.62247783,0.22599656,0.17755663;-0.62247783,0.22953949,0.17840256;-0.62247783,0.2439642,0.17684029;-0.62247783,0.24540987,0.17666352;-0.62247783,0.25936057,0.17464438;-0.62247783,0.26273652,0.17396451;-0.62247783,0.27526411,0.17096965;-0.62247783,0.28735803,0.16693877;-0.62247783,0.29004903,0.16566362;-0.62247783,0.29109924,0.16499959;-0.62247783,0.30280633,0.15753261;-0.62247783,0.30949971,0.15286647;-0.62247783,0.31491902,0.14440875;-0.62247783,0.31616105,0.14112662;-0.62247783,0.31860386,0.13031428;-0.62247783,0.31941167,0.12482137;-0.62247783,0.32034836,0.11710993;-0.62247783,0.32277645,0.10490009;-0.62247783,0.32331981,0.10193198;-0.62247783,0.32259819,0.09981166;-0.62247783,0.32048162,0.09746728;-0.62247783,0.30876483,0.08769027;-0.62247783,0.30335443,0.08440174;-0.62247783,0.2876949,0.07728158;-0.62247783,0.28548672,0.07656722;-0.62247783,0.27055802,0.07363396;-0.62247783,0.25847539,0.07383744;-0.62247783,0.25518581,0.07451183;-0.62247783,0.24167542,0.08033536;-0.62247783,0.23412575,0.08282239;-0.62247783,0.22100078,0.08583033;-0.62247783,0.21737426,0.08706744;-0.62247783,0.20419226,0.09329528;-0.62247783,0.19617593,0.09889368;-0.62247783,0.18124114,0.10915805;-0.62247783,0.17948098,0.10991591;-0.62247783,0.16538445,0.11371495
-0.62247783,0.59829594,0.41189982;-0.62247783,0.5973433,0.38351769;-0.62247783,0.59690011,0.37294174;-0.62247783,0.59476159,0.3434005;-0.62247783,0.59414,0.33591952;-0.62247783,0.59012243,0.30412977;-0.62247783,0.58975789,0.30204295;-0.62247783,0.58629404,0.29499872;-0.62247783,0.580973,0.30082674;-0.62247783,0.57536087,0.30885903;-0.62247783,0.5641225,0.32573338;-0.62247783,0.54402905,0.35083219;-0.62247783,0.52431919,0.37046146;-0.62247783,0.51995275,0.37545577;-0.62247783,0.51391906,0.38564645;-0.62247783,0.50598932,0.40407927;-0.62247783,0.49981342,0.41877634;-0.62247783,0.49377533,0.43620016;-0.62247783,0.49832599,0.45092829;-0.62247783,0.50898112,0.46278065;-0.62247783,0.51936713,0.47247761;-0.62247783,0.53105397,0.4809172;-0.62247783,0.5408645,0.48478366;-0.62247783,0.54215882,0.48489507;-0.62247783,0.56610941,0.48395685;-0.62247783,0.58730656,0.49010089;-0.62247783,0.59320032,0.48986711;-0.62247783,0.59441105,0.48597451;-0.62247783,0.59732642,0.45947736
-0.62247783,0.45347445,-0.45967177;-0.62247783,0.43326822,-0.46354708;-0.62247783,0.42729738,-0.46247488;-0.62247783,0.40747813,-0.44958703;-0.62247783,0.39586223,-0.42614449;-0.62247783,0.39428268,-0.42026378;-0.62247783,0.39502409,-0.39775583;-0.62247783,0.39580323,-0.37777117;-0.62247783,0.39688772,-0.37029382;-0.62247783,0.39893236,-0.36178955;-0.62247783,0.40785654,-0.3344169;-0.62247783,0.41353408,-0.32046435;-0.62247783,0.41530017,-0.31693699;-0.62247783,0.41686078,-0.31496364;-0.62247783,0.43114976,-0.30053852;-0.62247783,0.43213977,-0.29984602;-0.62247783,0.45293356,-0.28999654;-0.62247783,0.45779763,-0.28836561;-0.62247783,0.46707358,-0.28902251;-0.62247783,0.50061366,-0.29889646;-0.62247783,0.5142869,-0.30704824;-0.62247783,0.52643291,-0.32118695;-0.62247783,0.5404542,-0.35073726;-0.62247783,0.54422688,-0.38462633;-0.62247783,0.54302203,-0.38897102;-0.62247783,0.5279869,-0.41058602;-0.62247783,0.51833867,-0.42035861;-0.62247783,0.50360787,-0.4334391;-0.62247783,0.48437741,-0.44557227;-0.62247783,0.46639757,-0.45513592
-0.62247783,-0.27989923,-0.5469987;-0.62247783,-0.28050341,-0.54713322;-0.62247783,-0.28060599,-0.54619448;-0.62247783,-0.27965789,-0.54489289;-0.62247783,-0.27873302,-0.54558269
-0.62247783,0.00267816,0.07393377;-0.62247783,0.00484571,0.08056906;-0.62247783,0.00456447,0.09002043;-0.62247783,-0.00174847,0.09121804;-0.62247783,-0.00500407,0.08728657;-0.62247783,-0.00696801,0.08317496;-0.62247783,-0.00878883,0.07510645;-0.62247783,-0.01132478,0.0686177;-0.62247783,-0.0060415,0.06546728;-0.62247783,0.00056497,0.06671862
-0.62247783,0.12131366,0.0999976;-0.62247783,0.12037194,0.09988888;-0.62247783,0.11858734,0.10102426;-0.62247783,0.12043445,0.10199339;-0.62247783,0.12179976,0.10232922;-0.62247783,0.12209322,0.10071556
-0.41516642,-0.62247783,0.13066983;-0.42549907,-0.62247783,0.14623701;-0.43533564,-0.62247783,0.16030775;-0.43765035,-0.62247783,0.16330645;-0.44848638,-0.62247783,0.17571467;-0.45074703,-0.62247783,0.17799273;-0.46518412,-0.62247783,0.19033816;-0.4669636,-0.62247783,0.1916872;-0.47959672,-0.62247783,0.20109513;-0.48506968,-0.62247783,0.20581686;-0.49748861,-0.62247783,0.21740867;-0.50480829,-0.62247783,0.22793511;-0.51577162,-0.62247783,0.2541183;-0.51716845,-0.62247783,0.25799465;-0.51868595,-0.62247783,0.26045911;-0.55613521,-0.62247783,0.31688154;-0.55694086,-0.62247783,0.31795357;-0.57668585,-0.62247783,0.3381524;-0.58477422,-0.62247783,0.34450905;-0.58990842,-0.62247783,0.33712688;-0.59051579,-0.62247783,0.33452646;-0.59542635,-0.62247783,0.30387243;-0.5964208,-0.62247783,0.29489605;-0.59968558,-0.62247783,0.26631044;-0.60067896,-0.62247783,0.2532787;-0.60282656,-0.62247783,0.2287814;-0.60369876,-0.62247783,0.2128273;-0.60509784,-0.62247783,0.19160029;-0.60585863,-0.62247783,0.1727375;-0.60693212,-0.62247783,0.15253498;-0.60748755,-0.62247783,0.13223055;-0.60803732,-0.62247783,0.11333976;-0.60848289,-0.62247783,0.09268592;-0.60912105,-0.62247783,0.07558706;-0.6100885,-0.62247783,0.01549744;-0.61052137,-0.62247783,-0.00143792;-0.61052937,-0.62247783,-0.02319693;-0.6101094,-0.62247783,-0.04062832;-0.60968382,-0.62247783,-0.06244025;-0.60900138,-0.62247783,-0.08139721;-0.60844558,-0.62247783,-0.10168942;-0.60753575,-0.62247783,-0.12107032;-0.60643462,-0.62247783,-0.14102533;-0.60391923,-0.62247783,-0.16260718;-0.60217645,-0.62247783,-0.17902524;-0.59769127,-0.62247783,-0.20336896;-0.59540497,-0.62247783,-0.2129306;-0.58302473,-0.62247783,-0.24246269;-0.58230876,-0.62247783,-0.24303898;-0.55215693,-0.62247783,-0.2496432;-0.53340066,-0.62247783,-0.25255083;-0.51882799,-0.62247783,-0.25390685;-0.5021101,-0.62247783,-0.25275035;-0.48479077,-0.62247783,-0.24951625;-0.46991087,-0.62247783,-0.24779205;-0.4621213,-0.62247783,-0.24490836;-0.45897863,-0.62247783,-0.24222238;-0.45244955,-0.62247783,-0.23197274;-0.4502527,-0.62247783,-0.22775097;-0.44864058,-0.62247783,-0.22539155;-0.43808537,-0.62247783,-0.21200794;-0.43687026,-0.62247783,-0.21044101;-0.42626286,-0.62247783,-0.19509797;-0.41989347,-0.62247783,-0.18146946;-0.41613858,-0.62247783,-0.17398437;-0.41287756,-0.62247783,-0.16690076;-0.41267567,-0.62247783,-0.15982872;-0.41162895,-0.62247783,-0.15190731;-0.40928234,-0.62247783,-0.14584772;-0.4074661,-0.62247783,-0.13908608;-0.40884474,-0.62247783,-0.13365;-0.41463397,-0.62247783,-0.12073171;-0.41484282,-0.62247783,-0.11948867;-0.41367604,-0.62247783,-0.10762909;-0.4155814,-0.62247783,-0.09861328;-0.41839866,-0.62247783,-0.08918871;-0.41878992,-0.62247783,-0.08417163;-0.41836819,-0.62247783,-0.07601174;-0.4207799,-0.62247783,-0.06529821;-0.4234153,-0.62247783,-0.05698893;-0.42396171,-0.62247783,-0.05132928;-0.4230328,-0.62247783,-0.04231674;-0.4239777,-0.62247783,-0.03144895;-0.42488468,-0.62247783,-0.02422466;-0.42450537,-0.62247783,-0.01698076;-0.42340056,-0.62247783,-0.01015089;-0.42387316,-0.62247783,0.00250111;-0.42431992,-0.62247783,0.00760093;-0.4236458,-0.62247783,0.01637878;-0.4222926,-0.62247783,0.02291342;-0.42144615,-0.62247783,0.03665072;-0.42129289,-0.62247783,0.04031107;-0.41952638,-0.62247783,0.0500302;-0.41828537,-0.62247783,0.05495719;-0.41749894,-0.62247783,0.06934499;-0.41762438,-0.62247783,0.07332092;-0.41684072,-0.62247783,0.0823691;-0.4152563,-0.62247783,0.08910748;-0.41555176,-0.62247783,0.10042118;-0.41890459,-0.62247783,0.11355934;-0.41935463,-0.62247783,0.11545201;-0.4191767,-0.62247783,0.11794662;-0.4160826,-0.62247783,0.12407146;-0.41439112,-0.62247783,0.12866856
0.42930579,-0.62247783,0.10206639;0.42888642,-0.62247783,0.08969883;0.42914718,-0.62247783,0.08611592;0.43086769,-0.62247783,0.07444873;0.43131033,-0.62247783,0.06987715;0.43314872,-0.62247783,0.05429079;0.43534676,-0.62247783,0.0400464;0.43572159,-0.62247783,0.03520239;0.43681835,-0.62247783,0.02051348;0.43717892,-0.62247783,0.01714899;0.43823967,-0.62247783,0.00629849;0.43843324,-0.62247783,0.00022515;0.43868358,-0.62247783,-0.01234995;0.43893279,-0.62247783,-0.01760923;0.43927934,-0.62247783,-0.02770979;0.43900629,-0.62247783,-0.03538792;0.43836064,-0.62247783,-0.04578903;0.43816779,-0.62247783,-0.05331362;0.43796828,-0.62247783,-0.06122798;0.43695237,-0.62247783,-0.07176932;0.43613698,-0.62247783,-0.07957568;0.43578597,-0.62247783,-0.09095489;0.43557648,-0.62247783,-0.09556208;0.43441514,-0.62247783,-0.11232209;0.43462709,-0.62247783,-0.11888381;0.43589837,-0.62247783,-0.12813163;0.43726151,-0.62247783,-0.1347986;0.43949013,-0.62247783,-0.14339317;0.44570768,-0.62247783,-0.15861897;0.45301049,-0.62247783,-0.17254686;0.45447016,-0.62247783,-0.17440738;0.46743647,-0.62247783,-0.18595522;0.47875896,-0.62247783,-0.19154345;0.48821515,-0.62247783,-0.19641198;0.50431837,-0.62247783,-0.20982041;0.510997,-0.62247783,-0.2137385;0.51576705,-0.62247783,-0.21495893;0.52412236,-0.62247783,-0.2142598;0.54886002,-0.62247783,-0.20991812;0.57648638,-0.62247783,-0.20115157;0.58162847,-0.62247783,-0.19717806;0.59233756,-0.62247783,-0.17457165;0.59463531,-0.62247783,-0.16574754;0.60093413,-0.62247783,-0.13721122;0.60274381,-0.62247783,-0.12298051;0.6055839,-0.62247783,-0.09933534;0.60638904,-0.62247783,-0.08127576;0.60647095,-0.62247783,-0.0618075;0.60674744,-0.62247783,-0.04314905;0.60756585,-0.62247783,-0.0221582;0.60801141,-0.62247783,-0.00252656;0.60853552,-0.62247783,0.01567927;0.60862882,-0.62247783,0.03613078;0.6083542,-0.62247783,0.05518145;0.60842752,-0.62247783,0.07450065;0.60891511,-0.62247783,0.09324027;0.60884094,-0.62247783,0.11460679;0.60818665,-0.62247783,0.13183485;0.60743499,-0.62247783,0.15445301;0.60627511,-0.62247783,0.17199884;0.60404086,-0.62247783,0.23145063;0.60262945,-0.62247783,0.25145827;0.6006661,-0.62247783,0.30735274;0.59949986,-0.62247783,0.33269271;0.59906776,-0.62247783,0.34532571;0.59787523,-0.62247783,0.37184181;0.59711684,-0.62247783,0.38265203;0.59328298,-0.62247783,0.41092402;0.59223984,-0.62247783,0.41533351;0.58425389,-0.62247783,0.42756092;0.57285795,-0.62247783,0.42081166;0.55819923,-0.62247783,0.41300811;0.54586202,-0.62247783,0.40282247;0.52895174,-0.62247783,0.38056609;0.5279174,-0.62247783,0.37659904;0.52537711,-0.62247783,0.34044279;0.52436335,-0.62247783,0.33484556;0.52201915,-0.62247783,0.32975916;0.50991419,-0.62247783,0.30450287;0.50821338,-0.62247783,0.28734898;0.50451367,-0.62247783,0.2744255;0.49411094,-0.62247783,0.26234338;0.48743165,-0.62247783,0.25537416;0.48542234,-0.62247783,0.24893228;0.48395738,-0.62247783,0.24166451;0.48039907,-0.62247783,0.22232608;0.47263501,-0.62247783,0.20758011;0.47196433,-0.62247783,0.20665976;0.46299237,-0.62247783,0.19684175;0.4599068,-0.62247783,0.1921632;0.45405152,-0.62247783,0.17971147;0.45274537,-0.62247783,0.17660455;0.45177427,-0.62247783,0.17501213;0.44367661,-0.62247783,0.16097777;0.43758405,-0.62247783,0.14619605;0.43250348,-0.62247783,0.13402381;0.43150054,-0.62247783,0.13116403;0.43109402,-0.62247783,0.12792632;0.43043337,-0.62247783,0.11684952;0.43025242,-0.62247783,0.11229742
0.1032296,-0.62247783,0.52046616;0.07767987,-0.62247783,0.52868028;0.07326444,-0.62247783,0.52925388;0.0690898,-0.62247783,0.53151815;0.05791124,-0.62247783,0.53503754;0.03926851,-0.62247783,0.53939337;0.03246726,-0.62247783,0.54021304;0.00238328,-0.62247783,0.54282869;-0.00718842,-0.62247783,0.54307853;-0.03611431,-0.62247783,0.54214739;-0.04365578,-0.62247783,0.54168425;-0.07187264,-0.62247783,0.53835301;-0.07813776,-0.62247783,0.53720959;-0.10642339,-0.62247783,0.53003919;-0.11104188,-0.62247783,0.52850076;-0.11310447,-0.62247783,0.52643541;-0.11519802,-0.62247783,0.5254921;-0.13406496,-0.62247783,0.5114692;-0.13783361,-0.62247783,0.49677526;-0.13115888,-0.62247783,0.48509233;-0.11957273,-0.62247783,0.47524001;-0.11306651,-0.62247783,0.47196728;-0.10548848,-0.62247783,0.46998222;-0.10182331,-0.62247783,0.46968677;-0.08892593,-0.62247783,0.46876862;-0.07287201,-0.62247783,0.46670316;-0.05754576,-0.62247783,0.4651652;-0.05645584,-0.62247783,0.46517592;-0.03897637,-0.62247783,0.467022;-0.03684805,-0.62247783,0.46710359;-0.01982831,-0.62247783,0.46666238;-0.01642434,-0.62247783,0.46640914;-0.00322309,-0.62247783,0.4652137;-0.00127915,-0.62247783,0.46522424;0.0080411,-0.62247783,0.4662025;0.0175305,-0.62247783,0.46741734;0.033068,-0.62247783,0.46892345;0.03801224,-0.62247783,0.46894045;0.0517318,-0.62247783,0.46788049;0.05547646,-0.62247783,0.46789726;0.06851182,-0.62247783,0.46913585;0.0798125,-0.62247783,0.47142223;0.08519776,-0.62247783,0.47255621;0.09656474,-0.62247783,0.47447137;0.10203836,-0.62247783,0.47568827;0.10615959,-0.62247783,0.4768489;0.11830484,-0.62247783,0.48058249;0.12808464,-0.62247783,0.48562721;0.1350555,-0.62247783,0.48950507;0.14246118,-0.62247783,0.49034531;0.15249279,-0.62247783,0.49352019;0.15536399,-0.62247783,0.49560101;0.1552473,-0.62247783,0.49821692;0.15160839,-0.62247783,0.50039254;0.13340309,-0.62247783,0.50782262;0.12741398,-0.62247783,0.51030992;0.11116423,-0.62247783,0.51645662
-0.16179667,-0.62247783,0.49589694;-0.16826733,-0.62247783,0.50073182;-0.17382165,-0.62247783,0.49879905;-0.17496367,-0.62247783,0.49537897;-0.17172973,-0.62247783,0.49191142;-0.16669492,-0.62247783,0.491539
0.62247783,-0.04166693,-0.14318529;0.62247783,-0.03868859,-0.14389397;0.62247783,-0.02982691,-0.14468112;0.62247783,-0.02195361,-0.14461909;0.62247783,-0.01837767,-0.14416753;0.62247783,-0.01484838,-0.14465803;0.62247783,-0.0070403,-0.14469316;0.62247783,0.00456325,-0.14368585;0.62247783,0.01204881,-0.14320966;0.62247783,0.01668387,-0.14284972;0.62247783,0.0212005,-0.14429338;0.62247783,0.02708133,-0.14555587;0.62247783,0.0313904,-0.14576144;0.62247783,0.04029685,-0.14503738;0.62247783,0.04175233,-0.14494601;0.62247783,0.05455296,-0.14365268;0.62247783,0.05778563,-0.14400721;0.62247783,0.07058483,-0.14599122;0.62247783,0.07589109,-0.14610997;0.62247783,0.07931604,-0.1459525;0.62247783,0.09424895,-0.14439377;0.62247783,0.10060872,-0.14439265;0.62247783,0.10741723,-0.14447818;0.62247783,0.11319366,-0.14568929;0.62247783,0.1237249,-0.1487703;0.62247783,0.13041221,-0.15049383;0.62247783,0.13964958,-0.15336597;0.62247783,0.14888775,-0.16087242;0.62247783,0.15280807,-0.1725692;0.62247783,0.15338338,-0.17520924;0.62247783,0.15504143,-0.17850255;0.62247783,0.16037507,-0.1873165;0.62247783,0.16643059,-0.1946043;0.62247783,0.17048005,-0.20265327;0.62247783,0.16901068,-0.2112972;0.62247783,0.1644664,-0.22033255;0.62247783,0.16301564,-0.22675852;0.62247783,0.16319628,-0.23305231;0.62247783,0.16320977,-0.24134326;0.62247783,0.16362547,-0.24684214;0.62247783,0.16200481,-0.25136562;0.62247783,0.15952722,-0.26045678;0.62247783,0.15917571,-0.26739171;0.62247783,0.15864119,-0.27658971;0.62247783,0.15656599,-0.28536551;0.62247783,0.15455899,-0.29226136;0.62247783,0.15390838,-0.30338122;0.62247783,0.15354247,-0.30844284;0.62247783,0.15219507,-0.32165883;0.62247783,0.15214817,-0.32557252;0.62247783,0.15331819,-0.33649309;0.62247783,0.15444057,-0.34211983;0.62247783,0.15421605,-0.34709537;0.62247783,0.15211602,-0.35895448;0.62247783,0.15139091,-0.36353608;0.62247783,0.14754347,-0.37806406;0.62247783,0.14725974,-0.3792343;0.62247783,0.14715191,-0.38209635;0.62247783,0.14601648,-0.39374481;0.62247783,0.14225863,-0.4012532;0.62247783,0.13512214,-0.40935678;0.62247783,0.13280438,-0.41202294;0.62247783,0.12980303,-0.4155973;0.62247783,0.12398947,-0.42481713;0.62247783,0.1163426,-0.43554029;0.62247783,0.11530799,-0.43699355;0.62247783,0.1139922,-0.43875124;0.62247783,0.10572626,-0.45054115;0.62247783,0.10108285,-0.45693187;0.62247783,0.09618384,-0.46450073;0.62247783,0.08703861,-0.47863318;0.62247783,0.08220449,-0.48709805;0.62247783,0.0783215,-0.49447081;0.62247783,0.07763136,-0.49656455;0.62247783,0.07865801,-0.49864809;0.62247783,0.08582936,-0.51269076;0.62247783,0.09624111,-0.52824004;0.62247783,0.09949366,-0.5309489;0.62247783,0.10282002,-0.53416379;0.62247783,0.12451363,-0.54601094;0.62247783,0.14877065,-0.55743304;0.62247783,0.15091594,-0.55834681;0.62247783,0.15317779,-0.55900775;0.62247783,0.17894617,-0.56563204;0.62247783,0.20838287,-0.5758642;0.62247783,0.21018064,-0.57644818;0.62247783,0.21316014,-0.57725533;0.62247783,0.24105466,-0.5839265;0.62247783,0.26188328,-0.58949737;0.62247783,0.27031026,-0.5917274;0.62247783,0.29723372,-0.59974677;0.62247783,0.32290371,-0.60628052;0.62247783,0.34538301,-0.61081;0.62247783,0.35903703,-0.61234265;0.62247783,0.37025229,-0.61274818;0.62247783,0.38871341,-0.61271097;0.62247783,0.42410598,-0.61052333;0.62247783,0.44069636,-0.60705295;0.62247783,0.45041291,-0.60444177;0.62247783,0.45676382,-0.60196473;0.62247783,0.48199175,-0.59098473;0.62247783,0.49308412,-0.58302178;0.62247783,0.51227324,-0.56272922;0.62247783,0.51533323,-0.55862519;0.62247783,0.51775852,-0.55251071;0.62247783,0.52515149,-0.52640753;0.62247783,0.52647119,-0.51586113;0.62247783,0.52481706,-0.48996316;0.62247783,0.52175465,-0.48092261;0.62247783,0.50238409,-0.45787663;0.62247783,0.48268574,-0.44675453;0.62247783,0.46403783,-0.44139829;0.62247783,0.4488725,-0.44066201;0.62247783,0.43486686,-0.44445448;0.62247783,0.42039975,-0.44941839;0.62247783,0.39897378,-0.45614673;0.62247783,0.38829607,-0.45895302;0.62247783,0.36421383,-0.46278524;0.62247783,0.34355459,-0.46169947;0.62247783,0.33318984,-0.46077923;0.62247783,0.30465209,-0.45772974;0.62247783,0.27935714,-0.45576544;0.62247783,0.26389661,-0.45220728;0.62247783,0.25754125,-0.45146503;0.62247783,0.24787213,-0.4502971;0.62247783,0.23365154,-0.44369009;0.62247783,0.2281619,-0.44014501;0.62247783,0.21714711,-0.43251988;0.62247783,0.21246675,-0.42746037;0.62247783,0.20717311,-0.41921723;0.62247783,0.20517314,-0.41132923;0.62247783,0.20373983,-0.40190985;0.62247783,0.2036534,-0.39350128;0.62247783,0.20315187,-0.38500095;0.62247783,0.20448377,-0.37642495;0.62247783,0.20956636,-0.36801622;0.62247783,0.21057059,-0.36625947;0.62247783,0.21149774,-0.36225819;0.62247783,0.21076337,-0.35399372;0.62247783,0.21581184,-0.34692738;0.62247783,0.21871424,-0.33546787;0.62247783,0.22063561,-0.32976308;0.62247783,0.22348256,-0.32317378;0.62247783,0.2291186,-0.30941471;0.62247783,0.23058817,-0.30496991;0.62247783,0.23208532,-0.30112375;0.62247783,0.23431975,-0.29254534;0.62247783,0.23664074,-0.28299344;0.62247783,0.2373676,-0.27911314;0.62247783,0.23936752,-0.2741241;0.62247783,0.24162247,-0.26693852;0.62247783,0.2420782,-0.26283807;0.62247783,0.24340996,-0.25302839;0.62247783,0.24605709,-0.24420261;0.62247783,0.24442733,-0.23308225;0.62247783,0.24432475,-0.23167596;0.62247783,0.24462962,-0.23048569;0.62247783,0.24884723,-0.21767962;0.62247783,0.25280539,-0.20882341;0.62247783,0.25778238,-0.20162345;0.62247783,0.26353301,-0.19414899;0.62247783,0.26939835,-0.18506338;0.62247783,0.27344282,-0.17901546;0.62247783,0.27913462,-0.17171471;0.62247783,0.2848669,-0.16568419;0.62247783,0.29739907,-0.16030748;0.62247783,0.30032949,-0.15959585;0.62247783,0.30240204,-0.15795925;0.62247783,0.31267011,-0.15237784;0.62247783,0.31610207,-0.14931626;0.62247783,0.31605419,-0.14150547;0.62247783,0.31219103,-0.13771864;0.62247783,0.30838576,-0.13403966;0.62247783,0.30633528,-0.12486491;0.62247783,0.30762424,-0.11845234;0.62247783,0.31597415,-0.11775001;0.62247783,0.32112636,-0.12384772;0.62247783,0.32502252,-0.12891382;0.62247783,0.33121463,-0.12761752;0.62247783,0.33312822,-0.12421038;0.62247783,0.33066245,-0.11920077;0.62247783,0.32595852,-0.10899899;0.62247783,0.32505629,-0.10357908;0.62247783,0.3193941,-0.10083725;0.62247783,0.30823631,-0.09247496;0.62247783,0.30524487,-0.09118379;0.62247783,0.30365707,-0.0913428;0.62247783,0.28981794,-0.09532273;0.62247783,0.27899304,-0.10203754;0.62247783,0.26876946,-0.10403072;0.62247783,0.26444411,-0.10524659;0.62247783,0.25308849,-0.10646851;0.62247783,0.24920521,-0.10661724;0.62247783,0.24068722,-0.10703953;0.62247783,0.22949237,-0.10582503;0.62247783,0.22524717,-0.10454544;0.62247783,0.21540276,-0.09888606;0.62247783,0.2088232,-0.09515282;0.62247783,0.1999963,-0.09091646;0.62247783,0.19307686,-0.08823643;0.62247783,0.18230588,-0.08313021;0.62247783,0.17900107,-0.080554;0.62247783,0.17020413,-0.07335099;0.62247783,0.16587664,-0.07096894;0.62247783,0.16221295,-0.06992636;0.62247783,0.15428193,-0.07172965;0.62247783,0.14567362,-0.07620169;0.62247783,0.13720136,-0.06996541;0.62247783,0.12480545,-0.06288741;0.62247783,0.11463946,-0.05558346;0.62247783,0.1071633,-0.05185162;0.62247783,0.09851819,-0.05019857;0.62247783,0.08999731,-0.0507394;0.62247783,0.07737894,-0.05168673;0.62247783,0.07174295,-0.05219247;0.62247783,0.06006266,-0.05419258;0.62247783,0.05659819,-0.05438401;0.62247783,0.05292806,-0.05711477;0.62247783,0.04346745,-0.06268886;0.62247783,0.03516782,-0.06572471;0.62247783,0.02908838,-0.06718618;0.62247783,0.02440484,-0.06930534;0.62247783,0.01048376,-0.07101462;0.62247783,-0.00242304,-0.07136218;0.62247783,-0.00524609,-0.07143225;0.62247783,-0.01375953,-0.07073899;0.62247783,-0.02110113,-0.0694377;0.62247783,-0.02509214,-0.06950908;0.62247783,-0.02867646,-0.07052489;0.62247783,-0.04176854,-0.07155046;0.62247783,-0.0524964,-0.07067294;0.62247783,-0.05824652,-0.06661364;0.62247783,-0.06417813,-0.06179494;0.62247783,-0.07265814,-0.0578918;0.62247783,-0.08196724,-0.05274669;0.62247783,-0.08976606,-0.05081337;0.62247783,-0.09945421,-0.05344022;0.62247783,-0.10587373,-0.05905315;0.62247783,-0.11781357,-0.06492886;0.62247783,-0.12730408,-0.07298038;0.62247783,-0.13019086,-0.07435423;0.62247783,-0.13492303,-0.07451515;0.62247783,-0.15080211,-0.07076959;0.62247783,-0.15445634,-0.07066257;0.62247783,-0.16752317,-0.07426507;0.62247783,-0.17768185,-0.07818109;0.62247783,-0.18090172,-0.07976703;0.62247783,-0.18289772,-0.08083307;0.62247783,-0.19365279,-0.08562517;0.62247783,-0.20234335,-0.08985657;0.62247783,-0.20542279,-0.09061456;0.62247783,-0.21512299,-0.09027757;0.62247783,-0.22767672,-0.08593591;0.62247783,-0.22954882,-0.0853705;0.62247783,-0.23059997,-0.08557894;0.62247783,-0.23476198,-0.08897957;0.62247783,-0.23298921,-0.09423872;0.62247783,-0.23203556,-0.10237105;0.62247783,-0.23364344,-0.10596637;0.62247783,-0.23793574,-0.10870125;0.62247783,-0.24939117,-0.11231394;0.62247783,-0.25370258,-0.11312394;0.62247783,-0.25797095,-0.11127636;0.62247783,-0.26998901,-0.10423382;0.62247783,-0.28271258,-0.10106797;0.62247783,-0.29159741,-0.09795683;0.62247783,-0.29580151,-0.09054592;0.62247783,-0.29718307,-0.08398224;0.62247783,-0.30394052,-0.08253567;0.62247783,-0.30762165,-0.08882444;0.62247783,-0.30762747,-0.09344315;0.62247783,-0.30631244,-0.10317919;0.62247783,-0.30565106,-0.10895352;0.62247783,-0.30704276,-0.11711842;0.62247783,-0.31120155,-0.12268343;0.62247783,-0.32092803,-0.12585959;0.62247783,-0.32377047,-0.12628273;0.62247783,-0.32987057,-0.12900577;0.62247783,-0.32524414,-0.13430747;0.62247783,-0.31914394,-0.14014705;0.62247783,-0.31709657,-0.14106705;0.62247783,-0.3033604,-0.14323134;0.62247783,-0.29662995,-0.14487872;0.62247783,-0.26445075,-0.15011762;0.62247783,-0.25798683,-0.15231224;0.62247783,-0.25629906,-0.1557012;0.62247783,-0.25766341,-0.15860413;0.62247783,-0.2599365,-0.16119132;0.62247783,-0.2650604,-0.16735001;0.62247783,-0.26785983,-0.1720785;0.62247783,-0.27074836,-0.18030526;0.62247783,-0.26770828,-0.19203414;0.62247783,-0.2635799,-0.20570505;0.62247783,-0.2614067,-0.20814511;0.62247783,-0.25153468,-0.21362832;0.62247783,-0.24754664,-0.21599303;0.62247783,-0.23603305,-0.22140204;0.62247783,-0.23045961,-0.22579303;0.62247783,-0.22782971,-0.23113114;0.62247783,-0.22595158,-0.23997207;0.62247783,-0.2266184,-0.24302029;0.62247783,-0.22828827,-0.24460189;0.62247783,-0.23652625,-0.24610912;0.62247783,-0.23818899,-0.24647138;0.62247783,-0.23882971,-0.24856988;0.62247783,-0.2410908,-0.26746588;0.62247783,-0.24027045,-0.27527562;0.62247783,-0.23912619,-0.28080884;0.62247783,-0.23901841,-0.28532072;0.62247783,-0.24026866,-0.29744506;0.62247783,-0.24028551,-0.29993502;0.62247783,-0.23894854,-0.31132096;0.62247783,-0.23963004,-0.32113811;0.62247783,-0.24277641,-0.33439132;0.62247783,-0.24352156,-0.33770975;0.62247783,-0.24363513,-0.34008966;0.62247783,-0.24358104,-0.35629792;0.62247783,-0.24355528,-0.35825226;0.62247783,-0.2437556,-0.36124473;0.62247783,-0.24473782,-0.37668785;0.62247783,-0.24482572,-0.37855383;0.62247783,-0.2449883,-0.39492072;0.62247783,-0.24504898,-0.39709584;0.62247783,-0.24539751,-0.39858147;0.62247783,-0.24999408,-0.41511325;0.62247783,-0.25332143,-0.42239767;0.62247783,-0.25744009,-0.43144224;0.62247783,-0.26251775,-0.43961496;0.62247783,-0.26598934,-0.44436933;0.62247783,-0.27951698,-0.45688314;0.62247783,-0.29001478,-0.4609437;0.62247783,-0.3059818,-0.46501637;0.62247783,-0.32164105,-0.46409075;0.62247783,-0.33452757,-0.46482864;0.62247783,-0.36667531,-0.46915466;0.62247783,-0.39367025,-0.46861836;0.62247783,-0.39702103,-0.46841926;0.62247783,-0.39991102,-0.46748553;0.62247783,-0.42723476,-0.45696469;0.62247783,-0.43832948,-0.4511716;0.62247783,-0.45950159,-0.44144387;0.62247783,-0.4611821,-0.44084364;0.62247783,-0.48599308,-0.43320592;0.62247783,-0.49797332,-0.43163143;0.62247783,-0.51743684,-0.43165528;0.62247783,-0.53086503,-0.4403361;0.62247783,-0.54604436,-0.46351368;0.62247783,-0.54633123,-0.46517423;0.62247783,-0.5395274,-0.49527392;0.62247783,-0.53403002,-0.5098724;0.62247783,-0.52433738,-0.52434218;0.62247783,-0.51770701,-0.53128366;0.62247783,-0.49684334,-0.5484934;0.62247783,-0.47099742,-0.5703803;0.62247783,-0.44720784,-0.58599518;0.62247783,-0.43526363,-0.59190757;0.62247783,-0.41556735,-0.60169929;0.62247783,-0.40166776,-0.60976158;0.62247783,-0.38897328,-0.61293726;0.62247783,-0.37361097,-0.61215442;0.62247783,-0.36199445,-0.60799085;0.62247783,-0.34729703,-0.60650744;0.62247783,-0.32019452,-0.60726068;0.62247783,-0.31386029,-0.60716464;0.62247783,-0.30896368,-0.6065155;0.62247783,-0.27631911,-0.59758363;0.62247783,-0.25640349,-0.59169884;0.62247783,-0.24278903,-0.58693095;0.62247783,-0.22446268,-0.58226516;0.62247783,-0.21213494,-0.57884059;0.62247783,-0.20106202,-0.57554969;0.62247783,-0.18068845,-0.56747412;0.62247783,-0.16111797,-0.56111332;0.62247783,-0.154284,-0.55769186;0.62247783,-0.15182279,-0.55500171;0.62247783,-0.13800871,-0.53103521;0.62247783,-0.13733163,-0.50969781;0.62247783,-0.13411032,-0.49211309;0.62247783,-0.13216596,-0.4849594;0.62247783,-0.13276146,-0.47919979;0.62247783,-0.13432758,-0.4657321;0.62247783,-0.13544579,-0.45895471;0.62247783,-0.1366538,-0.44665105;0.62247783,-0.13737571,-0.43804611;0.62247783,-0.13742681,-0.42853183;0.62247783,-0.13751462,-0.41480144;0.62247783,-0.13758234,-0.41110545;0.62247783,-0.13914581,-0.39446653;0.62247783,-0.13949829,-0.39204707;0.62247783,-0.14118678,-0.38069802;0.62247783,-0.14109291,-0.37883679;0.62247783,-0.1386818,-0.36749575;0.62247783,-0.13866122,-0.36512049;0.62247783,-0.14149745,-0.35390112;0.62247783,-0.14347931,-0.34466479;0.62247783,-0.14440877,-0.33951514;0.62247783,-0.14616127,-0.33074785;0.62247783,-0.14993049,-0.31957334;0.62247783,-0.15172255,-0.3144618;0.62247783,-0.15381222,-0.30772495;0.62247783,-0.15576953,-0.299765;0.62247783,-0.15805221,-0.29088637;0.62247783,-0.16097297,-0.28417039;0.62247783,-0.16581185,-0.27400477;0.62247783,-0.16915177,-0.26753283;0.62247783,-0.17502054,-0.26254685;0.62247783,-0.18005318,-0.25698512;0.62247783,-0.18180882,-0.25104286;0.62247783,-0.17935066,-0.24209307;0.62247783,-0.1774736,-0.23807381;0.62247783,-0.17734584,-0.23407562;0.62247783,-0.17699364,-0.22188567;0.62247783,-0.17730465,-0.21490827;0.62247783,-0.17489834,-0.20169876;0.62247783,-0.16989351,-0.19211606;0.62247783,-0.16750715,-0.18796209;0.62247783,-0.16329364,-0.18257823;0.62247783,-0.15805613,-0.17632801;0.62247783,-0.15281508,-0.17060356;0.62247783,-0.13535882,-0.15527914;0.62247783,-0.12237567,-0.14895227;0.62247783,-0.11749144,-0.14826356;0.62247783,-0.10707212,-0.14962354;0.62247783,-0.10483828,-0.1498731;0.62247783,-0.10359863,-0.14966427;0.62247783,-0.0916745,-0.14705962;0.62247783,-0.07743202,-0.14504477;0.62247783,-0.0756401,-0.144794;0.62247783,-0.07304113,-0.14495815;0.62247783,-0.0599856,-0.14500917;0.62247783,-0.05458472,-0.14443536;0.62247783,-0.04764949,-0.14359846
0.62247783,-0.01818203,-0.35771782;0.62247783,-0.00811838,-0.35934437;0.62247783,0.00411329,-0.35993367;0.62247783,0.01388736,-0.35887215;0.62247783,0.02594489,-0.35588759;0.62247783,0.03489539,-0.35215231;0.62247783,0.04605935,-0.34536995;0.62247783,0.05375204,-0.33933763;0.62247783,0.06272487,-0.33019748;0.62247783,0.06918302,-0.32181583;0.62247783,0.0745255,-0.31262349;0.62247783,0.07866832,-0.30266687;0.62247783,0.0815029,-0.29221863;0.62247783,0.08296532,-0.28119895;0.62247783,0.08288967,-0.27159452;0.62247783,0.08121954,-0.2595637;0.62247783,0.07871267,-0.25082728;0.62247783,0.07366526,-0.23898254;0.62247783,0.06939349,-0.23191529;0.62247783,0.06116714,-0.22125419;0.62247783,0.05570518,-0.21569571;0.62247783,0.04501252,-0.20725711;0.62247783,0.03843043,-0.20313436;0.62247783,0.0262266,-0.19774245;0.62247783,0.01843953,-0.19529306;0.62247783,0.00565319,-0.19329471;0.62247783,-0.00290704,-0.19297001;0.62247783,-0.01551659,-0.19439376;0.62247783,-0.02404301,-0.19646992;0.62247783,-0.03583755,-0.20123728;0.62247783,-0.04332369,-0.20552186;0.62247783,-0.05371131,-0.21343394;0.62247783,-0.05953382,-0.21919593;0.62247783,-0.06776108,-0.22972667;0.62247783,-0.07189747,-0.23654114;0.62247783,-0.07706721,-0.24872354;0.62247783,-0.07925979,-0.25666359;0.62247783,-0.08186494,-0.27825088;0.62247783,-0.08140768,-0.28984809;0.62247783,-0.07953699,-0.29997852;0.62247783,-0.07564086,-0.31053008;0.62247783,-0.07081519,-0.31976127;0.62247783,-0.06455049,-0.32839848;0.62247783,-0.05668123,-0.33704444;0.62247783,-0.04835698,-0.3438633;0.62247783,-0.03886316,-0.34993963;0.62247783,-0.02925252,-0.35424763
0.62247783,-0.28875126,0.17257208;0.62247783,-0.2923877,0.16946763;0.62247783,-0.29943404,0.16018444;0.62247783,-0.30216689,0.15790717;0.62247783,-0.30314627,0.15506773;0.62247783,-0.30999415,0.1459084;0.62247783,-0.31787526,0.14290252;0.62247783,-0.32298943,0.14100428;0.62247783,-0.32499121,0.13684173;0.62247783,-0.32715196,0.12438625;0.62247783,-0.3272813,0.12281598;0.62247783,-0.32820583,0.11223852;0.62247783,-0.32400337,0.10370759;0.62247783,-0.32151838,0.09731037;0.62247783,-0.32005969,0.08921015;0.62247783,-0.32031789,0.08670756;0.62247783,-0.32312306,0.08265084;0.62247783,-0.32835732,0.07885632;0.62247783,-0.32643186,0.07141458;0.62247783,-0.32493401,0.06905977;0.62247783,-0.31729734,0.05972893;0.62247783,-0.31187437,0.05385165;0.62247783,-0.30500023,0.05467391;0.62247783,-0.29341143,0.05411223;0.62247783,-0.28049138,0.04918806;0.62247783,-0.27887254,0.0484984;0.62247783,-0.27759245,0.04893306;0.62247783,-0.27042882,0.0540494;0.62247783,-0.27299761,0.05892317;0.62247783,-0.27299099,0.06364408;0.62247783,-0.27071906,0.06658695;0.62247783,-0.25941473,0.07394476;0.62247783,-0.25724981,0.07492323;0.62247783,-0.25612132,0.07510683;0.62247783,-0.25489727,0.07448124;0.62247783,-0.2395875,0.06680743;0.62247783,-0.22451158,0.06362602;0.62247783,-0.22295959,0.06337578;0.62247783,-0.20871799,0.06116559;0.62247783,-0.20427448,0.06226671;0.62247783,-0.20266994,0.06393389;0.62247783,-0.19507258,0.07203407;0.62247783,-0.17961556,0.07297835;0.62247783,-0.16346735,0.06775089;0.62247783,-0.15617324,0.06469162;0.62247783,-0.14512745,0.06235671;0.62247783,-0.13928017,0.06163197;0.62247783,-0.1274252,0.05954942;0.62247783,-0.11932493,0.05977842;0.62247783,-0.11207628,0.06530276;0.62247783,-0.10975013,0.06826467;0.62247783,-0.10673637,0.07704104;0.62247783,-0.10581716,0.08447645;0.62247783,-0.10554674,0.09147886;0.62247783,-0.10217657,0.1033312;0.62247783,-0.10228573,0.10506769;0.62247783,-0.10632251,0.11713581;0.62247783,-0.1134565,0.1236809;0.62247783,-0.11728713,0.13181041;0.62247783,-0.12030658,0.13662878;0.62247783,-0.12649116,0.13987417;0.62247783,-0.13396501,0.13387213;0.62247783,-0.13430452,0.12155361;0.62247783,-0.13302102,0.11770398;0.62247783,-0.13054692,0.10574846;0.62247783,-0.13065702,0.1015132;0.62247783,-0.1327899,0.09950432;0.62247783,-0.13744881,0.09922393;0.62247783,-0.14405267,0.10411241;0.62247783,-0.1477083,0.10737325;0.62247783,-0.15139365,0.10772812;0.62247783,-0.15389252,0.10654271;0.62247783,-0.16461809,0.10385281;0.62247783,-0.1702297,0.10681019;0.62247783,-0.1717535,0.11053222;0.62247783,-0.17033049,0.11768812;0.62247783,-0.16642523,0.12607544;0.62247783,-0.16504836,0.13907802;0.62247783,-0.16496886,0.14078628;0.62247783,-0.16572211,0.15336549;0.62247783,-0.16848584,0.15931771;0.62247783,-0.17530063,0.16322622;0.62247783,-0.18901117,0.16309237;0.62247783,-0.19061088,0.16339185;0.62247783,-0.20459034,0.16766297;0.62247783,-0.20794177,0.1683553;0.62247783,-0.22278174,0.17148986;0.62247783,-0.2257537,0.17238004;0.62247783,-0.22823136,0.17180412;0.62247783,-0.2403291,0.17061091;0.62247783,-0.24886537,0.17238647;0.62247783,-0.26134655,0.17615759;0.62247783,-0.27455728,0.17468089;0.62247783,-0.28331594,0.17344988
0.62247783,-0.1869086,-0.12987877;0.62247783,-0.18731799,-0.12931793;0.62247783,-0.18726541,-0.1285957;0.62247783,-0.18626237,-0.12828045;0.62247783,-0.18623803,-0.12920745;0.62247783,-0.18651936,-0.12950853
0.62247783,-0.03754709,0.31204728;0.62247783,-0.02743685,0.30664904;0.62247783,-0.01916696,0.30033397;0.62247783,-0.01375155,0.28992741;0.62247783,-0.01191611,0.28750886;0.62247783,-0.01110622,0.28699952;0.62247783,-0.01023925,0.28789884;0.62247783,-0.00723382,0.29395726;0.62247783,-0.00559501,0.30068095;0.62247783,0.00002901,0.30447886;0.62247783,0.0053965,0.30726562;0.62247783,0.01167317,0.30893775;0.62247783,0.02251057,0.30764441;0.62247783,0.03223669,0.3053441;0.62247783,0.03488634,0.30507324;0.62247783,0.04507704,0.30628972;0.62247783,0.05526461,0.31099142;0.62247783,0.05860198,0.31216382;0.62247783,0.06120108,0.31232818;0.62247783,0.0732824,0.31170664;0.62247783,0.07893342,0.31141784;0.62247783,0.09100317,0.30904902;0.62247783,0.0943603,0.30880635;0.62247783,0.10686774,0.31147319;0.62247783,0.11663529,0.31452058;0.62247783,0.12320615,0.31813355;0.62247783,0.13269432,0.32387937;0.62247783,0.14983046,0.3334356;0.62247783,0.15303388,0.33517678;0.62247783,0.16622948,0.34263401;0.62247783,0.16783446,0.34265522;0.62247783,0.17806388,0.33822769;0.62247783,0.17995517,0.33764841;0.62247783,0.18209755,0.33915583;0.62247783,0.19407627,0.34834776;0.62247783,0.19619874,0.34979703;0.62247783,0.19937832,0.352867;0.62247783,0.20863193,0.36142654;0.62247783,0.21490863,0.36587768;0.62247783,0.22466242,0.37202714;0.62247783,0.22925081,0.37542258;0.62247783,0.23818604,0.3807918;0.62247783,0.24455866,0.38359583;0.62247783,0.26032028,0.38924706;0.62247783,0.29700814,0.4019278;0.62247783,0.31495609,0.40538975;0.62247783,0.33367524,0.40681886;0.62247783,0.35459706,0.41047;0.62247783,0.36133128,0.41037274;0.62247783,0.36658301,0.40799861;0.62247783,0.38814435,0.40124591;0.62247783,0.41871863,0.39247015;0.62247783,0.45641764,0.37449666;0.62247783,0.46657179,0.36998483;0.62247783,0.49141919,0.3593365;0.62247783,0.51756118,0.34318136;0.62247783,0.52307855,0.33928534;0.62247783,0.52412286,0.33828153;0.62247783,0.5466059,0.31678558;0.62247783,0.55304171,0.31117604;0.62247783,0.56996031,0.28986078;0.62247783,0.5828352,0.26454312;0.62247783,0.58471402,0.26083434;0.62247783,0.58735008,0.25836088;0.62247783,0.58879788,0.26173955;0.62247783,0.58891207,0.26275894;0.62247783,0.59192971,0.29814146;0.62247783,0.59229417,0.30232285;0.62247783,0.59582099,0.33446127;0.62247783,0.59657583,0.34384757;0.62247783,0.59902898,0.37150243;0.62247783,0.59964296,0.38480809;0.62247783,0.60052803,0.4112763;0.62247783,0.59915775,0.46140119;0.62247783,0.59606539,0.48493056;0.62247783,0.59381236,0.49078182;0.62247783,0.58444488,0.49295946;0.62247783,0.56553332,0.49241849;0.62247783,0.54863195,0.4958872;0.62247783,0.53961205,0.49744652;0.62247783,0.5246017,0.5017429;0.62247783,0.51254939,0.51257929;0.62247783,0.50572201,0.53109474;0.62247783,0.50417984,0.53425395;0.62247783,0.50068236,0.53457705;0.62247783,0.47086593,0.53298797;0.62247783,0.42814203,0.53158227;0.62247783,0.39434287,0.53002722;0.62247783,0.39192939,0.52982511;0.62247783,0.36492096,0.5259332;0.62247783,0.35637026,0.52414272;0.62247783,0.35400489,0.52326348;0.62247783,0.32634618,0.51191872;0.62247783,0.29892899,0.4997903;0.62247783,0.29140877,0.49684568;0.62247783,0.26823523,0.48766811;0.62247783,0.25032984,0.4771237;0.62247783,0.24744745,0.47561364;0.62247783,0.2257992,0.46758414;0.62247783,0.22276314,0.46631222;0.62247783,0.20967339,0.46072762;0.62247783,0.20500576,0.45888021;0.62247783,0.19310441,0.45446149;0.62247783,0.17630105,0.45023053;0.62247783,0.16150256,0.44615049;0.62247783,0.14795708,0.44286968;0.62247783,0.14633745,0.4424016;0.62247783,0.14434002,0.44166946;0.62247783,0.13104866,0.43638019;0.62247783,0.12204819,0.43362588;0.62247783,0.11604204,0.43214928;0.62247783,0.11069631,0.43080913;0.62247783,0.10158861,0.42893435;0.62247783,0.09218102,0.42858727;0.62247783,0.08692834,0.42771629;0.62247783,0.08071276,0.42562549;0.62247783,0.07324196,0.42237541;0.62247783,0.06477198,0.41920957;0.62247783,0.05895692,0.41850498;0.62247783,0.04463226,0.41681476;0.62247783,0.02884276,0.41334406;0.62247783,0.02688222,0.41321963;0.62247783,0.01259142,0.41356473;0.62247783,0.00177078,0.41164977;0.62247783,-0.00251941,0.41086837;0.62247783,-0.00705883,0.4114971;0.62247783,-0.02080548,0.4128855;0.62247783,-0.03345507,0.41170253;0.62247783,-0.03574968,0.41149657;0.62247783,-0.03793207,0.41211114;0.62247783,-0.05065451,0.41691652;0.62247783,-0.05363942,0.41806456;0.62247783,-0.05468445,0.41815709;0.62247783,-0.0661662,0.41885315;0.62247783,-0.08013564,0.42581619;0.62247783,-0.08115015,0.42625069;0.62247783,-0.08223061,0.42626654;0.62247783,-0.09933479,0.42545534;0.62247783,-0.10106134,0.42568586;0.62247783,-0.11280394,0.42960274;0.62247783,-0.12371123,0.4324047;0.62247783,-0.12775344,0.43376988;0.62247783,-0.13603169,0.4372392;0.62247783,-0.14356879,0.43977548;0.62247783,-0.1503594,0.44191745;0.62247783,-0.160615,0.44436191;0.62247783,-0.17668535,0.44875671;0.62247783,-0.18083674,0.44977819;0.62247783,-0.19279818,0.45226799;0.62247783,-0.21025917,0.4559807;0.62247783,-0.22655721,0.45892375;0.62247783,-0.24351424,0.45888261;0.62247783,-0.25933888,0.46414837;0.62247783,-0.27145852,0.46772267;0.62247783,-0.28601273,0.47058128;0.62247783,-0.29774384,0.46451058;0.62247783,-0.29894397,0.4525355;0.62247783,-0.30063775,0.44253806;0.62247783,-0.30437167,0.43258127;0.62247783,-0.31335756,0.43164582;0.62247783,-0.32327767,0.43799625;0.62247783,-0.33462686,0.45449186;0.62247783,-0.33677651,0.46289321;0.62247783,-0.34909471,0.46662056;0.62247783,-0.35504977,0.46839013;0.62247783,-0.38129578,0.4756034;0.62247783,-0.40540698,0.4821921;0.62247783,-0.41489252,0.48400217;0.62247783,-0.44363316,0.48488726;0.62247783,-0.45545391,0.48387564;0.62247783,-0.46942009,0.49012771;0.62247783,-0.48203322,0.49384082;0.62247783,-0.48585223,0.49463127;0.62247783,-0.50712531,0.49754977;0.62247783,-0.51873034,0.49459124;0.62247783,-0.54654731,0.49099611;0.62247783,-0.5544392,0.49102587;0.62247783,-0.57597365,0.49461884;0.62247783,-0.58126015,0.49477051;0.62247783,-0.5973815,0.49266816;0.62247783,-0.59971241,0.49191593;0.62247783,-0.60022936,0.48858562;0.62247783,-0.60028008,0.46699219;0.62247783,-0.60047693,0.45338984;0.62247783,-0.60140871,0.42664217;0.62247783,-0.60110993,0.41153525;0.62247783,-0.59875047,0.38528952;0.62247783,-0.59763851,0.37403601;0.62247783,-0.59290159,0.3456642;0.62247783,-0.5916587,0.34100292;0.62247783,-0.58239131,0.32733226;0.62247783,-0.56823041,0.33495156;0.62247783,-0.55287939,0.34716079;0.62247783,-0.54189902,0.35492488;0.62247783,-0.52056984,0.37843779;0.62247783,-0.5193085,0.37996435;0.62247783,-0.51807543,0.38118539;0.62247783,-0.4960766,0.40441716;0.62247783,-0.49036798,0.41793407;0.62247783,-0.47995967,0.43597847;0.62247783,-0.46582179,0.44072038;0.62247783,-0.44889446,0.43445544;0.62247783,-0.44701723,0.43355924;0.62247783,-0.42970075,0.42424647;0.62247783,-0.41871351,0.42118886;0.62247783,-0.39469903,0.4180906;0.62247783,-0.39227336,0.41794913;0.62247783,-0.38988924,0.41907856;0.62247783,-0.37751869,0.42744908;0.62247783,-0.37016319,0.43287829;0.62247783,-0.36311533,0.43525496;0.62247783,-0.35867974,0.43062909;0.62247783,-0.34451654,0.42006989;0.62247783,-0.33400697,0.41324522;0.62247783,-0.32474545,0.41052619;0.62247783,-0.3132516,0.40890702;0.62247783,-0.29869486,0.40791452;0.62247783,-0.29637266,0.40795165;0.62247783,-0.29389385,0.40509957;0.62247783,-0.28378281,0.3927165;0.62247783,-0.27069074,0.38197728;0.62247783,-0.25626915,0.37467624;0.62247783,-0.25121811,0.3717606;0.62247783,-0.24785221,0.36765286;0.62247783,-0.24099313,0.36141869;0.62247783,-0.23684816,0.35942847;0.62247783,-0.23074731,0.35923901;0.62247783,-0.22361086,0.3600824;0.62247783,-0.2153814,0.35652359;0.62247783,-0.20879187,0.35059456;0.62247783,-0.20299853,0.34546921;0.62247783,-0.19612602,0.34193471;0.62247783,-0.18993628,0.3421752;0.62247783,-0.18332104,0.34158821;0.62247783,-0.16927982,0.3339864;0.62247783,-0.16303607,0.33070157;0.62247783,-0.15864378,0.32227126;0.62247783,-0.15786251,0.32203323;0.62247783,-0.14973833,0.32808962;0.62247783,-0.13384332,0.33019214;0.62247783,-0.1286993,0.33057036;0.62247783,-0.12141785,0.3315617;0.62247783,-0.11489794,0.3284034;0.62247783,-0.11016907,0.3238788;0.62247783,-0.10690058,0.31830096;0.62247783,-0.10087784,0.3148847;0.62247783,-0.09504626,0.31389829;0.62247783,-0.08574981,0.31231762;0.62247783,-0.07501669,0.31038641;0.62247783,-0.07254159,0.310288;0.62247783,-0.06579885,0.30974815;0.62247783,-0.05789978,0.30923033;0.62247783,-0.05430754,0.30971938;0.62247783,-0.04546069,0.31194222;0.62247783,-0.03968726,0.31265354
0.62247783,-0.0742466,0.10574985;0.62247783,-0.0738494,0.09603085;0.62247783,-0.07403405,0.08693826;0.62247783,-0.0741514,0.07311295;0.62247783,-0.07230181,0.06746074;0.62247783,-0.06834305,0.0573692;0.62247783,-0.06028257,0.05252709;0.62247783,-0.04845074,0.04897786;0.62247783,-0.04627824,0.04760012;0.62247783,-0.03843983,0.03773597;0.62247783,-0.02801855,0.03350949;0.62247783,-0.0135852,0.03366524;0.62247783,-0.01151938,0.03427381;0.62247783,0.00127796,0.04087747;0.62247783,0.00516755,0.04224941;0.62247783,0.01329664,0.04264061;0.62247783,0.02064262,0.04238173;0.62247783,0.02808311,0.04074694;0.62247783,0.03663666,0.04031123;0.62247783,0.0419561,0.03644871;0.62247783,0.05269843,0.0340278;0.62247783,0.06050633,0.03465271;0.62247783,0.07281538,0.03979162;0.62247783,0.07520814,0.04119747;0.62247783,0.07610104,0.04241573;0.62247783,0.07518904,0.04335432;0.62247783,0.0729259,0.04465458;0.62247783,0.06075594,0.05032132;0.62247783,0.04970415,0.0569461;0.62247783,0.0465916,0.0619751;0.62247783,0.04529863,0.07001284;0.62247783,0.04608574,0.07207098;0.62247783,0.04771296,0.07287925;0.62247783,0.06351247,0.07686472;0.62247783,0.06612641,0.07669154;0.62247783,0.07548048,0.07397613;0.62247783,0.08153313,0.07482819;0.62247783,0.08973334,0.07758841;0.62247783,0.09310861,0.07846642;0.62247783,0.09876707,0.07752733;0.62247783,0.10631805,0.07407223;0.62247783,0.11690814,0.07550396;0.62247783,0.12258556,0.08303992;0.62247783,0.12983368,0.08831026;0.62247783,0.13720634,0.090138;0.62247783,0.14785774,0.09146817;0.62247783,0.1581416,0.09413465;0.62247783,0.16514568,0.09524516;0.62247783,0.16957283,0.09887448;0.62247783,0.18172932,0.10491629;0.62247783,0.18547613,0.10590714;0.62247783,0.19489577,0.10592401;0.62247783,0.19781129,0.09889648;0.62247783,0.19740046,0.09265853;0.62247783,0.19680053,0.08951151;0.62247783,0.19818202,0.08443653;0.62247783,0.20400173,0.08200407;0.62247783,0.21507997,0.07920879;0.62247783,0.22275679,0.07733494;0.62247783,0.23184718,0.07820352;0.62247783,0.23663082,0.07803686;0.62247783,0.23809957,0.07745624;0.62247783,0.23942391,0.07547891;0.62247783,0.23858144,0.07371395;0.62247783,0.2347256,0.06370739;0.62247783,0.23590692,0.05401933;0.62247783,0.24425048,0.04737312;0.62247783,0.25074353,0.04467763;0.62247783,0.26243488,0.04327004;0.62247783,0.2721539,0.04418478;0.62247783,0.28056399,0.04582298;0.62247783,0.29315298,0.04558688;0.62247783,0.29669579,0.04573817;0.62247783,0.29881496,0.04696613;0.62247783,0.30045509,0.05114862;0.62247783,0.29813259,0.05597699;0.62247783,0.29635557,0.06069608;0.62247783,0.29589852,0.06707096;0.62247783,0.29772026,0.07232753;0.62247783,0.30726404,0.08009528;0.62247783,0.31743264,0.08592426;0.62247783,0.32235987,0.08878336;0.62247783,0.3333777,0.09605404;0.62247783,0.33758882,0.10168334;0.62247783,0.33975474,0.10632433;0.62247783,0.33961156,0.10803933;0.62247783,0.33891424,0.11015575;0.62247783,0.33482044,0.1199744;0.62247783,0.33167843,0.12926508;0.62247783,0.33131324,0.14226465;0.62247783,0.32926903,0.152143;0.62247783,0.32743749,0.15497609;0.62247783,0.31983822,0.16029663;0.62247783,0.31740207,0.1616321;0.62247783,0.30545776,0.16620004;0.62247783,0.29505435,0.17023414;0.62247783,0.28354363,0.17259614;0.62247783,0.27246417,0.17164866;0.62247783,0.265912,0.1733118;0.62247783,0.2607036,0.17624599;0.62247783,0.25948661,0.17726485;0.62247783,0.24947997,0.18397034;0.62247783,0.23927571,0.18496812;0.62247783,0.23400941,0.18506625;0.62247783,0.22526886,0.1838492;0.62247783,0.21769325,0.18026308;0.62247783,0.21055739,0.17651534;0.62247783,0.20043357,0.17359356;0.62247783,0.19404788,0.17133944;0.62247783,0.1848383,0.16750932;0.62247783,0.17297215,0.16371401;0.62247783,0.16870398,0.16184671;0.62247783,0.16366433,0.15703471;0.62247783,0.16648392,0.15243121;0.62247783,0.17053169,0.14482612;0.62247783,0.16510046,0.13722752;0.62247783,0.15653117,0.13517865;0.62247783,0.15137562,0.13349553;0.62247783,0.14809201,0.12990983;0.62247783,0.14369854,0.12440847;0.62247783,0.13497969,0.12611456;0.62247783,0.12661587,0.1332218;0.62247783,0.12592563,0.13386084;0.62247783,0.12466929,0.13457135;0.62247783,0.12380332,0.13338011;0.62247783,0.12360225,0.13213334;0.62247783,0.12130544,0.1210822;0.62247783,0.11571723,0.11571347;0.62247783,0.10958086,0.11623336;0.62247783,0.09227459,0.12240136;0.62247783,0.07638967,0.12822688;0.62247783,0.06745692,0.13180189;0.62247783,0.06090078,0.13498003;0.62247783,0.05276064,0.13693265;0.62247783,0.04400905,0.13958992;0.62247783,0.03868563,0.14171679;0.62247783,0.02891387,0.14398605;0.62247783,0.02288192,0.14368118;0.62247783,0.01908438,0.13851149;0.62247783,0.01436946,0.12993294;0.62247783,0.00351952,0.13051347;0.62247783,-0.01350026,0.13121032;0.62247783,-0.01918494,0.13090378;0.62247783,-0.03107371,0.13057525;0.62247783,-0.04452186,0.12885082;0.62247783,-0.04790589,0.12796299;0.62247783,-0.05927585,0.12610219;0.62247783,-0.06393697,0.12631762;0.62247783,-0.07770466,0.13229755;0.62247783,-0.08048051,0.13315791;0.62247783,-0.0821326,0.13221861;0.62247783,-0.08519434,0.1272064;0.62247783,-0.08098509,0.12375195;0.62247783,-0.0739287,0.11646954
0.62247783,-0.00606642,0.08517999;0.62247783,-0.00288273,0.08795703;0.62247783,-0.00139808,0.08892018;0.62247783,0.00065831,0.08819094;0.62247783,0.00128042,0.08497551;0.62247783,0.00127253,0.07545634;0.62247783,-0.00171265,0.0666151;0.62247783,-0.0097417,0.06119317;0.62247783,-0.01843718,0.05912057;0.62247783,-0.02552309,0.05798528;0.62247783,-0.04069232,0.05648823;0.62247783,-0.04186266,0.05684911;0.62247783,-0.04928434,0.06576231;0.62247783,-0.04803619,0.07352077;0.62247783,-0.04403788,0.07631447;0.62247783,-0.03741251,0.07639404;0.62247783,-0.02707042,0.07485399;0.62247783,-0.02046437,0.07545789;0.62247783,-0.01330742,0.07897608
0.62247783,-0.21767378,-0.18271883;0.62247783,-0.217923,-0.18266347
0.62247783,-0.02684559,-0.04295431;0.62247783,-0.02692865,-0.03947661;0.62247783,-0.02869259,-0.038255;0.62247783,-0.03046098,-0.03878183;0.62247783,-0.03213842,-0.04254934;0.62247783,-0.02934468,-0.04391228
0.62247783,-0.09185845,0.15830049;0.62247783,-0.08928411,0.15888558;0.62247783,-0.08713264,0.16290869;0.62247783,-0.0914329,0.16351908;0.62247783,-0.09399571,0.16085262
0.62247783,0.08506917,0.14755874;0.62247783,0.08768216,0.15100603;0.62247783,0.0827492,0.15357538;0.62247783,0.07969693,0.1538217;0.62247783,0.07809092,0.15058016;0.62247783,0.08103833,0.14697912
0.62247783,0.21099041,0.05182642;0.62247783,0.21562691,0.05022489;0.62247783,0.21980334,0.05253311;0.62247783,0.2171855,0.05683256;0.62247783,0.21227269,0.05740387;0.62247783,0.21025342,0.05547852
0.62247783,0.03376209,-0.03881545;0.62247783,0.03212445,-0.0391598;0.62247783,0.02923554,-0.04254947;0.62247783,0.03138603,-0.04510446;0.62247783,0.03490448,-0.04524285;0.62247783,0.03707097,-0.04103369
0.62247783,-0.26967145,-0.08112548;0.62247783,-0.27395258,-0.08087172;0.62247783,-0.27193431,-0.08386278;0.62247783,-0.269175,-0.08929189;0.62247783,-0.26680301,-0.08416288;0.62247783,-0.26902918,-0.08149664
0.62247783,0.03425986,0.28625045;0.62247783,0.03471065,0.28697537;0.62247783,0.03418905,0.28829506;0.62247783,0.03390454,0.28658094
0.62247783,0.1875694,-0.13313688;0.62247783,0.18772416,-0.13162564;0.62247783,0.18958906,-0.13050688;0.62247783,0.19112699,-0.13142597;0.62247783,0.19042934,-0.13337298;0.62247783,0.18873851,-0.13381027
-0.54680188,0.62247783,0.40147956;-0.53641998,0.62247783,0.38799838;-0.52689671,0.62247783,0.37282738;-0.51862164,0.62247783,0.36126987;-0.50909381,0.62247783,0.34266193;-0.50092216,0.62247783,0.32469558;-0.49614559,0.62247783,0.31215888;-0.49104892,0.62247783,0.3011322;-0.48445909,0.62247783,0.28494325;-0.47649878,0.62247783,0.26343434;-0.47425967,0.62247783,0.25758076;-0.47234702,0.62247783,0.25286334;-0.46439594,0.62247783,0.23675018;-0.45459175,0.62247783,0.21365915;-0.45314978,0.62247783,0.21040137;-0.44846135,0.62247783,0.19970976;-0.43888244,0.62247783,0.17741816;-0.43530379,0.62247783,0.1688071;-0.4320737,0.62247783,0.16070557;-0.42757038,0.62247783,0.14791139;-0.42651637,0.62247783,0.14480445;-0.42593562,0.62247783,0.14267667;-0.42258571,0.62247783,0.12914684;-0.42045983,0.62247783,0.11547887;-0.41901102,0.62247783,0.09832956;-0.41895729,0.62247783,0.09423976;-0.41938884,0.62247783,0.0833001;-0.42001764,0.62247783,0.07553887;-0.42078331,0.62247783,0.06764546;-0.42192262,0.62247783,0.05878419;-0.42430287,0.62247783,0.04243754;-0.42534546,0.62247783,0.03308144;-0.42615514,0.62247783,0.02635713;-0.42753721,0.62247783,0.01620445;-0.42821526,0.62247783,0.01012222;-0.42911917,0.62247783,-0.00149517;-0.42946833,0.62247783,-0.00603329;-0.43074597,0.62247783,-0.01817366;-0.43088877,0.62247783,-0.0207692;-0.43112951,0.62247783,-0.03820825;-0.43217211,0.62247783,-0.05264144;-0.43222069,0.62247783,-0.05416829;-0.43207172,0.62247783,-0.06973682;-0.43239481,0.62247783,-0.07488832;-0.43348949,0.62247783,-0.08412317;-0.43433228,0.62247783,-0.09488472;-0.43478801,0.62247783,-0.10015855;-0.43692281,0.62247783,-0.10985793;-0.43923822,0.62247783,-0.11867538;-0.44223972,0.62247783,-0.12876754;-0.44644155,0.62247783,-0.13896951;-0.44899779,0.62247783,-0.14375219;-0.45856711,0.62247783,-0.15862593;-0.46997517,0.62247783,-0.17376471;-0.47121229,0.62247783,-0.17520445;-0.48552966,0.62247783,-0.19039229;-0.48703353,0.62247783,-0.1917919;-0.4901598,0.62247783,-0.19330208;-0.50765088,0.62247783,-0.2007605;-0.52539681,0.62247783,-0.20905997;-0.52918156,0.62247783,-0.21064037;-0.53410839,0.62247783,-0.21115151;-0.55425838,0.62247783,-0.21122269;-0.58285753,0.62247783,-0.20936426;-0.5868705,0.62247783,-0.20860544;-0.58797748,0.62247783,-0.2059949;-0.5960559,0.62247783,-0.17523917;-0.59770687,0.62247783,-0.16520493;-0.60181381,0.62247783,-0.13786853;-0.6032939,0.62247783,-0.12291132;-0.60605069,0.62247783,-0.10014295;-0.60714556,0.62247783,-0.08229552;-0.60828174,0.62247783,-0.06188769;-0.60880251,0.62247783,-0.0420999;-0.60923051,0.62247783,-0.02332346;-0.60960992,0.62247783,0.03651373;-0.60946523,0.62247783,0.0540389;-0.60898349,0.62247783,0.11514663;-0.60852639,0.62247783,0.13314612;-0.60810026,0.62247783,0.15492928;-0.60748449,0.62247783,0.17231654;-0.60694235,0.62247783,0.1938897;-0.60618345,0.62247783,0.2117463;-0.60557621,0.62247783,0.2314535;-0.60455539,0.62247783,0.25177443;-0.6039353,0.62247783,0.27015451;-0.60288353,0.62247783,0.29167568;-0.60224849,0.62247783,0.3082357;-0.60082515,0.62247783,0.33194912;-0.60015248,0.62247783,0.34606481;-0.59834694,0.62247783,0.37189501;-0.59745326,0.62247783,0.38326561;-0.59372381,0.62247783,0.41081246;-0.59228357,0.62247783,0.41642219;-0.58297262,0.62247783,0.42854985;-0.56832742,0.62247783,0.42284402;-0.55503179,0.62247783,0.41166662
0.50363205,0.62247783,0.24446311;0.51637185,0.62247783,0.26867887;0.52444841,0.62247783,0.28064821;0.53386048,0.62247783,0.29216362;0.55238097,0.62247783,0.31997576;0.55592713,0.62247783,0.32494748;0.56920822,0.62247783,0.34083662;0.58272163,0.62247783,0.35178286;0.59146989,0.62247783,0.33634017;0.59238931,0.62247783,0.33229663;0.59597694,0.62247783,0.30378966;0.59679506,0.62247783,0.29461666;0.59955345,0.62247783,0.26666431;0.60046963,0.62247783,0.25228007;0.60210529,0.62247783,0.23015782;0.60292339,0.62247783,0.21340184;0.6043344,0.62247783,0.19213944;0.60516451,0.62247783,0.17327613;0.60644109,0.62247783,0.15325553;0.60715103,0.62247783,0.13311037;0.6079557,0.62247783,0.11410328;0.60830922,0.62247783,0.09458548;0.60853832,0.62247783,0.07585126;0.60840353,0.62247783,0.01623949;0.60812088,0.62247783,-0.00241634;0.6071861,0.62247783,-0.06107655;0.60628861,0.62247783,-0.08228595;0.60498557,0.62247783,-0.09933806;0.60057763,0.62247783,-0.12558592;0.5992674,0.62247783,-0.13525204;0.59404557,0.62247783,-0.16523802;0.59234134,0.62247783,-0.17190868;0.5819165,0.62247783,-0.19208015;0.57205939,0.62247783,-0.19843903;0.55111597,0.62247783,-0.20543198;0.52268015,0.62247783,-0.21046597;0.51539867,0.62247783,-0.21035282;0.50832095,0.62247783,-0.20785891;0.48885972,0.62247783,-0.19562788;0.48194603,0.62247783,-0.1904941;0.46976076,0.62247783,-0.18175789;0.46301791,0.62247783,-0.17344184;0.45677672,0.62247783,-0.16225904;0.4547889,0.62247783,-0.15846111;0.45110758,0.62247783,-0.1497472;0.44853627,0.62247783,-0.14264543;0.44446309,0.62247783,-0.12661959;0.44354792,0.62247783,-0.11901189;0.44274009,0.62247783,-0.11072467;0.44127496,0.62247783,-0.09737389;0.44122242,0.62247783,-0.0942523;0.44246497,0.62247783,-0.07647683;0.4435548,0.62247783,-0.06069775;0.44373758,0.62247783,-0.05818456;0.44550616,0.62247783,-0.04323402;0.44567638,0.62247783,-0.040962;0.44540073,0.62247783,-0.02642396;0.44527211,0.62247783,-0.02102209;0.44579508,0.62247783,-0.00844349;0.44591,0.62247783,-0.00470384;0.44516043,0.62247783,0.00879158;0.44466315,0.62247783,0.01375724;0.4444699,0.62247783,0.02544473;0.44434439,0.62247783,0.03056939;0.44262085,0.62247783,0.04274033;0.44139357,0.62247783,0.04994678;0.4410476,0.62247783,0.0607887;0.44086723,0.62247783,0.06491275;0.43892319,0.62247783,0.07841854;0.43833422,0.62247783,0.08320015;0.43935036,0.62247783,0.09591633;0.43943057,0.62247783,0.09884367;0.4386722,0.62247783,0.11505703;0.43885366,0.62247783,0.11687732;0.44203984,0.62247783,0.1302907;0.44504194,0.62247783,0.14445382;0.44540275,0.62247783,0.14592596;0.44615254,0.62247783,0.14773306;0.45205086,0.62247783,0.16065496;0.45524732,0.62247783,0.16704654;0.45977335,0.62247783,0.17563775;0.46646007,0.62247783,0.18719265;0.46928696,0.62247783,0.19169354;0.47642798,0.62247783,0.20227001;0.47979847,0.62247783,0.20857831;0.4856741,0.62247783,0.2203375;0.49455337,0.62247783,0.23265351
0.11933939,0.62247783,0.49418128;0.12300965,0.62247783,0.48496639;0.11832037,0.62247783,0.47389665;0.11561117,0.62247783,0.47215307;0.10429248,0.62247783,0.46995862;0.09994873,0.62247783,0.46970757;0.08671479,0.62247783,0.46871114;0.07106871,0.62247783,0.46618398;0.05663869,0.62247783,0.46463434;0.05333576,0.62247783,0.46454794;0.05006131,0.62247783,0.46513041;0.03790455,0.62247783,0.46788827;0.03531697,0.62247783,0.46819272;0.01863423,0.62247783,0.46868831;0.01627175,0.62247783,0.4686159;0.00972608,0.62247783,0.46772487;0.00068298,0.62247783,0.46676746;-0.00118333,0.62247783,0.46679363;-0.00805856,0.62247783,0.46795512;-0.01719267,0.62247783,0.46992949;-0.02126806,0.62247783,0.47044811;-0.03411507,0.62247783,0.47116439;-0.04009214,0.62247783,0.47103545;-0.05371007,0.62247783,0.46994019;-0.05916074,0.62247783,0.47004936;-0.07006083,0.62247783,0.47153641;-0.08420822,0.62247783,0.47445856;-0.08627421,0.62247783,0.47474682;-0.09848964,0.62247783,0.47509724;-0.10281015,0.62247783,0.47554693;-0.10521061,0.62247783,0.47658841;-0.11585455,0.62247783,0.48254117;-0.12021406,0.62247783,0.48681107;-0.11751822,0.62247783,0.49194705;-0.11352129,0.62247783,0.4952296;-0.10608391,0.62247783,0.50111566;-0.0986194,0.62247783,0.50726573;-0.09270682,0.62247783,0.5111048;-0.08865558,0.62247783,0.51211835;-0.0715833,0.62247783,0.51329139;-0.05635429,0.62247783,0.51536108;-0.0514769,0.62247783,0.51636736;-0.03121069,0.62247783,0.52186567;-0.01748199,0.62247783,0.52306688;-0.00402799,0.62247783,0.52145818;0.00788198,0.62247783,0.52191569;0.03418013,0.62247783,0.52020562;0.05326191,0.62247783,0.51646103;0.07215192,0.62247783,0.51397808;0.0903701,0.62247783,0.51208217;0.09207184,0.62247783,0.51174726;0.09421994,0.62247783,0.51045229;0.1065624,0.62247783,0.50236854;0.11176512,0.62247783,0.49933656
-0.62247783,-0.37761457,0.06444344;-0.62247783,-0.3792401,0.06592964;-0.62247783,-0.37947674,0.06828819;-0.62247783,-0.37703947,0.07184014;-0.62247783,-0.37305077,0.07654758;-0.62247783,-0.37331974,0.08078582;-0.62247783,-0.37578443,0.08360653;-0.62247783,-0.38387574,0.09198911;-0.62247783,-0.3854233,0.09537194;-0.62247783,-0.38742478,0.10541085;-0.62247783,-0.38736913,0.10643569;-0.62247783,-0.38308573,0.13328425;-0.62247783,-0.38228134,0.13744488;-0.62247783,-0.3800684,0.1427356;-0.62247783,-0.37570257,0.15250564;-0.62247783,-0.37109633,0.16249114;-0.62247783,-0.36898449,0.16644079;-0.62247783,-0.3666929,0.16931484;-0.62247783,-0.35750279,0.17916222;-0.62247783,-0.35327379,0.18311925;-0.62247783,-0.34688343,0.18706242;-0.62247783,-0.33371672,0.19051986;-0.62247783,-0.33151915,0.19110829;-0.62247783,-0.32857328,0.19287878;-0.62247783,-0.31988975,0.20049353;-0.62247783,-0.31246131,0.20340067;-0.62247783,-0.30400844,0.20528547;-0.62247783,-0.30269437,0.20581375;-0.62247783,-0.28865376,0.21215259;-0.62247783,-0.28622803,0.21305406;-0.62247783,-0.28124232,0.21398281;-0.62247783,-0.27312754,0.21538899;-0.62247783,-0.26756262,0.21656039;-0.62247783,-0.26014023,0.2181862;-0.62247783,-0.25258112,0.21805899;-0.62247783,-0.2449762,0.21902785;-0.62247783,-0.23903166,0.221572;-0.62247783,-0.23231784,0.2241052;-0.62247783,-0.22348016,0.22169209;-0.62247783,-0.21669603,0.2138631;-0.62247783,-0.2149246,0.21192054;-0.62247783,-0.21278433,0.21076804;-0.62247783,-0.20739713,0.20989068;-0.62247783,-0.19771503,0.20971558;-0.62247783,-0.19001314,0.20577179;-0.62247783,-0.17613274,0.19907152;-0.62247783,-0.16170264,0.19445605;-0.62247783,-0.15543033,0.19275562;-0.62247783,-0.14532363,0.18683192;-0.62247783,-0.1394984,0.18409821;-0.62247783,-0.13726264,0.17813154;-0.62247783,-0.13174893,0.17074696;-0.62247783,-0.12698411,0.16973933;-0.62247783,-0.12090137,0.17037248;-0.62247783,-0.11192685,0.17423198;-0.62247783,-0.10267991,0.17926875;-0.62247783,-0.09613649,0.18133329;-0.62247783,-0.09248919,0.18126177;-0.62247783,-0.08269193,0.18072896;-0.62247783,-0.07584146,0.17920448;-0.62247783,-0.06730282,0.17545982;-0.62247783,-0.06464675,0.17418086;-0.62247783,-0.0635731,0.17290775;-0.62247783,-0.05780261,0.16662422;-0.62247783,-0.05113045,0.1647924;-0.62247783,-0.04622096,0.16910485;-0.62247783,-0.04499374,0.17439959;-0.62247783,-0.04299953,0.18206087;-0.62247783,-0.03360943,0.19151925;-0.62247783,-0.03213321,0.19199013;-0.62247783,-0.0175619,0.19157855;-0.62247783,-0.01254252,0.19136995;-0.62247783,0.00549838,0.19002577;-0.62247783,0.0168701,0.18727304;-0.62247783,0.02029467,0.18742383;-0.62247783,0.02968968,0.19034137;-0.62247783,0.0344774,0.1933601;-0.62247783,0.04704792,0.19502429;-0.62247783,0.05138325,0.19407197;-0.62247783,0.05390656,0.18958119;-0.62247783,0.05236886,0.18426378;-0.62247783,0.05062908,0.17995144;-0.62247783,0.05542125,0.17741995;-0.62247783,0.05948684,0.17706069;-0.62247783,0.06840285,0.17838876;-0.62247783,0.08696881,0.18015171;-0.62247783,0.08793056,0.18018322;-0.62247783,0.0901268,0.17973644;-0.62247783,0.10520446,0.17653088;-0.62247783,0.11960982,0.17768431;-0.62247783,0.12446421,0.17923436;-0.62247783,0.14020281,0.18405806;-0.62247783,0.14247995,0.18490425;-0.62247783,0.15589319,0.19259775;-0.62247783,0.16745302,0.20215911;-0.62247783,0.18036658,0.20713383;-0.62247783,0.18762426,0.21241433;-0.62247783,0.19393824,0.21707211;-0.62247783,0.20376459,0.22064419;-0.62247783,0.20715795,0.22110833;-0.62247783,0.21666783,0.22206613;-0.62247783,0.22507077,0.22298407;-0.62247783,0.23562735,0.2256288;-0.62247783,0.2438564,0.22688212;-0.62247783,0.2533868,0.22516944;-0.62247783,0.26156806,0.22239808;-0.62247783,0.26703518,0.2206035;-0.62247783,0.27163674,0.21910828;-0.62247783,0.27961492,0.21722479;-0.62247783,0.28796033,0.21649803;-0.62247783,0.29795905,0.21420385;-0.62247783,0.3027579,0.21224283;-0.62247783,0.30793283,0.20963073;-0.62247783,0.31121152,0.20713146;-0.62247783,0.31807426,0.20238111;-0.62247783,0.33055524,0.19616581;-0.62247783,0.33397056,0.19340668;-0.62247783,0.34008846,0.18455145;-0.62247783,0.34263521,0.18219833;-0.62247783,0.35009129,0.17694471;-0.62247783,0.35860442,0.1690685;-0.62247783,0.36057111,0.16643504;-0.62247783,0.36449517,0.16063193;-0.62247783,0.36823578,0.15455039;-0.62247783,0.37280234,0.14490627;-0.62247783,0.37432974,0.14145587;-0.62247783,0.3746596,0.13990917;-0.62247783,0.37613198,0.13454468;-0.62247783,0.37851117,0.12483257;-0.62247783,0.37903687,0.12012684;-0.62247783,0.3794074,0.11175513;-0.62247783,0.37823733,0.1045103;-0.62247783,0.37737535,0.09671198;-0.62247783,0.3769883,0.08761317;-0.62247783,0.37573648,0.08269923;-0.62247783,0.36835048,0.06869958;-0.62247783,0.36497513,0.05881959;-0.62247783,0.36408725,0.05660369;-0.62247783,0.35972028,0.04804661;-0.62247783,0.3547073,0.04072693;-0.62247783,0.34821756,0.03239498;-0.62247783,0.34245226,0.02635099;-0.62247783,0.33321896,0.01735114;-0.62247783,0.33193192,0.01596275;-0.62247783,0.33207593,0.01421777;-0.62247783,0.33452498,-0.00414714;-0.62247783,0.33415446,-0.00693491;-0.62247783,0.3301812,-0.01733316;-0.62247783,0.32885821,-0.02235121;-0.62247783,0.3328607,-0.02917077;-0.62247783,0.33660789,-0.03432184;-0.62247783,0.34539941,-0.04212378;-0.62247783,0.3480646,-0.04503093;-0.62247783,0.35480706,-0.05274889;-0.62247783,0.35926955,-0.05813652;-0.62247783,0.3640403,-0.06365189;-0.62247783,0.36917947,-0.06973109;-0.62247783,0.37232804,-0.07751574;-0.62247783,0.37372451,-0.08058322;-0.62247783,0.37523068,-0.08253326;-0.62247783,0.38267515,-0.09221285;-0.62247783,0.38700295,-0.10105393;-0.62247783,0.38896072,-0.10532496;-0.62247783,0.38959774,-0.106465;-0.62247783,0.3982744,-0.12109533;-0.62247783,0.40048423,-0.12481749;-0.62247783,0.40163411,-0.12951298;-0.62247783,0.403526,-0.13869153;-0.62247783,0.40730955,-0.14742897;-0.62247783,0.40930605,-0.15197243;-0.62247783,0.40892828,-0.15993208;-0.62247783,0.40153857,-0.1662456;-0.62247783,0.40050368,-0.16724997;-0.62247783,0.3998628,-0.16848252;-0.62247783,0.40088235,-0.17271623;-0.62247783,0.40691393,-0.17290821;-0.62247783,0.41563027,-0.17324833;-0.62247783,0.42398224,-0.17341865;-0.62247783,0.43290949,-0.17482184;-0.62247783,0.44819127,-0.1748315;-0.62247783,0.45169641,-0.17480613;-0.62247783,0.46919038,-0.17349282;-0.62247783,0.48935606,-0.17106735;-0.62247783,0.49376393,-0.16995896;-0.62247783,0.50869295,-0.16480371;-0.62247783,0.51807708,-0.16110249;-0.62247783,0.54254514,-0.14893498;-0.62247783,0.54735612,-0.14540828;-0.62247783,0.55356289,-0.13763802;-0.62247783,0.5659929,-0.11481268;-0.62247783,0.56827874,-0.1061999;-0.62247783,0.57206614,-0.07868561;-0.62247783,0.57319421,-0.06711309;-0.62247783,0.57556256,-0.03925869;-0.62247783,0.5755702,-0.02658042;-0.62247783,0.57284803,0.00279633;-0.62247783,0.57274101,0.00544129;-0.62247783,0.57323871,0.03547446;-0.62247783,0.57200627,0.0536858;-0.62247783,0.567871,0.08742541;-0.62247783,0.56261901,0.12209176;-0.62247783,0.55726124,0.16203792;-0.62247783,0.55666425,0.16600243;-0.62247783,0.55449881,0.17398518;-0.62247783,0.54751551,0.19716142;-0.62247783,0.53766744,0.22607007;-0.62247783,0.52814217,0.253469;-0.62247783,0.5245117,0.26265059;-0.62247783,0.51951045,0.27062641;-0.62247783,0.49280178,0.31363771;-0.62247783,0.48915207,0.31933557;-0.62247783,0.48554711,0.32260664;-0.62247783,0.4764475,0.32788577;-0.62247783,0.45801675,0.33852463;-0.62247783,0.44991344,0.34415053;-0.62247783,0.4339223,0.35779873;-0.62247783,0.42402271,0.36342355;-0.62247783,0.40803788,0.3680105;-0.62247783,0.39709878,0.36940614;-0.62247783,0.38087207,0.3704306;-0.62247783,0.3667538,0.36994381;-0.62247783,0.35935572,0.36749117;-0.62247783,0.34865663,0.36210609;-0.62247783,0.33797845,0.35798598;-0.62247783,0.32886919,0.3551165;-0.62247783,0.32014032,0.35213552;-0.62247783,0.3104859,0.34859122;-0.62247783,0.30184103,0.3453546;-0.62247783,0.29177845,0.34192876;-0.62247783,0.2858786,0.33990181;-0.62247783,0.27543135,0.33434307;-0.62247783,0.26868785,0.33082702;-0.62247783,0.25959073,0.32779194;-0.62247783,0.25232578,0.32543783;-0.62247783,0.24533401,0.3230638;-0.62247783,0.23763324,0.32075026;-0.62247783,0.23119119,0.31872672;-0.62247783,0.22453404,0.31842964;-0.62247783,0.2187477,0.31752088;-0.62247783,0.21645834,0.31644059;-0.62247783,0.20365811,0.30959713;-0.62247783,0.198055,0.3075724;-0.62247783,0.18865416,0.30358646;-0.62247783,0.17084702,0.29522316;-0.62247783,0.16364093,0.29228553;-0.62247783,0.1539934,0.28982892;-0.62247783,0.14080693,0.2876781;-0.62247783,0.13821078,0.28725729;-0.62247783,0.13548512,0.28653669;-0.62247783,0.12399901,0.28267133;-0.62247783,0.11295105,0.28124903;-0.62247783,0.10870444,0.28024501;-0.62247783,0.10539536,0.27879767;-0.62247783,0.09310079,0.27214395;-0.62247783,0.08926792,0.26993807;-0.62247783,0.07702808,0.2655655;-0.62247783,0.06744746,0.26516719;-0.62247783,0.06199345,0.25875214;-0.62247783,0.05416666,0.25418959;-0.62247783,0.04527016,0.25185019;-0.62247783,0.03731602,0.2504824;-0.62247783,0.0228956,0.2454097;-0.62247783,0.02162838,0.24449121;-0.62247783,0.00982393,0.23329322;-0.62247783,0.00796673,0.23220969;-0.62247783,0.0067721,0.23251797;-0.62247783,-0.00597518,0.2379432;-0.62247783,-0.01552724,0.24080358;-0.62247783,-0.02086064,0.24190362;-0.62247783,-0.03631999,0.2426572;-0.62247783,-0.03951296,0.24247078;-0.62247783,-0.04187767,0.24411912;-0.62247783,-0.0550869,0.25037633;-0.62247783,-0.06888711,0.25361249;-0.62247783,-0.07016935,0.25389261;-0.62247783,-0.07109061,0.25434737;-0.62247783,-0.08611084,0.2609247;-0.62247783,-0.09644044,0.26353225;-0.62247783,-0.10251968,0.26537909;-0.62247783,-0.11737702,0.26981581;-0.62247783,-0.11965543,0.27027428;-0.62247783,-0.12290123,0.27145865;-0.62247783,-0.13582873,0.27506775;-0.62247783,-0.14434086,0.27507622;-0.62247783,-0.14950968,0.27494065;-0.62247783,-0.15510305,0.27804275;-0.62247783,-0.1613964,0.28703734;-0.62247783,-0.16368468,0.29014789;-0.62247783,-0.16583563,0.29184738;-0.62247783,-0.16958682,0.29250861;-0.62247783,-0.17829723,0.2934317;-0.62247783,-0.18569869,0.29700983;-0.62247783,-0.19359862,0.30048528;-0.62247783,-0.20417545,0.30375267;-0.62247783,-0.20607605,0.30426192;-0.62247783,-0.20758525,0.30495615;-0.62247783,-0.21874273,0.30922991;-0.62247783,-0.22395225,0.31187569;-0.62247783,-0.23417874,0.31745712;-0.62247783,-0.23907393,0.3201204;-0.62247783,-0.2479189,0.32931293;-0.62247783,-0.25021602,0.33108478;-0.62247783,-0.26483355,0.33599694;-0.62247783,-0.27103893,0.33819181;-0.62247783,-0.28331949,0.34309466;-0.62247783,-0.28830291,0.34443629;-0.62247783,-0.29981828,0.34715904;-0.62247783,-0.30949222,0.34939218;-0.62247783,-0.31906419,0.35113455;-0.62247783,-0.33216802,0.35250499;-0.62247783,-0.33666282,0.35294733;-0.62247783,-0.34653689,0.35252898;-0.62247783,-0.35429689,0.35190046;-0.62247783,-0.35913893,0.35069675;-0.62247783,-0.37103773,0.34700195;-0.62247783,-0.385408,0.34479312;-0.62247783,-0.38786086,0.34412714;-0.62247783,-0.39524683,0.33881597;-0.62247783,-0.40322114,0.33273736;-0.62247783,-0.40455943,0.33172884;-0.62247783,-0.41571424,0.32417554;-0.62247783,-0.42320968,0.32206837;-0.62247783,-0.44439646,0.31237869;-0.62247783,-0.44687083,0.31074963;-0.62247783,-0.47061662,0.29304994;-0.62247783,-0.47856725,0.28506068;-0.62247783,-0.50635205,0.25574088;-0.62247783,-0.51149629,0.24648051;-0.62247783,-0.52732054,0.2208927;-0.62247783,-0.52860792,0.21885756;-0.62247783,-0.52853314,0.21718583;-0.62247783,-0.52948242,0.1947815;-0.62247783,-0.53137849,0.19098209;-0.62247783,-0.53824236,0.18618785;-0.62247783,-0.55111722,0.18385034;-0.62247783,-0.55936101,0.16400881;-0.62247783,-0.56092111,0.15568262;-0.62247783,-0.56232004,0.12436025;-0.62247783,-0.56272836,0.12224491;-0.62247783,-0.57316635,0.09424082;-0.62247783,-0.57770539,0.07280695;-0.62247783,-0.57792588,0.06025216;-0.62247783,-0.57798882,0.0346357;-0.62247783,-0.57849235,0.02636173;-0.62247783,-0.57920376,0.0184042;-0.62247783,-0.58360861,-0.01487878;-0.62247783,-0.57834765,-0.04706289;-0.62247783,-0.57468879,-0.06562182;-0.62247783,-0.57158623,-0.07828528;-0.62247783,-0.5639759,-0.09807046;-0.62247783,-0.5613041,-0.10666957;-0.62247783,-0.56103859,-0.10923446;-0.62247783,-0.56168739,-0.11729658;-0.62247783,-0.56562059,-0.14140579;-0.62247783,-0.56469907,-0.1566159;-0.62247783,-0.56101391,-0.19148062;-0.62247783,-0.55544,-0.2090477;-0.62247783,-0.5472297,-0.21826215;-0.62247783,-0.55064566,-0.23443123;-0.62247783,-0.55166852,-0.25526448;-0.62247783,-0.55193654,-0.26605962;-0.62247783,-0.55170478,-0.26996299;-0.62247783,-0.54960626,-0.27763148;-0.62247783,-0.54282005,-0.30222623;-0.62247783,-0.5381887,-0.31464639;-0.62247783,-0.53055468,-0.33277302;-0.62247783,-0.51899613,-0.34604881;-0.62247783,-0.50426795,-0.3623462;-0.62247783,-0.49246779,-0.37509578;-0.62247783,-0.48034743,-0.38459927;-0.62247783,-0.4699913,-0.3905057;-0.62247783,-0.462496,-0.3921807;-0.62247783,-0.44249364,-0.39711322;-0.62247783,-0.42809403,-0.40549512;-0.62247783,-0.41584423,-0.41092293;-0.62247783,-0.40494068,-0.41240365;-0.62247783,-0.38499329,-0.41483017;-0.62247783,-0.36005076,-0.41955442;-0.62247783,-0.35793442,-0.41996581;-0.62247783,-0.35509409,-0.42004016;-0.62247783,-0.33113194,-0.42003541;-0.62247783,-0.31606552,-0.41708066;-0.62247783,-0.31071263,-0.41591396;-0.62247783,-0.29850978,-0.41105393;-0.62247783,-0.29364761,-0.40690174;-0.62247783,-0.28239083,-0.39373005;-0.62247783,-0.27725274,-0.38668634;-0.62247783,-0.27276982,-0.3795191;-0.62247783,-0.27002438,-0.37413551;-0.62247783,-0.26504541,-0.36365373;-0.62247783,-0.25895632,-0.35222546;-0.62247783,-0.258219,-0.35006465;-0.62247783,-0.25493343,-0.33426723;-0.62247783,-0.25256983,-0.32520892;-0.62247783,-0.25110798,-0.31785512;-0.62247783,-0.25075168,-0.31438565;-0.62247783,-0.25111658,-0.3015385;-0.62247783,-0.2524264,-0.29169533;-0.62247783,-0.25283188,-0.28800473;-0.62247783,-0.25365066,-0.28030326;-0.62247783,-0.25413987,-0.27375318;-0.62247783,-0.25444516,-0.27197478;-0.62247783,-0.25686523,-0.26076801;-0.62247783,-0.25922386,-0.25620231;-0.62247783,-0.26700486,-0.24482357;-0.62247783,-0.27323472,-0.23822735;-0.62247783,-0.27744728,-0.23548787;-0.62247783,-0.28510538,-0.23140326;-0.62247783,-0.2899797,-0.22934198;-0.62247783,-0.29239392,-0.22792061;-0.62247783,-0.30268441,-0.22350328;-0.62247783,-0.31423195,-0.21876059;-0.62247783,-0.32045734,-0.21419122;-0.62247783,-0.32422072,-0.2114844;-0.62247783,-0.32627392,-0.21109125;-0.62247783,-0.33692696,-0.21065949;-0.62247783,-0.33949886,-0.21049551;-0.62247783,-0.3503424,-0.20849847;-0.62247783,-0.35807743,-0.20692905;-0.62247783,-0.3649182,-0.20695949;-0.62247783,-0.37237405,-0.20896087;-0.62247783,-0.3782342,-0.21029949;-0.62247783,-0.3808055,-0.21034973;-0.62247783,-0.38305387,-0.20803098;-0.62247783,-0.38347926,-0.20327881;-0.62247783,-0.38435016,-0.19596537;-0.62247783,-0.38686568,-0.19282886;-0.62247783,-0.39035743,-0.19165686;-0.62247783,-0.40301105,-0.18869288;-0.62247783,-0.41329488,-0.17927884;-0.62247783,-0.41468337,-0.17743524;-0.62247783,-0.42026201,-0.16575178;-0.62247783,-0.42091264,-0.16261879;-0.62247783,-0.42064238,-0.15747114;-0.62247783,-0.41887376,-0.14775086;-0.62247783,-0.41180221,-0.13650811;-0.62247783,-0.40826717,-0.13143622;-0.62247783,-0.40211533,-0.11995605;-0.62247783,-0.40101012,-0.11783952;-0.62247783,-0.39490296,-0.10543766;-0.62247783,-0.38982414,-0.0966283;-0.62247783,-0.38732754,-0.09254043;-0.62247783,-0.38250713,-0.0839708;-0.62247783,-0.37522189,-0.07736198;-0.62247783,-0.3651476,-0.06926867;-0.62247783,-0.36147614,-0.06417649;-0.62247783,-0.35400643,-0.059931;-0.62247783,-0.34781053,-0.05676197;-0.62247783,-0.34470415,-0.05179257;-0.62247783,-0.33952321,-0.04524322;-0.62247783,-0.33302594,-0.03372205;-0.62247783,-0.32581945,-0.02165705;-0.62247783,-0.32680339,-0.01028191;-0.62247783,-0.32992216,-0.00008027;-0.62247783,-0.33120145,0.00496407;-0.62247783,-0.33520293,0.01194957;-0.62247783,-0.33938545,0.01833571;-0.62247783,-0.34821116,0.02994035;-0.62247783,-0.3489325,0.03100797;-0.62247783,-0.35003872,0.03326649;-0.62247783,-0.35357132,0.04282609;-0.62247783,-0.35920696,0.04864501;-0.62247783,-0.36537263,0.05451526;-0.62247783,-0.36804175,0.05703413
-0.62247783,-0.00909281,-0.15444124;-0.62247783,-0.02037042,-0.15514248;-0.62247783,-0.02856037,-0.15490433;-0.62247783,-0.03269131,-0.1553529;-0.62247783,-0.03988462,-0.15618018;-0.62247783,-0.04575377,-0.15762398;-0.62247783,-0.05064248,-0.15808153;-0.62247783,-0.05349564,-0.15750527;-0.62247783,-0.06349626,-0.15497065;-0.62247783,-0.07473553,-0.15405271;-0.62247783,-0.08745756,-0.1567883;-0.62247783,-0.08953084,-0.15728706;-0.62247783,-0.09125154,-0.15763849;-0.62247783,-0.11222579,-0.16256045;-0.62247783,-0.12037337,-0.16752153;-0.62247783,-0.12431737,-0.16983054;-0.62247783,-0.12850013,-0.17133023;-0.62247783,-0.14223193,-0.17425778;-0.62247783,-0.15206948,-0.18372232;-0.62247783,-0.1576149,-0.18977915;-0.62247783,-0.16085224,-0.19422298;-0.62247783,-0.16505259,-0.19797594;-0.62247783,-0.1709071,-0.20568559;-0.62247783,-0.17284149,-0.2133817;-0.62247783,-0.1725995,-0.22447685;-0.62247783,-0.17288776,-0.23240843;-0.62247783,-0.1721366,-0.24019488;-0.62247783,-0.17224927,-0.25347542;-0.62247783,-0.16519624,-0.26525184;-0.62247783,-0.16058631,-0.27375798;-0.62247783,-0.15643571,-0.27927245;-0.62247783,-0.14666398,-0.29114759;-0.62247783,-0.14476046,-0.29347376;-0.62247783,-0.14408282,-0.29432941;-0.62247783,-0.14156159,-0.29795304;-0.62247783,-0.13587923,-0.30622207;-0.62247783,-0.12949568,-0.31476312;-0.62247783,-0.12780561,-0.31664342;-0.62247783,-0.11895794,-0.32529434;-0.62247783,-0.10144148,-0.34274295;-0.62247783,-0.09232538,-0.35246796;-0.62247783,-0.08870501,-0.3569789;-0.62247783,-0.08101748,-0.36702717;-0.62247783,-0.07832575,-0.37024051;-0.62247783,-0.07384443,-0.37577958;-0.62247783,-0.07115782,-0.38100376;-0.62247783,-0.0682267,-0.38647046;-0.62247783,-0.06392143,-0.39424501;-0.62247783,-0.06243229,-0.39715656;-0.62247783,-0.05669246,-0.40771057;-0.62247783,-0.05535829,-0.41091829;-0.62247783,-0.0509825,-0.42848203;-0.62247783,-0.05067076,-0.43050667;-0.62247783,-0.05091599,-0.43417697;-0.62247783,-0.05277845,-0.4471919;-0.62247783,-0.05598559,-0.46300051;-0.62247783,-0.05622283,-0.46400113;-0.62247783,-0.05725885,-0.46692526;-0.62247783,-0.06229041,-0.48070325;-0.62247783,-0.06473492,-0.48662053;-0.62247783,-0.07058432,-0.49710062;-0.62247783,-0.0759856,-0.50533531;-0.62247783,-0.08191517,-0.51447773;-0.62247783,-0.09932327,-0.53492471;-0.62247783,-0.12215724,-0.55654848;-0.62247783,-0.12903422,-0.56224679;-0.62247783,-0.14893034,-0.57808755;-0.62247783,-0.16130742,-0.58726874;-0.62247783,-0.17585632,-0.59707112;-0.62247783,-0.19869119,-0.61247485;-0.62247783,-0.2036167,-0.61559179;-0.62247783,-0.22447347,-0.62834576;-0.62247783,-0.22931926,-0.63123045;-0.62247783,-0.23061029,-0.63199468;-0.62247783,-0.25876817,-0.64826741;-0.62247783,-0.27364163,-0.65541816;-0.62247783,-0.30221527,-0.66666945;-0.62247783,-0.3232035,-0.67281397;-0.62247783,-0.34865162,-0.68140521;-0.62247783,-0.35779005,-0.6841839;-0.62247783,-0.39185829,-0.69295012;-0.62247783,-0.3955828,-0.69347965;-0.62247783,-0.41871679,-0.69262628;-0.62247783,-0.4251286,-0.69224357;-0.62247783,-0.4265786,-0.69213771;-0.62247783,-0.44913235,-0.69028989;-0.62247783,-0.46744274,-0.68631287;-0.62247783,-0.48541451,-0.6790634;-0.62247783,-0.52075829,-0.66191014;-0.62247783,-0.54213094,-0.65107575;-0.62247783,-0.55229058,-0.64450641;-0.62247783,-0.57096677,-0.62865546;-0.62247783,-0.58636617,-0.61245114;-0.62247783,-0.59329631,-0.60321087;-0.62247783,-0.59599639,-0.59465394;-0.62247783,-0.60284109,-0.57018019;-0.62247783,-0.60550851,-0.55051879;-0.62247783,-0.60748271,-0.53333044;-0.62247783,-0.60857374,-0.50984867;-0.62247783,-0.60905108,-0.4947865;-0.62247783,-0.60916181,-0.47036176;-0.62247783,-0.60890659,-0.45536006;-0.62247783,-0.60838823,-0.4316029;-0.62247783,-0.6075307,-0.41522312;-0.62247783,-0.60670834,-0.3934725;-0.62247783,-0.60549109,-0.37469719;-0.62247783,-0.60490955,-0.35567771;-0.62247783,-0.60434632,-0.33508279;-0.62247783,-0.60451664,-0.27838073;-0.62247783,-0.60522232,-0.25896164;-0.62247783,-0.6060806,-0.23967404;-0.62247783,-0.60791472,-0.2210652;-0.62247783,-0.60850387,-0.19793708;-0.62247783,-0.6081525,-0.18121396;-0.62247783,-0.60777163,-0.15869394;-0.62247783,-0.60717793,-0.13982782;-0.62247783,-0.60708823,-0.12072485;-0.62247783,-0.60741763,-0.10155109;-0.62247783,-0.60695115,-0.08173323;-0.62247783,-0.60520236,-0.06162995;-0.62247783,-0.60373655,-0.04520579;-0.62247783,-0.59887668,-0.01347062;-0.62247783,-0.59839177,0.01992565;-0.62247783,-0.5989734,0.03238401;-0.62247783,-0.6027945,0.05720436;-0.62247783,-0.604297,0.07334843;-0.62247783,-0.60643845,0.0930373;-0.62247783,-0.60941242,0.15478666;-0.62247783,-0.61042558,0.16961401;-0.62247783,-0.6112457,0.19522908;-0.62247783,-0.61171899,0.20813041;-0.62247783,-0.61253897,0.23471121;-0.62247783,-0.61332137,0.24620579;-0.62247783,-0.61445145,0.27548634;-0.62247783,-0.61504167,0.28433703;-0.62247783,-0.61610152,0.31564284;-0.62247783,-0.61648981,0.32269622;-0.62247783,-0.61742814,0.35550358;-0.62247783,-0.61771019,0.36111455;-0.62247783,-0.61844888,0.39524856;-0.62247783,-0.61859581,0.40005185;-0.62247783,-0.61861759,0.43471512;-0.62247783,-0.61848683,0.43924859;-0.62247783,-0.61711136,0.47252398;-0.62247783,-0.61662968,0.47591571;-0.62247783,-0.60783165,0.50057067;-0.62247783,-0.59117443,0.50966849;-0.62247783,-0.58889583,0.51022897;-0.62247783,-0.56443068,0.51186325;-0.62247783,-0.5613846,0.51198871;-0.62247783,-0.5356156,0.51362594;-0.62247783,-0.53238812,0.51432577;-0.62247783,-0.5305088,0.51703317;-0.62247783,-0.51614173,0.54286086;-0.62247783,-0.49161565,0.55324566;-0.62247783,-0.4880841,0.55390927;-0.62247783,-0.45527019,0.55539279;-0.62247783,-0.45027308,0.55541762;-0.62247783,-0.4166295,0.55514161;-0.62247783,-0.41071026,0.55493488;-0.62247783,-0.377825,0.55404849;-0.62247783,-0.37013097,0.55356084;-0.62247783,-0.33925003,0.55230538;-0.62247783,-0.33112502,0.55162595;-0.62247783,-0.30221619,0.54818534;-0.62247783,-0.2831319,0.54236734;-0.62247783,-0.23989007,0.53290223;-0.62247783,-0.23466374,0.52953362;-0.62247783,-0.21380796,0.51259217;-0.62247783,-0.19953295,0.4974465;-0.62247783,-0.19625313,0.49391653;-0.62247783,-0.1924967,0.49238304;-0.62247783,-0.17565793,0.48627197;-0.62247783,-0.15011541,0.47209158;-0.62247783,-0.13961634,0.46577212;-0.62247783,-0.13754861,0.46467576;-0.62247783,-0.12430472,0.45855272;-0.62247783,-0.11144276,0.45322511;-0.62247783,-0.10807103,0.45188315;-0.62247783,-0.10520581,0.45094549;-0.62247783,-0.09323986,0.44682543;-0.62247783,-0.08094252,0.44283687;-0.62247783,-0.07786348,0.44194502;-0.62247783,-0.07529941,0.44133589;-0.62247783,-0.06293154,0.43942896;-0.62247783,-0.05533084,0.43894956;-0.62247783,-0.04486684,0.43754806;-0.62247783,-0.0320704,0.43564812;-0.62247783,-0.01579827,0.4355618;-0.62247783,-0.01232107,0.43527887;-0.62247783,-0.00465668,0.43379635;-0.62247783,0.00137874,0.43261133;-0.62247783,0.00381768,0.43266417;-0.62247783,0.00875086,0.43376508;-0.62247783,0.01833952,0.43586768;-0.62247783,0.02302589,0.43618958;-0.62247783,0.0346498,0.43588981;-0.62247783,0.03750868,0.43629949;-0.62247783,0.04909564,0.43911455;-0.62247783,0.06001243,0.44072387;-0.62247783,0.0649894,0.44135683;-0.62247783,0.07218254,0.44395646;-0.62247783,0.07900758,0.44648317;-0.62247783,0.08568013,0.4487273;-0.62247783,0.09406352,0.45141265;-0.62247783,0.10345165,0.4553275;-0.62247783,0.1089963,0.45765393;-0.62247783,0.11539074,0.46039037;-0.62247783,0.12386084,0.46397083;-0.62247783,0.12993802,0.46705857;-0.62247783,0.13903593,0.47194341;-0.62247783,0.15085602,0.47885873;-0.62247783,0.15408195,0.48051153;-0.62247783,0.159205,0.48198895;-0.62247783,0.17227318,0.48524156;-0.62247783,0.18979981,0.49113345;-0.62247783,0.19450161,0.4937467;-0.62247783,0.21158346,0.50500061;-0.62247783,0.23806302,0.52483731;-0.62247783,0.23999169,0.52617881;-0.62247783,0.2656713,0.54194514;-0.62247783,0.29145853,0.54795548;-0.62247783,0.30175971,0.548928;-0.62247783,0.3303199,0.54912739;-0.62247783,0.3418338,0.54836685;-0.62247783,0.36772063,0.54695005;-0.62247783,0.38301038,0.54520396;-0.62247783,0.40352759,0.54416212;-0.62247783,0.42174521,0.54331258;-0.62247783,0.4408686,0.5427606;-0.62247783,0.46418915,0.54183811;-0.62247783,0.4763207,0.54202558;-0.62247783,0.49392715,0.54376919;-0.62247783,0.51113228,0.53899745;-0.62247783,0.52023755,0.52171812;-0.62247783,0.52341784,0.51441285;-0.62247783,0.52964798,0.51083683;-0.62247783,0.53493781,0.5103388;-0.62247783,0.55821014,0.50890767;-0.62247783,0.5627455,0.50826237;-0.62247783,0.56638605,0.50770588;-0.62247783,0.60242787,0.49517126;-0.62247783,0.61383506,0.47415776;-0.62247783,0.61456447,0.469682;-0.62247783,0.61751632,0.39991442;-0.62247783,0.61760402,0.39481515;-0.62247783,0.61760838,0.36118389;-0.62247783,0.61752024,0.35574852;-0.62247783,0.61708795,0.32240863;-0.62247783,0.61689097,0.31619602;-0.62247783,0.61627736,0.28375395;-0.62247783,0.61599786,0.27626852;-0.62247783,0.61528519,0.24504146;-0.62247783,0.614897,0.23632359;-0.62247783,0.61407824,0.20648106;-0.62247783,0.61356183,0.19658978;-0.62247783,0.6131464,0.16863706;-0.62247783,0.61314404,0.15715282;-0.62247783,0.61268664,0.12925514;-0.62247783,0.611969,0.11602522;-0.62247783,0.61112818,0.09064828;-0.62247783,0.61034471,0.07645457;-0.62247783,0.61014022,0.05350011;-0.62247783,0.61054261,0.03674195;-0.62247783,0.6106215,-0.02430027;-0.62247783,0.61040575,-0.04119699;-0.62247783,0.61007316,-0.06326086;-0.62247783,0.60947442,-0.08078605;-0.62247783,0.60915871,-0.10257766;-0.62247783,0.60896796,-0.1200971;-0.62247783,0.60913245,-0.14216048;-0.62247783,0.60969846,-0.15828254;-0.62247783,0.61025564,-0.18288371;-0.62247783,0.61077099,-0.19620119;-0.62247783,0.6113556,-0.22187592;-0.62247783,0.61181432,-0.23419278;-0.62247783,0.61249201,-0.26142521;-0.62247783,0.61302009,-0.27252622;-0.62247783,0.61370068,-0.30139346;-0.62247783,0.61403128,-0.31109206;-0.62247783,0.61439248,-0.34107557;-0.62247783,0.61446539,-0.35000056;-0.62247783,0.61420474,-0.38031986;-0.62247783,0.61385271,-0.38943254;-0.62247783,0.61234186,-0.41868002;-0.62247783,0.61076433,-0.42985811;-0.62247783,0.6065895,-0.4546115;-0.62247783,0.5984983,-0.47491866;-0.62247783,0.59423526,-0.48418557;-0.62247783,0.58608086,-0.4884342;-0.62247783,0.57419348,-0.48992771;-0.62247783,0.55363863,-0.4922947;-0.62247783,0.54045379,-0.49473807;-0.62247783,0.51982483,-0.49851731;-0.62247783,0.48941253,-0.50714018;-0.62247783,0.48684539,-0.50806671;-0.62247783,0.45159824,-0.52368021;-0.62247783,0.43751754,-0.53193028;-0.62247783,0.42252457,-0.54253368;-0.62247783,0.41626355,-0.54836925;-0.62247783,0.39496762,-0.57021322;-0.62247783,0.38394819,-0.5826229;-0.62247783,0.37499527,-0.5929173;-0.62247783,0.35331117,-0.61862366;-0.62247783,0.35210679,-0.61993257;-0.62247783,0.35007865,-0.62122019;-0.62247783,0.32578654,-0.63512897;-0.62247783,0.31455733,-0.64002733;-0.62247783,0.29652268,-0.64626137;-0.62247783,0.28632875,-0.64849936;-0.62247783,0.25536576,-0.65107863;-0.62247783,0.24890725,-0.65083761;-0.62247783,0.2242981,-0.64673063;-0.62247783,0.21281009,-0.64421403;-0.62247783,0.19107558,-0.63756265;-0.62247783,0.16455012,-0.62824824;-0.62247783,0.16048875,-0.62664005;-0.62247783,0.15703675,-0.62475598;-0.62247783,0.13248653,-0.61004914;-0.62247783,0.1148574,-0.59836889;-0.62247783,0.10752552,-0.59231819;-0.62247783,0.08583479,-0.57174409;-0.62247783,0.08459234,-0.57046995;-0.62247783,0.0641905,-0.54754587;-0.62247783,0.06207868,-0.544581;-0.62247783,0.06129263,-0.53908458;-0.62247783,0.06035637,-0.52120306;-0.62247783,0.06102291,-0.50148363;-0.62247783,0.0612072,-0.49887623;-0.62247783,0.06296902,-0.4890143;-0.62247783,0.06461499,-0.4805995;-0.62247783,0.06495614,-0.47898655;-0.62247783,0.06815148,-0.462926;-0.62247783,0.06947049,-0.45753363;-0.62247783,0.07232852,-0.44462128;-0.62247783,0.07446698,-0.43674734;-0.62247783,0.07727018,-0.42574358;-0.62247783,0.08076295,-0.41512628;-0.62247783,0.0835545,-0.40748511;-0.62247783,0.09083391,-0.3927145;-0.62247783,0.09851594,-0.37693245;-0.62247783,0.09962991,-0.37389304;-0.62247783,0.10327161,-0.36121238;-0.62247783,0.10805289,-0.35076611;-0.62247783,0.1100667,-0.34576288;-0.62247783,0.11169947,-0.34134163;-0.62247783,0.1146736,-0.33076598;-0.62247783,0.11737148,-0.32076069;-0.62247783,0.11907426,-0.31616297;-0.62247783,0.12377408,-0.30422038;-0.62247783,0.12427172,-0.30297859;-0.62247783,0.12534405,-0.30094424;-0.62247783,0.1310201,-0.29025684;-0.62247783,0.13578746,-0.28107026;-0.62247783,0.13639237,-0.27988614;-0.62247783,0.14051586,-0.27107673;-0.62247783,0.14558363,-0.25723864;-0.62247783,0.14628469,-0.25537769;-0.62247783,0.15177918,-0.24105895;-0.62247783,0.15326736,-0.23460032;-0.62247783,0.15423139,-0.22249499;-0.62247783,0.15450502,-0.21793292;-0.62247783,0.15513421,-0.20484409;-0.62247783,0.15183111,-0.19392187;-0.62247783,0.15066476,-0.19141401;-0.62247783,0.15003144,-0.19051826;-0.62247783,0.1417633,-0.18008203;-0.62247783,0.13740215,-0.17495635;-0.62247783,0.13070745,-0.16897037;-0.62247783,0.12374109,-0.16534234;-0.62247783,0.11462484,-0.16233094;-0.62247783,0.10761212,-0.1602679;-0.62247783,0.09529385,-0.156608;-0.62247783,0.09022585,-0.15577941;-0.62247783,0.08678119,-0.15584084;-0.62247783,0.0738346,-0.15639962;-0.62247783,0.06796147,-0.15634019;-0.62247783,0.0606279,-0.15574948;-0.62247783,0.05256489,-0.15517173;-0.62247783,0.04914194,-0.15479989;-0.62247783,0.04807568,-0.15470225;-0.62247783,0.03632038,-0.15292215;-0.62247783,0.03459582,-0.15279609;-0.62247783,0.0248621,-0.15291785;-0.62247783,0.01186258,-0.15308761;-0.62247783,0.00405407,-0.15297485;-0.62247783,-0.00519269,-0.15402035
-0.62247783,0.12094021,-0.04831543;-0.62247783,0.12371183,-0.04898786;-0.62247783,0.13380975,-0.04846358;-0.62247783,0.13827244,-0.04728613;-0.62247783,0.14404541,-0.04659131;-0.62247783,0.15421444,-0.04596486;-0.62247783,0.16438077,-0.04722567;-0.62247783,0.17233277,-0.04802725;-0.62247783,0.18384158,-0.04767443;-0.62247783,0.18877619,-0.04729206;-0.62247783,0.1966904,-0.04545017;-0.62247783,0.20474225,-0.04254935;-0.62247783,0.22096878,-0.03527971;-0.62247783,0.22187958,-0.03486794;-0.62247783,0.23653049,-0.02799106;-0.62247783,0.24244097,-0.02323621;-0.62247783,0.24989335,-0.01950019;-0.62247783,0.2629193,-0.01752471;-0.62247783,0.26798103,-0.01471178;-0.62247783,0.26931884,-0.00845432;-0.62247783,0.26293184,-0.00145371;-0.62247783,0.24527984,0.014051;-0.62247783,0.24452723,0.01464717;-0.62247783,0.24386425,0.01526855;-0.62247783,0.23147015,0.02481696;-0.62247783,0.22182684,0.02863769;-0.62247783,0.21475508,0.02986486;-0.62247783,0.20365008,0.03161434;-0.62247783,0.19402949,0.03384129;-0.62247783,0.18085343,0.03571493;-0.62247783,0.17789539,0.03601468;-0.62247783,0.16615873,0.03621758;-0.62247783,0.15816771,0.03685621;-0.62247783,0.15047106,0.03905206;-0.62247783,0.14131275,0.03588287;-0.62247783,0.12665619,0.02725344;-0.62247783,0.1198576,0.02467665;-0.62247783,0.10795729,0.02169323;-0.62247783,0.09900267,0.01878278;-0.62247783,0.09193993,0.01582614;-0.62247783,0.07635928,0.0096346;-0.62247783,0.06275137,0.0038333;-0.62247783,0.05705286,0.0034742;-0.62247783,0.05186935,0.00492099;-0.62247783,0.044026,0.00799336;-0.62247783,0.03319199,0.01008048;-0.62247783,0.02967786,0.01076853;-0.62247783,0.02630624,0.01148164;-0.62247783,0.01492068,0.01365543;-0.62247783,0.00497874,0.01321102;-0.62247783,-0.00103418,0.0118378;-0.62247783,-0.01038085,0.00873236;-0.62247783,-0.01654387,0.00814917;-0.62247783,-0.02276193,0.00836719;-0.62247783,-0.03069466,0.00975209;-0.62247783,-0.04415254,0.01017825;-0.62247783,-0.04720016,0.01021927;-0.62247783,-0.06090248,0.01088858;-0.62247783,-0.07429638,0.01124168;-0.62247783,-0.08065355,0.0114775;-0.62247783,-0.09133266,0.01174428;-0.62247783,-0.09712388,0.01340312;-0.62247783,-0.10721246,0.01730291;-0.62247783,-0.11234894,0.02060085;-0.62247783,-0.1184318,0.02620193;-0.62247783,-0.12539491,0.03172353;-0.62247783,-0.13058527,0.03420229;-0.62247783,-0.14347586,0.03720238;-0.62247783,-0.14757789,0.03816393;-0.62247783,-0.15996078,0.04268182;-0.62247783,-0.17461165,0.04738631;-0.62247783,-0.18855033,0.04315064;-0.62247783,-0.1967915,0.03516157;-0.62247783,-0.19862838,0.03201203;-0.62247783,-0.2044858,0.02700649;-0.62247783,-0.20919328,0.02482601;-0.62247783,-0.22002547,0.02458529;-0.62247783,-0.22932398,0.02796129;-0.62247783,-0.23297032,0.02858737;-0.62247783,-0.23437397,0.0280966;-0.62247783,-0.23857656,0.02408501;-0.62247783,-0.24253551,0.01648712;-0.62247783,-0.24670036,0.00869195;-0.62247783,-0.24970712,0.00466814;-0.62247783,-0.25104596,0.00366701;-0.62247783,-0.25413037,0.0027326;-0.62247783,-0.26671054,-0.00009651;-0.62247783,-0.27333612,-0.00152288;-0.62247783,-0.28432587,-0.00274293;-0.62247783,-0.29231409,0.00133918;-0.62247783,-0.29887689,0.00321844;-0.62247783,-0.30405001,0.00140806;-0.62247783,-0.30457974,-0.00287864;-0.62247783,-0.30101766,-0.00717466;-0.62247783,-0.2928067,-0.01342992;-0.62247783,-0.28479162,-0.02239111;-0.62247783,-0.27758923,-0.02530608;-0.62247783,-0.26613633,-0.02625865;-0.62247783,-0.26414361,-0.02614668;-0.62247783,-0.26245137,-0.02655523;-0.62247783,-0.25048707,-0.02827582;-0.62247783,-0.24702888,-0.0302444;-0.62247783,-0.24073,-0.03569741;-0.62247783,-0.24457616,-0.0432539;-0.62247783,-0.24943625,-0.05046835;-0.62247783,-0.24283342,-0.05897007;-0.62247783,-0.2379707,-0.06191239;-0.62247783,-0.22730223,-0.06461994;-0.62247783,-0.22488475,-0.06461031;-0.62247783,-0.21213843,-0.06091423;-0.62247783,-0.20444902,-0.05926212;-0.62247783,-0.19623616,-0.05746739;-0.62247783,-0.18579937,-0.05553601;-0.62247783,-0.18021777,-0.05389243;-0.62247783,-0.17072801,-0.05028793;-0.62247783,-0.16668922,-0.04855956;-0.62247783,-0.16429374,-0.04802095;-0.62247783,-0.15227465,-0.04505732;-0.62247783,-0.13965242,-0.04207803;-0.62247783,-0.13047563,-0.0399882;-0.62247783,-0.12536055,-0.03826826;-0.62247783,-0.11811073,-0.03655324;-0.62247783,-0.11089818,-0.03557249;-0.62247783,-0.0967262,-0.03678463;-0.62247783,-0.09294898,-0.03737368;-0.62247783,-0.07958545,-0.04120528;-0.62247783,-0.07426384,-0.04220855;-0.62247783,-0.06861727,-0.04224827;-0.62247783,-0.05975603,-0.04152701;-0.62247783,-0.05529525,-0.04126352;-0.62247783,-0.04633462,-0.03974726;-0.62247783,-0.0383352,-0.03606786;-0.62247783,-0.02869601,-0.03505397;-0.62247783,-0.01911162,-0.03807404;-0.62247783,-0.01284341,-0.04158813;-0.62247783,0.00004643,-0.04451712;-0.62247783,0.01331192,-0.04253057;-0.62247783,0.01497183,-0.04199113;-0.62247783,0.02670542,-0.03527402;-0.62247783,0.03723563,-0.03242943;-0.62247783,0.04726207,-0.03368396;-0.62247783,0.05298804,-0.03495532;-0.62247783,0.06595408,-0.03788355;-0.62247783,0.06780619,-0.03811075;-0.62247783,0.07453064,-0.03939611;-0.62247783,0.08295378,-0.04059976;-0.62247783,0.08429362,-0.04071085;-0.62247783,0.10427541,-0.0426813
-0.62247783,-0.07412132,-0.2361522;-0.62247783,-0.0687393,-0.22707577;-0.62247783,-0.06188999,-0.21809531;-0.62247783,-0.05382675,-0.20959788;-0.62247783,-0.0459576,-0.20332717;-0.62247783,-0.03470341,-0.19628172;-0.62247783,-0.0267313,-0.19297451;-0.62247783,-0.01308341,-0.18974167;-0.62247783,-0.00494445,-0.18937633;-0.62247783,0.01746192,-0.19248693;-0.62247783,0.02888171,-0.19627282;-0.62247783,0.03824174,-0.20113521;-0.62247783,0.0559103,-0.21446051;-0.62247783,0.06281841,-0.2214572;-0.62247783,0.07020581,-0.23101752;-0.62247783,0.07536108,-0.23958137;-0.62247783,0.07995259,-0.25017137;-0.62247783,0.08322448,-0.26075347;-0.62247783,0.08480757,-0.27093263;-0.62247783,0.08527725,-0.28319859;-0.62247783,0.08426089,-0.29169956;-0.62247783,0.08069033,-0.3054893;-0.62247783,0.07773042,-0.31267887;-0.62247783,0.07053854,-0.3250785;-0.62247783,0.06597773,-0.33092019;-0.62247783,0.05457854,-0.34207881;-0.62247783,0.04838804,-0.34673731;-0.62247783,0.03469924,-0.35434975;-0.62247783,0.02709514,-0.35740414;-0.62247783,0.01278045,-0.36096043;-0.62247783,0.00479426,-0.36194483;-0.62247783,-0.01065151,-0.36193881;-0.62247783,-0.01793638,-0.36101777;-0.62247783,-0.03381863,-0.35707911;-0.62247783,-0.0396262,-0.35468497;-0.62247783,-0.05465343,-0.34585041;-0.62247783,-0.05891951,-0.34237079;-0.62247783,-0.07048689,-0.32917249;-0.62247783,-0.0735796,-0.32410937;-0.62247783,-0.08192103,-0.3023386;-0.62247783,-0.08462923,-0.28873882;-0.62247783,-0.08535897,-0.27942615;-0.62247783,-0.08418579,-0.26752395;-0.62247783,-0.08221004,-0.25682127;-0.62247783,-0.07880843,-0.24673151
-0.62247783,0.24953789,-0.255929;-0.62247783,0.2489411,-0.25864077;-0.62247783,0.24732667,-0.26978085;-0.62247783,0.24620691,-0.27653763;-0.62247783,0.24497358,-0.28267229;-0.62247783,0.24363297,-0.29266038;-0.62247783,0.24316533,-0.29580753;-0.62247783,0.24096156,-0.30824666;-0.62247783,0.2406885,-0.31842484;-0.62247783,0.24061302,-0.3271209;-0.62247783,0.24041674,-0.34757555;-0.62247783,0.24126886,-0.36038298;-0.62247783,0.24171459,-0.36392294;-0.62247783,0.24367505,-0.37891596;-0.62247783,0.24403317,-0.38046711;-0.62247783,0.2487776,-0.39554024;-0.62247783,0.25212853,-0.40312636;-0.62247783,0.25639656,-0.41113191;-0.62247783,0.26303027,-0.42001288;-0.62247783,0.26772317,-0.42428609;-0.62247783,0.28167491,-0.43281183;-0.62247783,0.28944765,-0.43551026;-0.62247783,0.30225869,-0.43708955;-0.62247783,0.32649133,-0.434652;-0.62247783,0.32827771,-0.43439374;-0.62247783,0.3292325,-0.43375052;-0.62247783,0.33113968,-0.43153321;-0.62247783,0.347013,-0.41235688;-0.62247783,0.35081836,-0.40600063;-0.62247783,0.36248891,-0.37796196;-0.62247783,0.36544209,-0.36907008;-0.62247783,0.36800349,-0.36027754;-0.62247783,0.37124895,-0.34751636;-0.62247783,0.37260718,-0.34212689;-0.62247783,0.37671021,-0.32532782;-0.62247783,0.37857253,-0.31769999;-0.62247783,0.38092266,-0.3092079;-0.62247783,0.385002,-0.29424751;-0.62247783,0.38545027,-0.29263291;-0.62247783,0.39012263,-0.27694416;-0.62247783,0.39258761,-0.26818445;-0.62247783,0.39502328,-0.2609138;-0.62247783,0.39882267,-0.24783314;-0.62247783,0.39955371,-0.24556396;-0.62247783,0.40180532,-0.23706692;-0.62247783,0.40328646,-0.22981177;-0.62247783,0.40373472,-0.22551796;-0.62247783,0.40556589,-0.21396397;-0.62247783,0.40635389,-0.20214719;-0.62247783,0.40655949,-0.19861594;-0.62247783,0.40398768,-0.19223547;-0.62247783,0.3949059,-0.18767767;-0.62247783,0.39158521,-0.18590375;-0.62247783,0.38859163,-0.1850759;-0.62247783,0.37699376,-0.18212831;-0.62247783,0.37011279,-0.18257767;-0.62247783,0.36580717,-0.18315785;-0.62247783,0.35448781,-0.18393463;-0.62247783,0.34482559,-0.186007;-0.62247783,0.33603829,-0.18717645;-0.62247783,0.32971765,-0.18839546;-0.62247783,0.31452287,-0.19270819;-0.62247783,0.29994728,-0.19830733;-0.62247783,0.29419981,-0.20166691;-0.62247783,0.28063031,-0.21038781;-0.62247783,0.27215888,-0.2182959;-0.62247783,0.26889686,-0.22159591;-0.62247783,0.26127731,-0.230359;-0.62247783,0.25919548,-0.23366415;-0.62247783,0.25664058,-0.23943495;-0.62247783,0.25196646,-0.24997544
-0.62247783,0.57145533,-0.78329173;-0.62247783,0.57390624,-0.77231245;-0.62247783,0.58126342,-0.76090827;-0.62247783,0.58944461,-0.75299376;-0.62247783,0.59770249,-0.7587571;-0.62247783,0.60137651,-0.76926425;-0.62247783,0.60557647,-0.78220807;-0.62247783,0.60330064,-0.7966804;-0.62247783,0.59376974,-0.8007915;-0.62247783,0.58634186,-0.80033359;-0.62247783,0.57721362,-0.79647986
-0.62247783,-0.41888634,-0.11572936;-0.62247783,-0.41882013,-0.11458355;-0.62247783,-0.41839895,-0.11422827;-0.62247783,-0.41692053,-0.11391383;-0.62247783,-0.4151831,-0.11558106;-0.62247783,-0.41774226,-0.11626115
-0.62247783,-0.00476474,0.16653555;-0.62247783,-0.00546594,0.16453413;-0.62247783,-0.00381349,0.16221182;-0.62247783,-0.00233062,0.16296518;-0.62247783,-0.00299119,0.16537418
-0.62247783,-0.29878828,-0.04730822;-0.62247783,-0.29810322,-0.04755156;-0.62247783,-0.29714994,-0.04726033;-0.62247783,-0.29655056,-0.04601432;-0.62247783,-0.29773186,-0.04448248;-0.62247783,-0.29912928,-0.04626596
-0.05379286,-0.62247783,0.17459885;-0.05203743,-0.62247783,0.17467685;-0.04722319,-0.62247783,0.17388767;-0.03351279,-0.62247783,0.17166014;-0.03237591,-0.62247783,0.17169088;-0.01526689,-0.62247783,0.17421174;-0.01207184,-0.62247783,0.1746737;0.00313484,-0.62247783,0.17626825;0.01610709,-0.62247783,0.17626427;0.01963993,-0.62247783,0.17639937;0.02248342,-0.62247783,0.17575735;0.02906744,-0.62247783,0.17373964;0.03936093,-0.62247783,0.17143652;0.04219537,-0.62247783,0.17140143;0.0616501,-0.62247783,0.17226988;0.06530307,-0.62247783,0.17318621;0.07318396,-0.62247783,0.17596061;0.08449374,-0.62247783,0.17716258;0.089344,-0.62247783,0.17831472;0.09414428,-0.62247783,0.17651469;0.10782238,-0.62247783,0.17241415;0.1147412,-0.62247783,0.17062275;0.12410369,-0.62247783,0.16990771;0.13625264,-0.62247783,0.17027183;0.13838063,-0.62247783,0.17051716;0.15045741,-0.62247783,0.17414815;0.15227282,-0.62247783,0.17469784;0.16571877,-0.62247783,0.18018581;0.16795632,-0.62247783,0.18143252;0.16896258,-0.62247783,0.18407722;0.16692629,-0.62247783,0.18666371;0.15784537,-0.62247783,0.19690942;0.15276869,-0.62247783,0.20087906;0.14223373,-0.62247783,0.20886315;0.13648756,-0.62247783,0.21149618;0.12080131,-0.62247783,0.21652473;0.11920854,-0.62247783,0.21701435;0.1035173,-0.62247783,0.22132807;0.0999574,-0.62247783,0.22243791;0.0867283,-0.62247783,0.22472465;0.07933291,-0.62247783,0.22577215;0.07055354,-0.62247783,0.22540285;0.05667841,-0.62247783,0.22347613;0.05527857,-0.62247783,0.2231961;0.05411132,-0.62247783,0.22308072;0.03920758,-0.62247783,0.22146313;0.02954817,-0.62247783,0.21940376;0.02400093,-0.62247783,0.21831987;0.02007183,-0.62247783,0.21686631;0.01047771,-0.62247783,0.21525006;-0.00343147,-0.62247783,0.21313005;-0.00520988,-0.62247783,0.21280061;-0.0090518,-0.62247783,0.21353096;-0.02132154,-0.62247783,0.21608736;-0.02744232,-0.62247783,0.21846425;-0.0376085,-0.62247783,0.22294315;-0.04352586,-0.62247783,0.22546204;-0.05226647,-0.62247783,0.22683229;-0.05644374,-0.62247783,0.22649686;-0.0688822,-0.62247783,0.22127244;-0.06986393,-0.62247783,0.22078874;-0.0717202,-0.62247783,0.22105882;-0.0871257,-0.62247783,0.22365775;-0.09840808,-0.62247783,0.22644003;-0.10429425,-0.62247783,0.22695195;-0.10891014,-0.62247783,0.22614135;-0.12215831,-0.62247783,0.22150191;-0.12770471,-0.62247783,0.22008813;-0.15545803,-0.62247783,0.21448586;-0.15725059,-0.62247783,0.21414148;-0.15896219,-0.62247783,0.21323811;-0.16372032,-0.62247783,0.20874459;-0.17038236,-0.62247783,0.20190961;-0.17421867,-0.62247783,0.19981976;-0.17820191,-0.62247783,0.19829266;-0.18967931,-0.62247783,0.19429799;-0.19610966,-0.62247783,0.18811398;-0.19830047,-0.62247783,0.17727511;-0.19651173,-0.62247783,0.17140514;-0.20093966,-0.62247783,0.16649807;-0.21158341,-0.62247783,0.170731;-0.22191925,-0.62247783,0.17269933;-0.22519461,-0.62247783,0.17177138;-0.22995819,-0.62247783,0.16770077;-0.2272503,-0.62247783,0.16072235;-0.22473149,-0.62247783,0.15687567;-0.21844703,-0.62247783,0.15196226;-0.21266787,-0.62247783,0.15143592;-0.19471363,-0.62247783,0.15198416;-0.1758608,-0.62247783,0.15138154;-0.17038861,-0.62247783,0.151332;-0.16111295,-0.62247783,0.15312649;-0.15170767,-0.62247783,0.15991352;-0.14451598,-0.62247783,0.16351717;-0.13303267,-0.62247783,0.16562308;-0.12855056,-0.62247783,0.16582716;-0.11485558,-0.62247783,0.16388542;-0.10001117,-0.62247783,0.16335526;-0.09547725,-0.62247783,0.16346428;-0.08683332,-0.62247783,0.1637885;-0.0760278,-0.62247783,0.168082;-0.06774886,-0.62247783,0.17231734
-0.20161709,-0.62247783,-0.12482057;-0.19470179,-0.62247783,-0.12411193;-0.18988866,-0.62247783,-0.11870044;-0.18536466,-0.62247783,-0.11228854;-0.18075834,-0.62247783,-0.10684102;-0.17076585,-0.62247783,-0.09321767;-0.16984431,-0.62247783,-0.08857972;-0.17261763,-0.62247783,-0.08519003;-0.17955063,-0.62247783,-0.08353511;-0.18653313,-0.62247783,-0.08871111;-0.19283136,-0.62247783,-0.09358573;-0.19912907,-0.62247783,-0.09542163;-0.20686925,-0.62247783,-0.09863363;-0.2109606,-0.62247783,-0.10582694;-0.21074982,-0.62247783,-0.11583228;-0.2092083,-0.62247783,-0.11930198
-0.35182245,-0.62247783,0.10364838;-0.3431235,-0.62247783,0.10960861;-0.33653611,-0.62247783,0.11360029;-0.33233478,-0.62247783,0.11846849;-0.33318036,-0.62247783,0.12276689;-0.3373852,-0.62247783,0.12988643;-0.34156801,-0.62247783,0.1350426;-0.34789306,-0.62247783,0.14133225;-0.35287027,-0.62247783,0.14901079;-0.35568062,-0.62247783,0.15247922;-0.36673357,-0.62247783,0.15992955;-0.37264023,-0.62247783,0.16525461;-0.37980592,-0.62247783,0.17238641;-0.38755237,-0.62247783,0.17932858;-0.39276767,-0.62247783,0.18515987;-0.40144208,-0.62247783,0.1936558;-0.40481544,-0.62247783,0.19644154;-0.41030006,-0.62247783,0.2017904;-0.41779011,-0.62247783,0.20970195;-0.41908408,-0.62247783,0.21110798;-0.4300827,-0.62247783,0.22342098;-0.43386872,-0.62247783,0.22777684;-0.44305474,-0.62247783,0.23713274;-0.45200031,-0.62247783,0.24530542;-0.45493644,-0.62247783,0.24882622;-0.46261123,-0.62247783,0.26064604;-0.4707177,-0.62247783,0.27254837;-0.47693114,-0.62247783,0.28614993;-0.4856694,-0.62247783,0.31458424;-0.48599185,-0.62247783,0.31577169;-0.48631135,-0.62247783,0.31701156;-0.48820711,-0.62247783,0.32193037;-0.49860842,-0.62247783,0.34656455;-0.51455177,-0.62247783,0.37466373;-0.51628419,-0.62247783,0.37777051;-0.51711965,-0.62247783,0.38113147;-0.51774719,-0.62247783,0.39172796;-0.51953308,-0.62247783,0.41444448;-0.52242313,-0.62247783,0.42078222;-0.52691589,-0.62247783,0.42462973;-0.55081159,-0.62247783,0.44040777;-0.55548262,-0.62247783,0.44362218;-0.57490923,-0.62247783,0.45804594;-0.58952754,-0.62247783,0.46730555;-0.60030404,-0.62247783,0.45827204;-0.60494799,-0.62247783,0.44497857;-0.60998083,-0.62247783,0.42955856;-0.61339403,-0.62247783,0.40249678;-0.61435186,-0.62247783,0.39344639;-0.61575007,-0.62247783,0.36257459;-0.6161637,-0.62247783,0.35531708;-0.61703684,-0.62247783,0.32280692;-0.61728585,-0.62247783,0.31678604;-0.61795424,-0.62247783,0.28314066;-0.61812572,-0.62247783,0.27784934;-0.61864732,-0.62247783,0.24348864;-0.61875728,-0.62247783,0.23900098;-0.61914888,-0.62247783,0.20410643;-0.61921853,-0.62247783,0.20022862;-0.61951923,-0.62247783,0.16480006;-0.61957218,-0.62247783,0.16111275;-0.61977932,-0.62247783,0.12541816;-0.61980613,-0.62247783,0.12197412;-0.61996064,-0.62247783,0.0862146;-0.61998803,-0.62247783,0.08309482;-0.62025142,-0.62247783,0.00815246;-0.62026996,-0.62247783,0.00506395;-0.62026795,-0.62247783,-0.03089749;-0.62024823,-0.62247783,-0.03407569;-0.62009885,-0.62247783,-0.07004631;-0.62006533,-0.62247783,-0.07350351;-0.61985342,-0.62247783,-0.1091946;-0.61980742,-0.62247783,-0.11273321;-0.61938597,-0.62247783,-0.14834958;-0.61925867,-0.62247783,-0.15232256;-0.61849891,-0.62247783,-0.18726353;-0.6182686,-0.62247783,-0.19184135;-0.61687932,-0.62247783,-0.22540565;-0.61624133,-0.62247783,-0.23150532;-0.612952,-0.62247783,-0.26214339;-0.61009498,-0.62247783,-0.27193959;-0.60182199,-0.62247783,-0.29237768;-0.58120612,-0.62247783,-0.30914292;-0.55141637,-0.62247783,-0.31299125;-0.53972152,-0.62247783,-0.31320028;-0.51770483,-0.62247783,-0.31302767;-0.50473379,-0.62247783,-0.31167888;-0.48665717,-0.62247783,-0.30769181;-0.46529032,-0.62247783,-0.30388529;-0.45476296,-0.62247783,-0.30274311;-0.43190895,-0.62247783,-0.29796496;-0.43024735,-0.62247783,-0.29708187;-0.41479131,-0.62247783,-0.28328277;-0.40941128,-0.62247783,-0.27833532;-0.40186132,-0.62247783,-0.27075513;-0.38903452,-0.62247783,-0.25924098;-0.37812246,-0.62247783,-0.24625461;-0.37689482,-0.62247783,-0.24464477;-0.3670556,-0.62247783,-0.23317369;-0.36452599,-0.62247783,-0.22887515;-0.36430573,-0.62247783,-0.22272981;-0.36415992,-0.62247783,-0.21592042;-0.36059493,-0.62247783,-0.20880237;-0.35559932,-0.62247783,-0.2033136;-0.34800714,-0.62247783,-0.19470867;-0.34657054,-0.62247783,-0.19231209;-0.3465622,-0.62247783,-0.19051617;-0.34677666,-0.62247783,-0.18048279;-0.34403992,-0.62247783,-0.17140388;-0.34297931,-0.62247783,-0.16684388;-0.34376048,-0.62247783,-0.1614482;-0.34985443,-0.62247783,-0.15258817;-0.35020179,-0.62247783,-0.15119582;-0.34862495,-0.62247783,-0.13979356;-0.35087238,-0.62247783,-0.13086387;-0.35351258,-0.62247783,-0.12441051;-0.355091,-0.62247783,-0.11685348;-0.35525748,-0.62247783,-0.11218188;-0.35597764,-0.62247783,-0.10493667;-0.35650159,-0.62247783,-0.10163479;-0.35763881,-0.62247783,-0.09994069;-0.36465727,-0.62247783,-0.09165607;-0.36716889,-0.62247783,-0.08382624;-0.37061235,-0.62247783,-0.07787939;-0.37781955,-0.62247783,-0.06769166;-0.3788363,-0.62247783,-0.0661876;-0.37908956,-0.62247783,-0.06525582;-0.37889787,-0.62247783,-0.06247367;-0.37812457,-0.62247783,-0.05294999;-0.37842507,-0.62247783,-0.04989536;-0.38104167,-0.62247783,-0.04427675;-0.38374655,-0.62247783,-0.03800417;-0.3839573,-0.62247783,-0.03449932;-0.38154724,-0.62247783,-0.02274451;-0.38155003,-0.62247783,-0.02101392;-0.38294721,-0.62247783,-0.0162113;-0.38549837,-0.62247783,-0.00785834;-0.3855159,-0.62247783,-0.00426084;-0.38213904,-0.62247783,0.00746407;-0.38160997,-0.62247783,0.01022035;-0.38162146,-0.62247783,0.022467;-0.38123171,-0.62247783,0.02443926;-0.37631917,-0.62247783,0.03493086;-0.37503017,-0.62247783,0.04103362;-0.37405661,-0.62247783,0.05118483;-0.37143358,-0.62247783,0.05654814;-0.36784167,-0.62247783,0.06135124;-0.36446046,-0.62247783,0.06569004;-0.36068153,-0.62247783,0.07103291;-0.35815637,-0.62247783,0.08102899;-0.35770224,-0.62247783,0.08383127;-0.35725945,-0.62247783,0.08536549;-0.35434147,-0.62247783,0.09992317;-0.3539931,-0.62247783,0.10141289
-0.02201979,-0.62247783,0.03441191;-0.02433873,-0.62247783,0.03371794;-0.03353015,-0.62247783,0.02939483;-0.04089922,-0.62247783,0.02557661;-0.04483342,-0.62247783,0.02295241;-0.05687506,-0.62247783,0.01316733;-0.05987497,-0.62247783,0.01186181;-0.07214239,-0.62247783,0.00932182;-0.07525458,-0.62247783,0.00815979;-0.07954184,-0.62247783,0.00528846;-0.07542434,-0.62247783,0.00155045;-0.07337916,-0.62247783,-0.0002075;-0.06310603,-0.62247783,-0.00950613;-0.05209713,-0.62247783,-0.01640989;-0.04849119,-0.62247783,-0.01750869;-0.04152498,-0.62247783,-0.01749411;-0.03188768,-0.62247783,-0.01663905;-0.02949734,-0.62247783,-0.01691634;-0.01301406,-0.62247783,-0.01971525;-0.00769271,-0.62247783,-0.02006608;0.00491797,-0.62247783,-0.02026019;0.01426527,-0.62247783,-0.02032201;0.02239953,-0.62247783,-0.0193899;0.02835913,-0.62247783,-0.0170783;0.04002205,-0.62247783,-0.01046703;0.04110927,-0.62247783,-0.00990339;0.04335562,-0.62247783,-0.00821509;0.04376059,-0.62247783,-0.00532944;0.04448299,-0.62247783,0.00532143;0.04104785,-0.62247783,0.01289745;0.03366971,-0.62247783,0.02085282;0.02448569,-0.62247783,0.02913053;0.02289023,-0.62247783,0.03015057;0.01353597,-0.62247783,0.03386096;0.00131881,-0.62247783,0.03624671;-0.01044475,-0.62247783,0.03622816
0.41227872,-0.62247783,0.21372676;0.40265946,-0.62247783,0.19948793;0.40157847,-0.62247783,0.19771606;0.39710896,-0.62247783,0.18895459;0.39461402,-0.62247783,0.18404104;0.39364771,-0.62247783,0.1825728;0.38409166,-0.62247783,0.16991594;0.38285183,-0.62247783,0.1675244;0.37991551,-0.62247783,0.15393129;0.37850652,-0.62247783,0.14803639;0.37647959,-0.62247783,0.13775266;0.37616963,-0.62247783,0.13102379;0.37403147,-0.62247783,0.12436002;0.37587258,-0.62247783,0.11827384;0.37430175,-0.62247783,0.10978299;0.36746052,-0.62247783,0.10504209;0.35889778,-0.62247783,0.10249947;0.35716662,-0.62247783,0.10187619;0.35652353,-0.62247783,0.10060986;0.35777059,-0.62247783,0.09834385;0.36357375,-0.62247783,0.09179761;0.3727619,-0.62247783,0.08575487;0.37753257,-0.62247783,0.08257598;0.38098667,-0.62247783,0.07669628;0.38242942,-0.62247783,0.06837259;0.38319601,-0.62247783,0.0656585;0.38887564,-0.62247783,0.05625124;0.39177256,-0.62247783,0.04535556;0.39163752,-0.62247783,0.04159771;0.39266267,-0.62247783,0.03413137;0.39697375,-0.62247783,0.02699732;0.39816529,-0.62247783,0.02293422;0.3992909,-0.62247783,0.0135378;0.40088743,-0.62247783,-0.0027938;0.4007654,-0.62247783,-0.01793826;0.40100111,-0.62247783,-0.03436761;0.40080771,-0.62247783,-0.03634668;0.3982742,-0.62247783,-0.04922478;0.39559533,-0.62247783,-0.06489121;0.39146105,-0.62247783,-0.0800608;0.38802803,-0.62247783,-0.09608133;0.38332433,-0.62247783,-0.10944869;0.38164449,-0.62247783,-0.11692491;0.37999816,-0.62247783,-0.12477078;0.37965685,-0.62247783,-0.1265009;0.37805794,-0.62247783,-0.13188829;0.3757791,-0.62247783,-0.14059902;0.37489733,-0.62247783,-0.1538012;0.37482608,-0.62247783,-0.15919489;0.37332017,-0.62247783,-0.16756311;0.37241541,-0.62247783,-0.17325032;0.37321098,-0.62247783,-0.1773515;0.37583192,-0.62247783,-0.18328861;0.38230239,-0.62247783,-0.19329787;0.38544357,-0.62247783,-0.19773319;0.39301713,-0.62247783,-0.20920408;0.39590487,-0.62247783,-0.21273471;0.40466394,-0.62247783,-0.22092119;0.41117199,-0.62247783,-0.2263708;0.42312643,-0.62247783,-0.2356673;0.43597582,-0.62247783,-0.24525525;0.43779149,-0.62247783,-0.24657802;0.43946046,-0.62247783,-0.24736413;0.45742104,-0.62247783,-0.25600526;0.47473271,-0.62247783,-0.26814118;0.47770733,-0.62247783,-0.26998025;0.48012642,-0.62247783,-0.27044513;0.50692274,-0.62247783,-0.27456274;0.51450594,-0.62247783,-0.2756729;0.53682612,-0.62247783,-0.27839713;0.55006316,-0.62247783,-0.28040111;0.571632,-0.62247783,-0.27678137;0.58236453,-0.62247783,-0.27226195;0.60124243,-0.62247783,-0.25472522;0.60932322,-0.62247783,-0.2334566;0.61228482,-0.62247783,-0.22302482;0.61556891,-0.62247783,-0.19278112;0.61626974,-0.62247783,-0.18642945;0.61782557,-0.62247783,-0.15301593;0.61816585,-0.62247783,-0.1476297;0.61905789,-0.62247783,-0.11310704;0.61920509,-0.62247783,-0.10875075;0.61954073,-0.62247783,-0.07348324;0.61954826,-0.62247783,-0.06992861;0.61966603,-0.62247783,-0.03453636;0.61970639,-0.62247783,-0.03070676;0.61987382,-0.62247783,0.00486545;0.61989843,-0.62247783,0.00818525;0.61993527,-0.62247783,0.04390815;0.6199233,-0.62247783,0.04738152;0.61995088,-0.62247783,0.08289726;0.61997284,-0.62247783,0.08631599;0.61994445,-0.62247783,0.12220347;0.61991454,-0.62247783,0.12534783;0.61967718,-0.62247783,0.1614605;0.6196267,-0.62247783,0.16467095;0.61902628,-0.62247783,0.23948513;0.61896603,-0.62247783,0.24314962;0.61841039,-0.62247783,0.31732039;0.61835524,-0.62247783,0.32195088;0.61813188,-0.62247783,0.35624856;0.61807044,-0.62247783,0.36113939;0.61763432,-0.62247783,0.39510958;0.61743739,-0.62247783,0.40068627;0.61646055,-0.62247783,0.43337515;0.61596581,-0.62247783,0.43989025;0.61385733,-0.62247783,0.46941721;0.61264571,-0.62247783,0.47514046;0.60171459,-0.62247783,0.49324081;0.56746724,-0.62247783,0.50058831;0.5553062,-0.62247783,0.49827367;0.54049243,-0.62247783,0.49380249;0.52202583,-0.62247783,0.48028925;0.5145893,-0.62247783,0.47328707;0.49446943,-0.62247783,0.4515908;0.4924756,-0.62247783,0.44957309;0.49024184,-0.62247783,0.4472635;0.47557591,-0.62247783,0.42997554;0.46239657,-0.62247783,0.39485942;0.45838513,-0.62247783,0.36616411;0.45835421,-0.62247783,0.36214646;0.46260278,-0.62247783,0.33190011;0.46267318,-0.62247783,0.33032574;0.46032629,-0.62247783,0.32585426;0.45101779,-0.62247783,0.31080279;0.44924965,-0.62247783,0.30410565;0.44902507,-0.62247783,0.29830264;0.44768947,-0.62247783,0.28086633;0.44267882,-0.62247783,0.26893287;0.43776752,-0.62247783,0.26191501;0.4335529,-0.62247783,0.25490175;0.42940696,-0.62247783,0.24546959;0.42395532,-0.62247783,0.23340166;0.42166358,-0.62247783,0.22936006
0.23558051,-0.62247783,0.12224054;0.23658859,-0.62247783,0.12235411;0.23553927,-0.62247783,0.12276965;0.23498565,-0.62247783,0.1231429
0.15813799,-0.62247783,0.43932255;0.16103136,-0.62247783,0.44008705;0.17612341,-0.62247783,0.44570732;0.18367296,-0.62247783,0.4486741;0.19262437,-0.62247783,0.45389794;0.20142886,-0.62247783,0.45976642;0.20937447,-0.62247783,0.46486757;0.21738266,-0.62247783,0.47009786;0.22556427,-0.62247783,0.48461474;0.22515122,-0.62247783,0.48718166;0.20966704,-0.62247783,0.50317514;0.20233301,-0.62247783,0.50746516;0.18233262,-0.62247783,0.5131964;0.1671332,-0.62247783,0.51762995;0.15243307,-0.62247783,0.52325406;0.14786949,-0.62247783,0.52512547;0.1373648,-0.62247783,0.53043586;0.12125587,-0.62247783,0.53958972;0.10426459,-0.62247783,0.54547212;0.08936107,-0.62247783,0.54984593;0.06098844,-0.62247783,0.55562096;0.05659016,-0.62247783,0.55619824;0.02113661,-0.62247783,0.55783975;0.01774534,-0.62247783,0.55796622;-0.01879259,-0.62247783,0.55857878;-0.02091258,-0.62247783,0.55856646;-0.05797367,-0.62247783,0.55771273;-0.05995852,-0.62247783,0.55753923;-0.09218508,-0.62247783,0.55245736;-0.10335587,-0.62247783,0.5502074;-0.12655775,-0.62247783,0.54504349;-0.14674996,-0.62247783,0.5389366;-0.15979417,-0.62247783,0.53413552;-0.18610662,-0.62247783,0.5219795;-0.19310389,-0.62247783,0.51803799;-0.19807107,-0.62247783,0.51330254;-0.21422445,-0.62247783,0.50096852;-0.22270578,-0.62247783,0.493716;-0.22396057,-0.62247783,0.49214681;-0.22398427,-0.62247783,0.48943517;-0.21936306,-0.62247783,0.47694705;-0.21010038,-0.62247783,0.47094808;-0.20817458,-0.62247783,0.46979951;-0.19940899,-0.62247783,0.46135557;-0.19311817,-0.62247783,0.45650294;-0.18408678,-0.62247783,0.4499231;-0.16799484,-0.62247783,0.44300244;-0.16280644,-0.62247783,0.44134267;-0.15738511,-0.62247783,0.43993028;-0.14744536,-0.62247783,0.43812022;-0.14112991,-0.62247783,0.43732964;-0.13157107,-0.62247783,0.43602726;-0.12074728,-0.62247783,0.43451321;-0.11646562,-0.62247783,0.4343252;-0.1002182,-0.62247783,0.43517753;-0.09608961,-0.62247783,0.43507823;-0.08487734,-0.62247783,0.43484781;-0.07763785,-0.62247783,0.43566412;-0.0675769,-0.62247783,0.43624061;-0.05773643,-0.62247783,0.4361091;-0.05185914,-0.62247783,0.43633432;-0.03361701,-0.62247783,0.43806299;-0.01784337,-0.62247783,0.43815875;-0.00710699,-0.62247783,0.43915353;0.00036118,-0.62247783,0.43926394;0.01185043,-0.62247783,0.43827371;0.01666265,-0.62247783,0.43808571;0.0351118,-0.62247783,0.43796677;0.04607699,-0.62247783,0.43709749;0.05162227,-0.62247783,0.43662394;0.06134256,-0.62247783,0.43677166;0.07150418,-0.62247783,0.43654549;0.07899676,-0.62247783,0.43566289;0.08869287,-0.62247783,0.43495908;0.11048139,-0.62247783,0.43488875;0.11157317,-0.62247783,0.43487516;0.11674954,-0.62247783,0.43473521;0.12742356,-0.62247783,0.43503153;0.14360776,-0.62247783,0.43730343
0.21263591,-0.62247783,0.15663842;0.21489361,-0.62247783,0.15573848;0.21555881,-0.62247783,0.15755722;0.2134499,-0.62247783,0.15835105;0.21232522,-0.62247783,0.15845017;0.21199326,-0.62247783,0.15728289
-0.19589844,-0.62247783,-0.05370576;-0.19209101,-0.62247783,-0.0548406;-0.18913016,-0.62247783,-0.05251681;-0.17910637,-0.62247783,-0.04845173;-0.17264218,-0.62247783,-0.04651547;-0.16241357,-0.62247783,-0.05014943;-0.15963159,-0.62247783,-0.05128649;-0.15741236,-0.62247783,-0.05055546;-0.15682033,-0.62247783,-0.04860542;-0.15771564,-0.62247783,-0.0451733;-0.16274172,-0.62247783,-0.03543405;-0.16762006,-0.62247783,-0.02876192;-0.17475292,-0.62247783,-0.02717841;-0.18713994,-0.62247783,-0.02623382;-0.1924756,-0.62247783,-0.0266595;-0.19590826,-0.62247783,-0.02964476;-0.20557946,-0.62247783,-0.04171829;-0.20558953,-0.62247783,-0.04289157;-0.19828793,-0.62247783,-0.05195366
-0.00907794,-0.62247783,-0.20179973;-0.00643907,-0.62247783,-0.20153534;0.00761554,-0.62247783,-0.2015957;0.01697803,-0.62247783,-0.20114143;0.02678824,-0.62247783,-0.1993173;0.03577965,-0.62247783,-0.19571166;0.04910939,-0.62247783,-0.18873575;0.05247642,-0.62247783,-0.1864995;0.05314322,-0.62247783,-0.18440951;0.05284245,-0.62247783,-0.18324952;0.05158778,-0.62247783,-0.18160154;0.0423645,-0.62247783,-0.17128764;0.03682678,-0.62247783,-0.16642387;0.02809,-0.62247783,-0.1669398;0.0172621,-0.62247783,-0.16846658;0.00760616,-0.62247783,-0.16899668;0.00062161,-0.62247783,-0.1706503;-0.00871541,-0.62247783,-0.17437524;-0.02496207,-0.62247783,-0.1789953;-0.03094213,-0.62247783,-0.18312436;-0.03516278,-0.62247783,-0.19471283;-0.03440745,-0.62247783,-0.19830303;-0.02689067,-0.62247783,-0.20542926;-0.01950499,-0.62247783,-0.20568411
0.19647122,-0.62247783,-0.09060092;0.19625951,-0.62247783,-0.09002464;0.1955576,-0.62247783,-0.09001428;0.19517916,-0.62247783,-0.0905674;0.19547606,-0.62247783,-0.09122599;0.19619701,-0.62247783,-0.09121457
0.62247783,-0.48641016,-0.12019803;0.62247783,-0.49170809,-0.11877648;0.62247783,-0.50335528,-0.11543026;0.62247783,-0.52416932,-0.11275506;0.62247783,-0.52712518,-0.11141517;0.62247783,-0.52978875,-0.10920451;0.62247783,-0.54199167,-0.08913458;0.62247783,-0.54534674,-0.07991217;0.62247783,-0.55025842,-0.06259098;0.62247783,-0.56147322,-0.04554211;0.62247783,-0.56510079,-0.04035742;0.62247783,-0.56795856,-0.02860433;0.62247783,-0.56088967,-0.02350022;0.62247783,-0.55292836,-0.01385943;0.62247783,-0.55238009,0.00080102;0.62247783,-0.55589164,0.01156372;0.62247783,-0.56231356,0.02833907;0.62247783,-0.56282978,0.05216752;0.62247783,-0.56346151,0.05456875;0.62247783,-0.57064413,0.07302882;0.62247783,-0.56376504,0.09293151;0.62247783,-0.55743847,0.10124138;0.62247783,-0.5449273,0.11233726;0.62247783,-0.52816515,0.12461154;0.62247783,-0.52212653,0.12838734;0.62247783,-0.52047993,0.1339473;0.62247783,-0.52012319,0.1385569;0.62247783,-0.5249913,0.14056044;0.62247783,-0.53378786,0.1445312;0.62247783,-0.55108708,0.15149679;0.62247783,-0.55975818,0.1605659;0.62247783,-0.56268296,0.17231126;0.62247783,-0.56360418,0.19601246;0.62247783,-0.56209762,0.20348007;0.62247783,-0.55646311,0.20812888;0.62247783,-0.54890654,0.20586552;0.62247783,-0.54402024,0.19855987;0.62247783,-0.5362446,0.19006115;0.62247783,-0.52827523,0.19188194;0.62247783,-0.51874596,0.1982874;0.62247783,-0.51380585,0.20726708;0.62247783,-0.5053553,0.22821796;0.62247783,-0.50400122,0.23680237;0.62247783,-0.50292572,0.25788351;0.62247783,-0.4912046,0.28107358;0.62247783,-0.48916799,0.28342408;0.62247783,-0.47455956,0.29629298;0.62247783,-0.46297075,0.31412501;0.62247783,-0.45289854,0.32726292;0.62247783,-0.44159221,0.34083167;0.62247783,-0.43079803,0.34934858;0.62247783,-0.41295111,0.35235732;0.62247783,-0.40523263,0.35147702;0.62247783,-0.39823632,0.35266347;0.62247783,-0.38329828,0.35048222;0.62247783,-0.37005506,0.3473295;0.62247783,-0.36204653,0.34788174;0.62247783,-0.35379745,0.34819749;0.62247783,-0.33929985,0.34482033;0.62247783,-0.33262662,0.3427087;0.62247783,-0.32155221,0.33890851;0.62247783,-0.31454319,0.33665728;0.62247783,-0.3028745,0.33109964;0.62247783,-0.2939576,0.32210535;0.62247783,-0.2920458,0.32043869;0.62247783,-0.2906496,0.31993902;0.62247783,-0.28877213,0.32032413;0.62247783,-0.27939151,0.32316238;0.62247783,-0.2679158,0.31973037;0.62247783,-0.26025581,0.31339621;0.62247783,-0.25459294,0.30852308;0.62247783,-0.24567434,0.30528111;0.62247783,-0.23693694,0.30641271;0.62247783,-0.23375646,0.30659462;0.62247783,-0.23145189,0.30553487;0.62247783,-0.22871446,0.30321554;0.62247783,-0.22081588,0.2958889;0.62247783,-0.21424055,0.28987195;0.62247783,-0.20801192,0.28615176;0.62247783,-0.1991321,0.28175597;0.62247783,-0.19381189,0.28154594;0.62247783,-0.18818637,0.27700901;0.62247783,-0.17752473,0.27171025;0.62247783,-0.16797309,0.26775931;0.62247783,-0.16450184,0.26612474;0.62247783,-0.15338265,0.26089505;0.62247783,-0.14539004,0.25273252;0.62247783,-0.14149649,0.25044157;0.62247783,-0.13953932,0.25009032;0.62247783,-0.13826868,0.25232091;0.62247783,-0.13952802,0.25601738;0.62247783,-0.14324228,0.26421383;0.62247783,-0.14042804,0.27156935;0.62247783,-0.13389163,0.27341793;0.62247783,-0.12349539,0.27091894;0.62247783,-0.11985719,0.26947267;0.62247783,-0.11731589,0.26905632;0.62247783,-0.104764,0.26362268;0.62247783,-0.09499506,0.25904575;0.62247783,-0.08807204,0.25798615;0.62247783,-0.0845833,0.25079715;0.62247783,-0.08168473,0.23910547;0.62247783,-0.08206138,0.23623525;0.62247783,-0.08780091,0.22583241;0.62247783,-0.09580872,0.22338122;0.62247783,-0.10429595,0.22765007;0.62247783,-0.10680685,0.23934589;0.62247783,-0.10736099,0.24140951;0.62247783,-0.10894907,0.24171118;0.62247783,-0.10979871,0.24151955;0.62247783,-0.11018485,0.24017965;0.62247783,-0.11466607,0.22302595;0.62247783,-0.1152646,0.22209731;0.62247783,-0.12729313,0.21216998;0.62247783,-0.12907029,0.2110827;0.62247783,-0.13178952,0.2115733;0.62247783,-0.14252793,0.21627363;0.62247783,-0.14499768,0.21608285;0.62247783,-0.15545439,0.20760882;0.62247783,-0.16263862,0.20350261;0.62247783,-0.17034663,0.20479336;0.62247783,-0.17845025,0.20595624;0.62247783,-0.18443918,0.20920694;0.62247783,-0.18644664,0.21826902;0.62247783,-0.17828061,0.22346008;0.62247783,-0.17704762,0.2241472;0.62247783,-0.17702126,0.225915;0.62247783,-0.17851692,0.22702399;0.62247783,-0.18628225,0.2317079;0.62247783,-0.19230834,0.23339394;0.62247783,-0.19814888,0.23803391;0.62247783,-0.20365161,0.24083656;0.62247783,-0.20487822,0.24104635;0.62247783,-0.20719289,0.24040042;0.62247783,-0.20707643,0.23638196;0.62247783,-0.20434162,0.22639596;0.62247783,-0.2035911,0.22256236;0.62247783,-0.20801839,0.21326622;0.62247783,-0.21246179,0.21164896;0.62247783,-0.21520075,0.21278072;0.62247783,-0.21918409,0.21683402;0.62247783,-0.22331342,0.22329991;0.62247783,-0.23250645,0.22558167;0.62247783,-0.24029012,0.22306267;0.62247783,-0.24543878,0.22198508;0.62247783,-0.24833656,0.22198121;0.62247783,-0.26101402,0.22258773;0.62247783,-0.27175142,0.21887968;0.62247783,-0.27352696,0.21821023;0.62247783,-0.27603506,0.21819311;0.62247783,-0.28795655,0.21769868;0.62247783,-0.29949066,0.21588639;0.62247783,-0.30961646,0.21176809;0.62247783,-0.32113306,0.20885518;0.62247783,-0.32576592,0.20786787;0.62247783,-0.33111896,0.20507929;0.62247783,-0.33712237,0.20124823;0.62247783,-0.34396467,0.19982618;0.62247783,-0.35187147,0.19636002;0.62247783,-0.35417154,0.1947869;0.62247783,-0.35577107,0.19244317;0.62247783,-0.36259437,0.18217001;0.62247783,-0.36834087,0.17453024;0.62247783,-0.37365553,0.16740839;0.62247783,-0.37853175,0.15875894;0.62247783,-0.3804308,0.15481646;0.62247783,-0.38239936,0.15118291;0.62247783,-0.38815852,0.13911446;0.62247783,-0.39078266,0.12862164;0.62247783,-0.39167357,0.12460432;0.62247783,-0.39297861,0.11977564;0.62247783,-0.39595592,0.10773455;0.62247783,-0.39656127,0.09887585;0.62247783,-0.39638178,0.09181259;0.62247783,-0.3974516,0.0812054;0.62247783,-0.39788325,0.0765682;0.62247783,-0.39740326,0.07350717;0.62247783,-0.39480307,0.06240382;0.62247783,-0.39199151,0.05601901;0.62247783,-0.38204401,0.0495348;0.62247783,-0.38119059,0.04850024;0.62247783,-0.37655883,0.04005295;0.62247783,-0.365656,0.03151558;0.62247783,-0.36237904,0.02818472;0.62247783,-0.35398953,0.01843522;0.62247783,-0.35268189,0.01654433;0.62247783,-0.35051129,0.01189724;0.62247783,-0.34382889,0.00432427;0.62247783,-0.33976511,0.00077711;0.62247783,-0.33779572,-0.00120633;0.62247783,-0.3321828,-0.01331666;0.62247783,-0.3318372,-0.01561635;0.62247783,-0.33364446,-0.01697345;0.62247783,-0.33843521,-0.01637331;0.62247783,-0.34734085,-0.01325828;0.62247783,-0.35718363,-0.01067353;0.62247783,-0.36043446,-0.0083525;0.62247783,-0.36568973,-0.00786546;0.62247783,-0.36711945,-0.01343878;0.62247783,-0.3675592,-0.01567973;0.62247783,-0.36573264,-0.01792873;0.62247783,-0.36104859,-0.02736129;0.62247783,-0.35947604,-0.03437166;0.62247783,-0.36272706,-0.0441717;0.62247783,-0.36759468,-0.04650396;0.62247783,-0.37127444,-0.04697458;0.62247783,-0.38075954,-0.04737835;0.62247783,-0.39499023,-0.05196743;0.62247783,-0.39669362,-0.05306502;0.62247783,-0.40940225,-0.06550716;0.62247783,-0.41065622,-0.06650141;0.62247783,-0.42569173,-0.07514146;0.62247783,-0.43469905,-0.08060421;0.62247783,-0.44055359,-0.08759563;0.62247783,-0.44467638,-0.09279361;0.62247783,-0.45520276,-0.10302416;0.62247783,-0.45919262,-0.10584458;0.62247783,-0.47034122,-0.1132548;0.62247783,-0.47690083,-0.11740041
0.62247783,-0.21677541,0.50084959;0.62247783,-0.22194303,0.50548764;0.62247783,-0.24431849,0.52094112;0.62247783,-0.26770055,0.5239054;0.62247783,-0.27828667,0.52637048;0.62247783,-0.29065446,0.53092894;0.62247783,-0.3076261,0.53771472;0.62247783,-0.36587531,0.54532299;0.62247783,-0.38166203,0.54684037;0.62247783,-0.40578053,0.54785503;0.62247783,-0.4203607,0.54843959;0.62247783,-0.44512998,0.54895239;0.62247783,-0.45800085,0.54931241;0.62247783,-0.48358966,0.54880579;0.62247783,-0.49259719,0.54781478;0.62247783,-0.51399922,0.53993584;0.62247783,-0.52724162,0.51888956;0.62247783,-0.53181444,0.51378389;0.62247783,-0.53644044,0.51266125;0.62247783,-0.56097184,0.51112444;0.62247783,-0.56487305,0.51109337;0.62247783,-0.58873899,0.50973073;0.62247783,-0.59133447,0.50910603;0.62247783,-0.60760307,0.50026871;0.62247783,-0.61621852,0.4762285;0.62247783,-0.61674122,0.472664;0.62247783,-0.61816202,0.4395764;0.62247783,-0.61830691,0.43475699;0.62247783,-0.61838233,0.40023015;0.62247783,-0.61827846,0.39537695;0.62247783,-0.61772871,0.36131747;0.62247783,-0.61750925,0.35565815;0.62247783,-0.61669472,0.32257557;0.62247783,-0.61634333,0.31580651;0.62247783,-0.61531297,0.2841824;0.62247783,-0.61475716,0.2757308;0.62247783,-0.61348991,0.24602451;0.62247783,-0.6125668,0.2349951;0.62247783,-0.61142715,0.20830754;0.62247783,-0.61061431,0.19508758;0.62247783,-0.61030258,0.17073014;0.62247783,-0.61056188,0.15675075;0.62247783,-0.61053144,0.13117792;0.62247783,-0.61023023,0.11819991;0.62247783,-0.60742669,0.09286112;0.62247783,-0.60015104,0.0688202;0.62247783,-0.59944246,0.0620504;0.62247783,-0.60023343,0.03498118;0.62247783,-0.60014623,0.01849277;0.62247783,-0.59896053,-0.00857309;0.62247783,-0.5994711,-0.0162464;0.62247783,-0.60502928,-0.042538;0.62247783,-0.60653932,-0.0619344;0.62247783,-0.60649651,-0.07926435;0.62247783,-0.60302105,-0.09931328;0.62247783,-0.59132989,-0.12107748;0.62247783,-0.58926216,-0.12445032;0.62247783,-0.58348876,-0.13657083;0.62247783,-0.59091385,-0.14393051;0.62247783,-0.60164299,-0.16346382;0.62247783,-0.60506131,-0.18173943;0.62247783,-0.60612104,-0.19795901;0.62247783,-0.60558431,-0.21962821;0.62247783,-0.60286331,-0.24059519;0.62247783,-0.60270761,-0.25526094;0.62247783,-0.60477364,-0.2760555;0.62247783,-0.60773873,-0.33715439;0.62247783,-0.60877499,-0.35322976;0.62247783,-0.6097498,-0.37720863;0.62247783,-0.61068548,-0.39113247;0.62247783,-0.61152871,-0.41756967;0.62247783,-0.61199077,-0.42944109;0.62247783,-0.6120088,-0.45739701;0.62247783,-0.61158798,-0.46863342;0.62247783,-0.60955029,-0.49568482;0.62247783,-0.60643861,-0.51030419;0.62247783,-0.60119546,-0.53026511;0.62247783,-0.58779676,-0.55317774;0.62247783,-0.57963264,-0.56710729;0.62247783,-0.553811,-0.61496779;0.62247783,-0.55192482,-0.61849378;0.62247783,-0.55054189,-0.62159208;0.62247783,-0.53917992,-0.64956194;0.62247783,-0.5297578,-0.66888142;0.62247783,-0.52481482,-0.67795655;0.62247783,-0.51923621,-0.68420839;0.62247783,-0.49904934,-0.70091908;0.62247783,-0.48683615,-0.70804703;0.62247783,-0.4702292,-0.71246426;0.62247783,-0.45882671,-0.71282078;0.62247783,-0.4419814,-0.7080779;0.62247783,-0.43339801,-0.70591457;0.62247783,-0.42592588,-0.70644094;0.62247783,-0.40792658,-0.7051465;0.62247783,-0.39275828,-0.70057058;0.62247783,-0.38344766,-0.69797472;0.62247783,-0.31659499,-0.68183372;0.62247783,-0.3099211,-0.68021226;0.62247783,-0.28358147,-0.67233952;0.62247783,-0.26354986,-0.66550907;0.62247783,-0.2521345,-0.66103194;0.62247783,-0.23619717,-0.65372474;0.62247783,-0.22431447,-0.648676;0.62247783,-0.21808174,-0.64679741;0.62247783,-0.19280363,-0.64064781;0.62247783,-0.16581925,-0.63155694;0.62247783,-0.13556653,-0.62296111;0.62247783,-0.12716212,-0.62035227;0.62247783,-0.1042466,-0.6124063;0.62247783,-0.07620708,-0.60409737;0.62247783,-0.07305651,-0.6032793;0.62247783,-0.04203907,-0.59721316;0.62247783,-0.01035712,-0.59502486;0.62247783,0.00698226,-0.59516965;0.62247783,0.02536164,-0.59670433;0.62247783,0.07026672,-0.6026945;0.62247783,0.0851982,-0.60523832;0.62247783,0.10124259,-0.6085542;0.62247783,0.1302816,-0.61619875;0.62247783,0.16196762,-0.62501467;0.62247783,0.21170515,-0.64046379;0.62247783,0.22656744,-0.64528821;0.62247783,0.25201238,-0.65465861;0.62247783,0.25567172,-0.65595066;0.62247783,0.29020135,-0.66762657;0.62247783,0.3069139,-0.67348221;0.62247783,0.32313324,-0.67861965;0.62247783,0.35520448,-0.68864122;0.62247783,0.3644759,-0.69134753;0.62247783,0.40935971,-0.70424473;0.62247783,0.42991793,-0.70904204;0.62247783,0.44635688,-0.71257758;0.62247783,0.47425801,-0.71581277;0.62247783,0.47651193,-0.71579156;0.62247783,0.50455543,-0.71185215;0.62247783,0.53020324,-0.70452919;0.62247783,0.55159806,-0.69128192;0.62247783,0.55658477,-0.68706437;0.62247783,0.5729828,-0.6679639;0.62247783,0.58787587,-0.6469988;0.62247783,0.59166215,-0.64132753;0.62247783,0.59336729,-0.63592736;0.62247783,0.60194694,-0.6088839;0.62247783,0.60507503,-0.5900461;0.62247783,0.60777684,-0.57273683;0.62247783,0.60949145,-0.54861177;0.62247783,0.61045759,-0.53485831;0.62247783,0.61114683,-0.50847143;0.62247783,0.61134653,-0.49614198;0.62247783,0.61139026,-0.42997448;0.62247783,0.61126623,-0.41752489;0.62247783,0.61098378,-0.39115185;0.62247783,0.6106431,-0.37790004;0.62247783,0.61028458,-0.35250749;0.62247783,0.60998912,-0.33840108;0.62247783,0.6097608,-0.31375216;0.62247783,0.60962279,-0.29901955;0.62247783,0.60954176,-0.23586177;0.62247783,0.60966915,-0.22073516;0.62247783,0.60936844,-0.15862783;0.62247783,0.60894792,-0.14085237;0.62247783,0.60939033,-0.1213041;0.62247783,0.61105921,-0.10329499;0.62247783,0.61156611,-0.07875369;0.62247783,0.61109647,-0.06286303;0.62247783,0.61108466,-0.04057579;0.62247783,0.61153193,-0.02436968;0.62247783,0.61212718,-0.00150567;0.62247783,0.61290942,0.01216612;0.62247783,0.61258465,0.03926589;0.62247783,0.61112195,0.05477701;0.62247783,0.61125901,0.07616312;0.62247783,0.61295511,0.09047347;0.62247783,0.61431575,0.11821223;0.62247783,0.61477163,0.12826528;0.62247783,0.6147666,0.15883053;0.62247783,0.61431991,0.16843;0.62247783,0.61446256,0.19673926;0.62247783,0.61506955,0.20614669;0.62247783,0.6158886,0.23703516;0.62247783,0.61611619,0.24471145;0.62247783,0.61658223,0.27689025;0.62247783,0.61673604,0.28359075;0.62247783,0.61721416,0.31633441;0.62247783,0.61739681,0.32225155;0.62247783,0.617867,0.35589514;0.62247783,0.61797355,0.36094579;0.62247783,0.61801402,0.39506549;0.62247783,0.6179324,0.39982396;0.62247783,0.61488942,0.47010028;0.62247783,0.6142217,0.47410637;0.62247783,0.60250331,0.49570948;0.62247783,0.56559895,0.50940501;0.62247783,0.56255535,0.51012954;0.62247783,0.55937995,0.51063398;0.62247783,0.53420802,0.51250915;0.62247783,0.53119167,0.51291475;0.62247783,0.52884577,0.51466755;0.62247783,0.52741445,0.51772003;0.62247783,0.51465614,0.54265967;0.62247783,0.49124995,0.55211602;0.62247783,0.48621974,0.55261811;0.62247783,0.41630422,0.5544453;0.62247783,0.41023679,0.55450394;0.62247783,0.37780112,0.55429207;0.62247783,0.37104541,0.55406843;0.62247783,0.33907987,0.55328026;0.62247783,0.33187583,0.55287076;0.62247783,0.30138249,0.55133506;0.62247783,0.2909521,0.55007036;0.62247783,0.26510519,0.54561283;0.62247783,0.24440358,0.53672775;0.62247783,0.2369648,0.5337532;0.62247783,0.23252494,0.52907797;0.62247783,0.20928889,0.51040309;0.62247783,0.1956341,0.50205169;0.62247783,0.18287036,0.49439379;0.62247783,0.172344,0.48906235;0.62247783,0.16081014,0.48466077;0.62247783,0.15402426,0.48203269;0.62247783,0.13821323,0.47580163;0.62247783,0.10725148,0.46466857;0.62247783,0.09395608,0.46033579;0.62247783,0.09209553,0.45975023;0.62247783,0.08904065,0.45892018;0.62247783,0.07671667,0.45543418;0.62247783,0.06956565,0.45354909;0.62247783,0.06144207,0.45143727;0.62247783,0.04483645,0.44804645;0.62247783,0.03015768,0.4457239;0.62247783,0.02687963,0.44551454;0.62247783,0.0134598,0.44444342;0.62247783,0.00683221,0.44364549;0.62247783,-0.00262691,0.44329542;0.62247783,-0.00958475,0.44375908;0.62247783,-0.02193331,0.4441896;0.62247783,-0.02792274,0.44421652;0.62247783,-0.04044925,0.44538933;0.62247783,-0.04307947,0.4458055;0.62247783,-0.05066981,0.44689852;0.62247783,-0.05879725,0.44835963;0.62247783,-0.06270217,0.44923244;0.62247783,-0.07487611,0.45181647;0.62247783,-0.0867192,0.45479986;0.62247783,-0.09125305,0.45613573;0.62247783,-0.09566211,0.45769517;0.62247783,-0.11746202,0.46504593;0.62247783,-0.12228201,0.46666998;0.62247783,-0.13807626,0.47267771;0.62247783,-0.15287195,0.4786488;0.62247783,-0.15509379,0.47957396;0.62247783,-0.1731402,0.48697439;0.62247783,-0.17531426,0.4873922;0.62247783,-0.18811717,0.48705357;0.62247783,-0.20182189,0.48795233
0.62247783,0.23062131,0.01810139;0.62247783,0.23798639,0.01141293;0.62247783,0.24543445,0.00826542;0.62247783,0.25477814,0.00060814;0.62247783,0.26370309,-0.00639693;0.62247783,0.26807701,-0.01003501;0.62247783,0.26690698,-0.01407476;0.62247783,0.26393114,-0.01550678;0.62247783,0.26001183,-0.01493276;0.62247783,0.24893781,-0.01219622;0.62247783,0.24287384,-0.01054707;0.62247783,0.23458601,-0.00626693;0.62247783,0.22995387,-0.00292708;0.62247783,0.22211193,-0.00326789;0.62247783,0.21743553,-0.00497977;0.62247783,0.20923798,-0.01483797;0.62247783,0.20090815,-0.02589028;0.62247783,0.19781761,-0.02852815;0.62247783,0.18570027,-0.03638304;0.62247783,0.1751634,-0.03910789;0.62247783,0.170467,-0.03912642;0.62247783,0.16955943,-0.03864197;0.62247783,0.15924168,-0.03046108;0.62247783,0.14988478,-0.0260886;0.62247783,0.14420105,-0.02349977;0.62247783,0.1367942,-0.0160786;0.62247783,0.13544197,-0.01227352;0.62247783,0.13495569,-0.00476133;0.62247783,0.13987878,0.00266002;0.62247783,0.14714144,0.00365306;0.62247783,0.15705092,0.00641977;0.62247783,0.16562216,0.01035672;0.62247783,0.17177808,0.01322656;0.62247783,0.17872947,0.01228938;0.62247783,0.18534657,0.00806308;0.62247783,0.19012987,0.00491644;0.62247783,0.19563001,0.00487237;0.62247783,0.20535342,0.00718176;0.62247783,0.21189765,0.01073377;0.62247783,0.22347613,0.01886087;0.62247783,0.22642178,0.02010542;0.62247783,0.22729341,0.02006378
0.62247783,-0.01752573,-0.36366694;0.62247783,-0.0126915,-0.36452918;0.62247783,0.00642977,-0.36571215;0.62247783,0.01077586,-0.36529654;0.62247783,0.02964544,-0.36073294;0.62247783,0.03348395,-0.35912313;0.62247783,0.05088172,-0.34841452;0.62247783,0.0542106,-0.34577473;0.62247783,0.06822718,-0.33143819;0.62247783,0.07159268,-0.32709063;0.62247783,0.07997372,-0.31271103;0.62247783,0.08221577,-0.30733848;0.62247783,0.08667227,-0.29098932;0.62247783,0.08751621,-0.28469883;0.62247783,0.08736784,-0.26966586;0.62247783,0.08624955,-0.2617899;0.62247783,0.08225596,-0.24813047;0.62247783,0.07865572,-0.23978499;0.62247783,0.07189774,-0.22875327;0.62247783,0.06578071,-0.22084318;0.62247783,0.05724514,-0.21210793;0.62247783,0.04924486,-0.20570925;0.62247783,0.03900386,-0.19913403;0.62247783,0.03006644,-0.19506658;0.62247783,0.01792039,-0.19107003;0.62247783,0.00884631,-0.18954387;0.62247783,-0.00455042,-0.18888162;0.62247783,-0.01331499,-0.18979116;0.62247783,-0.02668441,-0.19294808;0.62247783,-0.03491307,-0.19623245;0.62247783,-0.04664283,-0.20292606;0.62247783,-0.05411264,-0.20859175;0.62247783,-0.06325116,-0.21760129;0.62247783,-0.06935574,-0.22533714;0.62247783,-0.07592809,-0.23596237;0.62247783,-0.07979004,-0.24484761;0.62247783,-0.08340745,-0.25724965;0.62247783,-0.08670595,-0.28005847;0.62247783,-0.08654366,-0.28725457;0.62247783,-0.08383049,-0.30316346;0.62247783,-0.08164813,-0.30939272;0.62247783,-0.07425737,-0.32393;0.62247783,-0.07099998,-0.32855468;0.62247783,-0.05886064,-0.34225572;0.62247783,-0.05444258,-0.34600582;0.62247783,-0.03971103,-0.35571837;0.62247783,-0.03478504,-0.35802138
0.62247783,0.2863357,0.34152434;0.62247783,0.28989621,0.34298015;0.62247783,0.30281442,0.34581288;0.62247783,0.31923117,0.34840677;0.62247783,0.33408927,0.3503871;0.62247783,0.33683235,0.3505058;0.62247783,0.35392301,0.34958149;0.62247783,0.36170171,0.34842339;0.62247783,0.37132669,0.34675951;0.62247783,0.3798143,0.34386222;0.62247783,0.38578847,0.34234664;0.62247783,0.39355568,0.34069388;0.62247783,0.40556064,0.33810166;0.62247783,0.41354626,0.33562849;0.62247783,0.42474043,0.3308406;0.62247783,0.44258097,0.3209048;0.62247783,0.44762523,0.3174953;0.62247783,0.44960127,0.31514314;0.62247783,0.45510759,0.30474262;0.62247783,0.46358604,0.28832344;0.62247783,0.46557432,0.2854813;0.62247783,0.46940241,0.28290436;0.62247783,0.485369,0.27443758;0.62247783,0.49318483,0.25488405;0.62247783,0.49656836,0.23088766;0.62247783,0.49685543,0.22898272;0.62247783,0.49736808,0.22797386;0.62247783,0.50000291,0.22591926;0.62247783,0.50591965,0.22562111;0.62247783,0.52431607,0.2232686;0.62247783,0.52909277,0.22027957;0.62247783,0.53052643,0.2161404;0.62247783,0.52945769,0.20463734;0.62247783,0.52758811,0.19320958;0.62247783,0.53090453,0.18590274;0.62247783,0.54441123,0.16242282;0.62247783,0.54573958,0.15759408;0.62247783,0.54752085,0.13007252;0.62247783,0.55057718,0.11287255;0.62247783,0.55672373,0.09178297;0.62247783,0.55979791,0.08283274;0.62247783,0.56304528,0.07110995;0.62247783,0.56773098,0.05221532;0.62247783,0.5672877,0.03942833;0.62247783,0.56544433,0.02184577;0.62247783,0.56425524,0.00636301;0.62247783,0.5642978,-0.00298776;0.62247783,0.5685231,-0.0133972;0.62247783,0.57344607,-0.02688973;0.62247783,0.57380204,-0.03932782;0.62247783,0.56945484,-0.06751204;0.62247783,0.56833648,-0.07261694;0.62247783,0.56402561,-0.08270321;0.62247783,0.55392727,-0.09769791;0.62247783,0.54366175,-0.11224861;0.62247783,0.53621994,-0.12030736;0.62247783,0.52992087,-0.12029192;0.62247783,0.52661645,-0.11917001;0.62247783,0.51658261,-0.11406361;0.62247783,0.50689613,-0.11004345;0.62247783,0.5013904,-0.10897239;0.62247783,0.49823401,-0.11279196;0.62247783,0.49223878,-0.11868788;0.62247783,0.48571287,-0.12107727;0.62247783,0.47724788,-0.11842733;0.62247783,0.47053995,-0.11467593;0.62247783,0.45604826,-0.1072288;0.62247783,0.44323273,-0.09719756;0.62247783,0.43966347,-0.09497885;0.62247783,0.42891611,-0.09011663;0.62247783,0.42468794,-0.0875202;0.62247783,0.42400681,-0.08621566;0.62247783,0.42052153,-0.07379549;0.62247783,0.41637734,-0.06596974;0.62247783,0.41270868,-0.06162903;0.62247783,0.41145435,-0.06024695;0.62247783,0.40895615,-0.05908806;0.62247783,0.39674864,-0.05309631;0.62247783,0.3895062,-0.04646809;0.62247783,0.38478087,-0.03737319;0.62247783,0.38368202,-0.0348821;0.62247783,0.38208613,-0.03109142;0.62247783,0.37848434,-0.02245223;0.62247783,0.37670846,-0.01728653;0.62247783,0.37370083,-0.01102034;0.62247783,0.37040946,-0.00628155;0.62247783,0.36691477,-0.00027392;0.62247783,0.36417478,0.01133626;0.62247783,0.36391041,0.01295494;0.62247783,0.36401951,0.01426536;0.62247783,0.36518608,0.01599807;0.62247783,0.37294335,0.02811548;0.62247783,0.37632769,0.03697754;0.62247783,0.37769678,0.04157134;0.62247783,0.37920689,0.05269913;0.62247783,0.37927874,0.0537066;0.62247783,0.37987431,0.05723789;0.62247783,0.3819225,0.06792657;0.62247783,0.38350491,0.07272113;0.62247783,0.38791304,0.08185087;0.62247783,0.39037435,0.08743045;0.62247783,0.39698898,0.10009924;0.62247783,0.3977139,0.10337807;0.62247783,0.3986178,0.11644458;0.62247783,0.39946117,0.12368903;0.62247783,0.39949103,0.13134639;0.62247783,0.39833005,0.13577189;0.62247783,0.39523171,0.14938777;0.62247783,0.39372241,0.15368575;0.62247783,0.38726096,0.16291132;0.62247783,0.38458107,0.16575377;0.62247783,0.38125479,0.16927675;0.62247783,0.37382732,0.17625361;0.62247783,0.36648637,0.18278054;0.62247783,0.36115498,0.18655042;0.62247783,0.351124,0.19308228;0.62247783,0.34725381,0.19598315;0.62247783,0.34529267,0.19772996;0.62247783,0.33480171,0.20508292;0.62247783,0.32587124,0.20941929;0.62247783,0.32341168,0.21056927;0.62247783,0.32064864,0.2120548;0.62247783,0.3127264,0.21602731;0.62247783,0.30040179,0.21867693;0.62247783,0.28784143,0.22221986;0.62247783,0.28500608,0.22282905;0.62247783,0.27419308,0.22627681;0.62247783,0.27164647,0.2282333;0.62247783,0.26443141,0.23674196;0.62247783,0.2620503,0.23934877;0.62247783,0.25398565,0.24654965;0.62247783,0.25185611,0.24705872;0.62247783,0.23962083,0.24579592;0.62247783,0.22627609,0.24725008;0.62247783,0.22500404,0.24743261;0.62247783,0.22263018,0.24701299;0.62247783,0.22102326,0.24529961;0.62247783,0.21141921,0.23594974;0.62247783,0.20467187,0.23070167;0.62247783,0.19907775,0.22785698;0.62247783,0.19178677,0.22555223;0.62247783,0.18001431,0.21977968;0.62247783,0.1712721,0.22081552;0.62247783,0.16602478,0.22456925;0.62247783,0.16943001,0.22992446;0.62247783,0.17458591,0.23433243;0.62247783,0.18110593,0.23900131;0.62247783,0.18528794,0.24660727;0.62247783,0.18980314,0.25464032;0.62247783,0.20546755,0.26607111;0.62247783,0.21259803,0.27291184;0.62247783,0.217244,0.27755024;0.62247783,0.22344419,0.28326192;0.62247783,0.22863988,0.28848157;0.62247783,0.23069265,0.29230054;0.62247783,0.23678553,0.30294956;0.62247783,0.24910314,0.31603684;0.62247783,0.26145243,0.32657048;0.62247783,0.2708594,0.33278496;0.62247783,0.27552347,0.33536253
0.62247783,0.04949196,-0.40661799;0.62247783,0.03888804,-0.41149629;0.62247783,0.0346806,-0.41311477;0.62247783,0.02623085,-0.41772449;0.62247783,0.02332179,-0.41965735;0.62247783,0.02067993,-0.42118563;0.62247783,0.01034314,-0.42700958;0.62247783,0.00195438,-0.4340415;0.62247783,-0.00085631,-0.43584195;0.62247783,-0.0043279,-0.43693554;0.62247783,-0.01515791,-0.4381009;0.62247783,-0.02061586,-0.43880295;0.62247783,-0.03832857,-0.44038899;0.62247783,-0.04495814,-0.44098943;0.62247783,-0.05762182,-0.43926718;0.62247783,-0.06330598,-0.43679341;0.62247783,-0.07083736,-0.43276947;0.62247783,-0.08165804,-0.42646845;0.62247783,-0.08321467,-0.42505462;0.62247783,-0.0933569,-0.41260813;0.62247783,-0.09663344,-0.40718316;0.62247783,-0.10066601,-0.40031381;0.62247783,-0.1066308,-0.38898885;0.62247783,-0.10883153,-0.38453395;0.62247783,-0.10942475,-0.38254852;0.62247783,-0.1143808,-0.36459175;0.62247783,-0.11484487,-0.36304318;0.62247783,-0.11570567,-0.36101796;0.62247783,-0.12082557,-0.34848966;0.62247783,-0.12349979,-0.34009337;0.62247783,-0.12450502,-0.33594868;0.62247783,-0.1266435,-0.32760345;0.62247783,-0.12997089,-0.31911582;0.62247783,-0.13092367,-0.31653573;0.62247783,-0.13451025,-0.30537365;0.62247783,-0.1348791,-0.30408769;0.62247783,-0.13778271,-0.29381548;0.62247783,-0.14036813,-0.28742557;0.62247783,-0.14600085,-0.27608937;0.62247783,-0.14723018,-0.27267411;0.62247783,-0.15011484,-0.25682126;0.62247783,-0.15075744,-0.25273514;0.62247783,-0.15322721,-0.24010099;0.62247783,-0.15377722,-0.23173057;0.62247783,-0.15097738,-0.21908852;0.62247783,-0.14589418,-0.20760319;0.62247783,-0.14395518,-0.20249013;0.62247783,-0.14015479,-0.19227815;0.62247783,-0.13248503,-0.18319034;0.62247783,-0.13094886,-0.18182348;0.62247783,-0.12138514,-0.1753676;0.62247783,-0.10961852,-0.16714326;0.62247783,-0.10836385,-0.16618976;0.62247783,-0.10694961,-0.1658608;0.62247783,-0.10181367,-0.16446138;0.62247783,-0.08997391,-0.16121318;0.62247783,-0.08755368,-0.16072591;0.62247783,-0.08539922,-0.15971704;0.62247783,-0.07432698,-0.15677983;0.62247783,-0.06799527,-0.15700722;0.62247783,-0.06225054,-0.15729366;0.62247783,-0.05210411,-0.1573617;0.62247783,-0.0505008,-0.15732648;0.62247783,-0.04855451,-0.15679667;0.62247783,-0.03973224,-0.15383909;0.62247783,-0.03123708,-0.15186567;0.62247783,-0.02967587,-0.15170306;0.62247783,-0.0189072,-0.15117078;0.62247783,-0.01345271,-0.15091604;0.62247783,-0.00733401,-0.15061693;0.62247783,0.00159172,-0.14963425;0.62247783,0.00305595,-0.1495458;0.62247783,0.0145213,-0.14948722;0.62247783,0.01775138,-0.14970111;0.62247783,0.0256357,-0.15087287;0.62247783,0.03499987,-0.15172923;0.62247783,0.03667724,-0.15184761;0.62247783,0.04643965,-0.15307503;0.62247783,0.04876215,-0.15325695;0.62247783,0.05229574,-0.15412055;0.62247783,0.06271594,-0.15588605;0.62247783,0.06777947,-0.1560476;0.62247783,0.0742118,-0.15585191;0.62247783,0.0871559,-0.15596085;0.62247783,0.09038204,-0.15606615;0.62247783,0.09424539,-0.157315;0.62247783,0.10840357,-0.16466602;0.62247783,0.11054533,-0.16564459;0.62247783,0.12344081,-0.17092466;0.62247783,0.12478532,-0.17185217;0.62247783,0.1327574,-0.18237469;0.62247783,0.13483941,-0.18544963;0.62247783,0.14077293,-0.19525455;0.62247783,0.14446946,-0.20506699;0.62247783,0.14533347,-0.20945962;0.62247783,0.14604597,-0.21936669;0.62247783,0.14819942,-0.23362615;0.62247783,0.1484612,-0.23568891;0.62247783,0.14816924,-0.23740264;0.62247783,0.14634074,-0.24182487;0.62247783,0.14179113,-0.25246527;0.62247783,0.14056962,-0.25623086;0.62247783,0.13921641,-0.26318488;0.62247783,0.13876133,-0.27000627;0.62247783,0.13722713,-0.27913489;0.62247783,0.13617744,-0.28224405;0.62247783,0.13316554,-0.29103832;0.62247783,0.12922379,-0.30303947;0.62247783,0.12585755,-0.32141133;0.62247783,0.12255064,-0.3368139;0.62247783,0.12206198,-0.33808597;0.62247783,0.11659417,-0.34858036;0.62247783,0.11103967,-0.35987636;0.62247783,0.10960488,-0.36209874;0.62247783,0.10779103,-0.36658192;0.62247783,0.10249527,-0.37598458;0.62247783,0.09321636,-0.38456003;0.62247783,0.08822153,-0.38734749;0.62247783,0.07592408,-0.3922125;0.62247783,0.06575364,-0.39795244;0.62247783,0.06092509,-0.40048468;0.62247783,0.0539019,-0.40381604
0.62247783,0.05620038,-0.00166583;0.62247783,0.06837597,-0.00629178;0.62247783,0.06920918,-0.00652035;0.62247783,0.07101766,-0.00742523;0.62247783,0.07918194,-0.01256865;0.62247783,0.08224444,-0.02069412;0.62247783,0.07763369,-0.0277634;0.62247783,0.07134084,-0.02995704;0.62247783,0.06398604,-0.03190032;0.62247783,0.05485537,-0.03053624;0.62247783,0.04556421,-0.02902288;0.62247783,0.03828611,-0.02837967;0.62247783,0.0252394,-0.03060012;0.62247783,0.01829145,-0.03300809;0.62247783,0.00830888,-0.03540885;0.62247783,0.00145824,-0.03674735;0.62247783,-0.01004662,-0.03369522;0.62247783,-0.01211235,-0.03321349;0.62247783,-0.01339801,-0.03291071;0.62247783,-0.02803644,-0.02949205;0.62247783,-0.04339352,-0.0291577;0.62247783,-0.04451888,-0.02926551;0.62247783,-0.0472515,-0.02947623;0.62247783,-0.0586297,-0.03002875;0.62247783,-0.06531566,-0.03237721;0.62247783,-0.07394129,-0.03338238;0.62247783,-0.09049917,-0.03050808;0.62247783,-0.0920785,-0.02964124;0.62247783,-0.09277748,-0.02388193;0.62247783,-0.08835501,-0.02188499;0.62247783,-0.08349656,-0.01834089;0.62247783,-0.07408396,-0.01495806;0.62247783,-0.06640766,-0.01154501;0.62247783,-0.05516563,-0.00271169;0.62247783,-0.04421941,0.00235157;0.62247783,-0.03709052,0.00504006;0.62247783,-0.03074093,0.00631179;0.62247783,-0.02606023,0.00575681;0.62247783,-0.01650436,0.00510914;0.62247783,-0.00312494,0.00562194;0.62247783,0.01000416,0.00942543;0.62247783,0.01440907,0.00994417;0.62247783,0.01889757,0.00908365;0.62247783,0.02897156,0.00734462;0.62247783,0.03625713,0.00645877;0.62247783,0.04314611,0.0053885;0.62247783,0.04793009,0.00281851
0.62247783,-0.52440799,-0.23823663;0.62247783,-0.5255037,-0.23364509;0.62247783,-0.52328343,-0.23033163;0.62247783,-0.51313586,-0.21159751;0.62247783,-0.50914011,-0.20553428;0.62247783,-0.5038592,-0.20752187;0.62247783,-0.50156901,-0.21161496;0.62247783,-0.50307186,-0.22259915;0.62247783,-0.51189652,-0.23320791;0.62247783,-0.51958047,-0.23733504
0.62247783,0.43377033,-0.27804499;0.62247783,0.43483245,-0.28462284;0.62247783,0.43726087,-0.29588982;0.62247783,0.43356245,-0.30622738;0.62247783,0.42740774,-0.31901697;0.62247783,0.41845048,-0.3362197;0.62247783,0.41513005,-0.34168963;0.62247783,0.4127397,-0.3447404;0.62247783,0.39641063,-0.36035742;0.62247783,0.38838858,-0.36680236;0.62247783,0.37625055,-0.37495889;0.62247783,0.36557148,-0.38086184;0.62247783,0.35047116,-0.38990178;0.62247783,0.34875615,-0.39076424;0.62247783,0.34722786,-0.39098349;0.62247783,0.32954904,-0.39220593;0.62247783,0.31452873,-0.39158794;0.62247783,0.31056016,-0.39131098;0.62247783,0.30330492,-0.39056348;0.62247783,0.29421463,-0.38900654;0.62247783,0.27556174,-0.3804266;0.62247783,0.27303534,-0.37871139;0.62247783,0.27167944,-0.37600897;0.62247783,0.26702781,-0.36240099;0.62247783,0.26579767,-0.35745189;0.62247783,0.26252032,-0.34596284;0.62247783,0.26225703,-0.33977215;0.62247783,0.26467273,-0.32775556;0.62247783,0.26490435,-0.3267733;0.62247783,0.26508482,-0.32522754;0.62247783,0.26616727,-0.31353206;0.62247783,0.26687955,-0.30832045;0.62247783,0.26759394,-0.29781484;0.62247783,0.26924544,-0.29067113;0.62247783,0.27136152,-0.283705;0.62247783,0.27367552,-0.27769176;0.62247783,0.27641809,-0.26790524;0.62247783,0.27705139,-0.26572786;0.62247783,0.27778155,-0.26419885;0.62247783,0.28363259,-0.25393817;0.62247783,0.28603103,-0.25074727;0.62247783,0.29492975,-0.24165717;0.62247783,0.29648712,-0.23975919;0.62247783,0.30321742,-0.23094592;0.62247783,0.30535971,-0.22850076;0.62247783,0.31211381,-0.2241284;0.62247783,0.31750627,-0.22090872;0.62247783,0.32083066,-0.21944881;0.62247783,0.33122339,-0.21611479;0.62247783,0.33824814,-0.21513588;0.62247783,0.34908884,-0.21655069;0.62247783,0.35480448,-0.21764873;0.62247783,0.360636,-0.21733408;0.62247783,0.36584293,-0.21494343;0.62247783,0.37418995,-0.21206335;0.62247783,0.37928656,-0.21222829;0.62247783,0.38744541,-0.21496732;0.62247783,0.39296014,-0.21787188;0.62247783,0.40192297,-0.22084755;0.62247783,0.41100489,-0.22303087;0.62247783,0.4219093,-0.22977116;0.62247783,0.42503256,-0.23212511;0.62247783,0.43650833,-0.2428897;0.62247783,0.43842238,-0.2446868;0.62247783,0.4389378,-0.24551227;0.62247783,0.43853799,-0.24655943;0.62247783,0.43256393,-0.26315237;0.62247783,0.43220484,-0.26661634
0.62247783,0.1214868,0.21760329;0.62247783,0.11348216,0.21393766;0.62247783,0.10207063,0.2076713;0.62247783,0.09791854,0.20411688;0.62247783,0.09373478,0.19945582;0.62247783,0.08485439,0.19314916;0.62247783,0.07214296,0.195194;0.62247783,0.0652151,0.19822206;0.62247783,0.06085237,0.19990085;0.62247783,0.0512126,0.20133061;0.62247783,0.04046255,0.2051448;0.62247783,0.04188955,0.21477809;0.62247783,0.04822515,0.22143256;0.62247783,0.05602039,0.22582815;0.62247783,0.06011536,0.22958919;0.62247783,0.06734298,0.23728197;0.62247783,0.07588676,0.24371672;0.62247783,0.08656145,0.24310573;0.62247783,0.09283832,0.24010912;0.62247783,0.09625161,0.24655181;0.62247783,0.09456451,0.25025847;0.62247783,0.09277861,0.25498106;0.62247783,0.08989023,0.26201759;0.62247783,0.09223119,0.26664842;0.62247783,0.09308756,0.26732859;0.62247783,0.098681,0.26876433;0.62247783,0.10528068,0.26809022;0.62247783,0.1114945,0.26090014;0.62247783,0.11798372,0.25424777;0.62247783,0.12838161,0.25690243;0.62247783,0.13529219,0.26070918;0.62247783,0.14229965,0.2652002;0.62247783,0.15118031,0.27577012;0.62247783,0.15229069,0.27681918;0.62247783,0.15366205,0.27683459;0.62247783,0.16494712,0.27460801;0.62247783,0.17090626,0.27118758;0.62247783,0.17343076,0.26322693;0.62247783,0.17274331,0.25849305;0.62247783,0.16903913,0.25279741;0.62247783,0.16586188,0.25109613;0.62247783,0.15753781,0.24644379;0.62247783,0.15255446,0.23926451;0.62247783,0.14578002,0.22967598;0.62247783,0.13833355,0.22643308;0.62247783,0.13161382,0.22373539
0.62247783,-0.06411317,0.26916706;0.62247783,-0.06751885,0.26835563;0.62247783,-0.07091575,0.27045339;0.62247783,-0.06792774,0.27265079;0.62247783,-0.0662455,0.27194141
0.62247783,-0.29721135,-0.38183359;0.62247783,-0.31042423,-0.38942881;0.62247783,-0.31477861,-0.39171899;0.62247783,-0.33137575,-0.40151274;0.62247783,-0.3336884,-0.40209158;0.62247783,-0.35224643,-0.40013002;0.62247783,-0.37736783,-0.39355752;0.62247783,-0.3841289,-0.3919882;0.62247783,-0.4038319,-0.38381822;0.62247783,-0.41351675,-0.3745574;0.62247783,-0.42811649,-0.36393385;0.62247783,-0.4486452,-0.35815703;0.62247783,-0.45468226,-0.35690807;0.62247783,-0.45816626,-0.35166525;0.62247783,-0.45789703,-0.34738154;0.62247783,-0.45751278,-0.32601646;0.62247783,-0.46810619,-0.30803182;0.62247783,-0.48833644,-0.30311094;0.62247783,-0.49576478,-0.30123141;0.62247783,-0.49798729,-0.29453989;0.62247783,-0.49378841,-0.28936726;0.62247783,-0.48009657,-0.27948147;0.62247783,-0.46761914,-0.27579515;0.62247783,-0.45594017,-0.26475392;0.62247783,-0.45446971,-0.2627696;0.62247783,-0.44778392,-0.24510562;0.62247783,-0.4474945,-0.23013097;0.62247783,-0.44717237,-0.22841236;0.62247783,-0.4463023,-0.22815751;0.62247783,-0.44038944,-0.22889141;0.62247783,-0.43198495,-0.23109741;0.62247783,-0.42583231,-0.22935978;0.62247783,-0.42102478,-0.22777667;0.62247783,-0.41000215,-0.22478658;0.62247783,-0.40590579,-0.22478854;0.62247783,-0.38909429,-0.22634155;0.62247783,-0.3877177,-0.22636502;0.62247783,-0.38658324,-0.22585231;0.62247783,-0.37439138,-0.2206621;0.62247783,-0.36579877,-0.21823729;0.62247783,-0.35638474,-0.22167433;0.62247783,-0.35387551,-0.22289675;0.62247783,-0.35056248,-0.22240758;0.62247783,-0.33531104,-0.21997556;0.62247783,-0.32867608,-0.22041918;0.62247783,-0.32314988,-0.22340996;0.62247783,-0.31678221,-0.22701685;0.62247783,-0.3076981,-0.23024359;0.62247783,-0.3048925,-0.23148036;0.62247783,-0.30345671,-0.23261106;0.62247783,-0.29472142,-0.2408463;0.62247783,-0.29293596,-0.24215441;0.62247783,-0.28353221,-0.24871973;0.62247783,-0.27835147,-0.25458087;0.62247783,-0.27413826,-0.26163123;0.62247783,-0.27243416,-0.2661535;0.62247783,-0.27148447,-0.27326778;0.62247783,-0.27072518,-0.28134955;0.62247783,-0.26941099,-0.2881509;0.62247783,-0.26883443,-0.2959272;0.62247783,-0.26909319,-0.29929498;0.62247783,-0.27291819,-0.31617165;0.62247783,-0.27643936,-0.33408836;0.62247783,-0.27865106,-0.34231016;0.62247783,-0.28091332,-0.35097807;0.62247783,-0.28449584,-0.3623984;0.62247783,-0.28694942,-0.36860889;0.62247783,-0.29354746,-0.37842217
0.62247783,0.06241503,0.27086004;0.62247783,0.06182207,0.27266584;0.62247783,0.0633078,0.27321046;0.62247783,0.06391693,0.27250078;0.62247783,0.06489887,0.26964724
0.62247783,0.04051765,0.24268174;0.62247783,0.03768003,0.24283015;0.62247783,0.03668955,0.2451712;0.62247783,0.03906107,0.24732723;0.62247783,0.04171265,0.24680807;0.62247783,0.04279007,0.2446041
0.62247783,-0.23168087,-0.00342188;0.62247783,-0.21667814,-0.00076707;0.62247783,-0.19274199,0.00263478;0.62247783,-0.18904966,0.00307924;0.62247783,-0.18268877,0.00701539;0.62247783,-0.17473088,0.01909893;0.62247783,-0.17497643,0.02544708;0.62247783,-0.17909326,0.02665439;0.62247783,-0.18572519,0.03150647;0.62247783,-0.1886955,0.03690239;0.62247783,-0.18583503,0.04385678;0.62247783,-0.1750271,0.05047677;0.62247783,-0.17261308,0.04949856;0.62247783,-0.16367214,0.03933913;0.62247783,-0.16057543,0.03578111;0.62247783,-0.15354664,0.02474735;0.62247783,-0.14364316,0.01313102;0.62247783,-0.14326096,0.01224108;0.62247783,-0.14050526,-0.00464529;0.62247783,-0.14072678,-0.00892563;0.62247783,-0.14348642,-0.01924199;0.62247783,-0.14608861,-0.02297197;0.62247783,-0.15339378,-0.03350234;0.62247783,-0.15679289,-0.03623767;0.62247783,-0.15935908,-0.03719549;0.62247783,-0.17062576,-0.04034848;0.62247783,-0.18035201,-0.04542212;0.62247783,-0.18357917,-0.04686123;0.62247783,-0.19186405,-0.04978254;0.62247783,-0.19982722,-0.05266368;0.62247783,-0.2112822,-0.0582063;0.62247783,-0.21700239,-0.06596219;0.62247783,-0.22202867,-0.07058818;0.62247783,-0.22682952,-0.07073938;0.62247783,-0.23203506,-0.06980596;0.62247783,-0.240646,-0.06728864;0.62247783,-0.25321649,-0.06880101;0.62247783,-0.2551016,-0.06895164;0.62247783,-0.25588246,-0.0686034;0.62247783,-0.25619431,-0.06774712;0.62247783,-0.2555373,-0.06383494;0.62247783,-0.25067216,-0.05481899;0.62247783,-0.24131693,-0.04978533;0.62247783,-0.23700809,-0.04781499;0.62247783,-0.22659743,-0.04319759;0.62247783,-0.22348564,-0.03343555;0.62247783,-0.22731023,-0.02714808;0.62247783,-0.2339524,-0.02380488;0.62247783,-0.23687871,-0.02257345;0.62247783,-0.24711674,-0.01844032;0.62247783,-0.25139352,-0.01727783;0.62247783,-0.25365083,-0.01183335;0.62247783,-0.24651687,-0.00884516;0.62247783,-0.23425727,-0.00411135;0.62247783,-0.23300046,-0.00381799
0.62247783,0.10492332,0.18891083;0.62247783,0.10929866,0.18939503;0.62247783,0.11349313,0.18731956;0.62247783,0.11160782,0.18288163;0.62247783,0.10808258,0.18234655;0.62247783,0.10217341,0.18461662
0.62247783,0.19402318,0.28509056;0.62247783,0.19449295,0.28884045;0.62247783,0.19857503,0.29141141;0.62247783,0.19913374,0.28653923;0.62247783,0.1974147,0.28377334
0.62247783,-0.05165462,0.2148722;0.62247783,-0.0477165,0.21243419;0.62247783,-0.05077278,0.20733605;0.62247783,-0.06618909,0.19985816;0.62247783,-0.06964125,0.19847066;0.62247783,-0.0795599,0.1941366;0.62247783,-0.08573905,0.19367435;0.62247783,-0.09148878,0.19785071;0.62247783,-0.08937562,0.20583693;0.62247783,-0.07996143,0.21195336;0.62247783,-0.07722215,0.21248764;0.62247783,-0.06653328,0.21348303;0.62247783,-0.05870331,0.21529508
0.62247783,-0.05253232,0.16766568;0.62247783,-0.05232221,0.16947908;0.62247783,-0.05131323,0.17085461;0.62247783,-0.04999472,0.16981083;0.62247783,-0.04940894,0.16852056;0.62247783,-0.05069418,0.16712123
0.62247783,-0.302553,0.0012543;0.62247783,-0.30082892,0.00185107;0.62247783,-0.29928444,0.00097214;0.62247783,-0.29776324,-0.00237139;0.62247783,-0.30168228,-0.00127682;0.62247783,-0.30293149,-0.00025152
0.62247783,0.22018347,0.29863145;0.62247783,0.21774419,0.29878234;0.62247783,0.21523915,0.30134731;0.62247783,0.21837364,0.30360239;0.62247783,0.22090028,0.30172107
0.62247783,-0.29583237,-0.04761665;0.62247783,-0.29786841,-0.04763723;0.62247783,-0.29876098,-0.04723035;0.62247783,-0.29886268,-0.04620955;0.62247783,-0.29756938,-0.04539435;0.62247783,-0.29622489,-0.04602748
0.62247783,-0.4995951,-0.14805425;0.62247783,-0.49450394,-0.14779879;0.62247783,-0.49378353,-0.15232462;0.62247783,-0.49617746,-0.1549613;0.62247783,-0.50131849,-0.15535242;0.62247783,-0.50162388,-0.14994449
0.62247783,-0.00056236,0.20860763;0.62247783,-0.00508662,0.2083883;0.62247783,-0.01523332,0.20742308;0.62247783,-0.02267495,0.20898913;0.62247783,-0.02564519,0.21540178;0.62247783,-0.02098283,0.22144532;0.62247783,-0.01196796,0.22358872;0.62247783,-0.00563566,0.22283775;0.62247783,0.00197265,0.2223578;0.62247783,0.01027314,0.22320858;0.62247783,0.01869217,0.22148241;0.62247783,0.02200365,0.21633961;0.62247783,0.02008133,0.2076834;0.62247783,0.00952468,0.2078216
0.62247783,0.05543778,0.17949475;0.62247783,0.05502902,0.17812391;0.62247783,0.05406149,0.17795661;0.62247783,0.05340041,0.1785709;0.62247783,0.05396329,0.17936916
0.62247783,0.22890192,-0.05590015;0.62247783,0.22539603,-0.05813534;0.62247783,0.22014115,-0.05757079;0.62247783,0.21741711,-0.05195563;0.62247783,0.22472322,-0.04968796;0.62247783,0.22911565,-0.0512443
0.62247783,0.49960852,-0.14760824;0.62247783,0.50124946,-0.14997413;0.62247783,0.50007208,-0.15330412;0.62247783,0.49701716,-0.15313482;0.62247783,0.49535497,-0.1516484;0.62247783,0.49544266,-0.14790909
0.62247783,-0.49263849,-0.0994288;0.62247783,-0.49168818,-0.09858076;0.62247783,-0.49237102,-0.09772461;0.62247783,-0.4928746,-0.09760345;0.62247783,-0.49425095,-0.09797982;0.62247783,-0.49357608,-0.09919307
-0.57275286,0.62247783,-0.29257671;-0.58579329,0.62247783,-0.29407907;-0.59590396,0.62247783,-0.28873679;-0.6009712,0.62247783,-0.27775388;-0.60824559,0.62247783,-0.25968488;-0.61278343,0.62247783,-0.23352051;-0.61444375,0.62247783,-0.22412148;-0.61666645,0.62247783,-0.19250604;-0.61712667,0.62247783,-0.18655694;-0.61822368,0.62247783,-0.1528287;-0.61844562,0.62247783,-0.14776759;-0.61915779,0.62247783,-0.11308554;-0.61929796,0.62247783,-0.10889979;-0.61974995,0.62247783,-0.0736694;-0.61980659,0.62247783,-0.06994243;-0.61999954,0.62247783,-0.03434315;-0.62001824,0.62247783,-0.03091998;-0.62011407,0.62247783,0.04397866;-0.62010816,0.62247783,0.04717273;-0.61997626,0.62247783,0.12230306;-0.61995634,0.62247783,0.12558477;-0.61981393,0.62247783,0.1615508;-0.61978501,0.62247783,0.16472138;-0.61959568,0.62247783,0.20064821;-0.61955955,0.62247783,0.20390531;-0.61933033,0.62247783,0.23949079;-0.61928021,0.62247783,0.24319877;-0.61903021,0.62247783,0.27854176;-0.61897756,0.62247783,0.28246886;-0.6186991,0.62247783,0.31747954;-0.61862662,0.62247783,0.32181466;-0.61829178,0.62247783,0.35638033;-0.61819752,0.62247783,0.361146;-0.61768573,0.62247783,0.39521634;-0.61748872,0.62247783,0.40062667;-0.61630311,0.62247783,0.43357275;-0.61564387,0.62247783,0.44035109;-0.61258013,0.62247783,0.4696684;-0.61014895,0.62247783,0.47752681;-0.60034785,0.62247783,0.49309161;-0.57073268,0.62247783,0.49972919;-0.558248,0.62247783,0.49805844;-0.54323275,0.62247783,0.49243002;-0.51705207,0.62247783,0.4687594;-0.50393076,0.62247783,0.45548195;-0.49619899,0.62247783,0.44722732;-0.49398295,0.62247783,0.44395855;-0.47803735,0.62247783,0.41998069;-0.47445796,0.62247783,0.41544839;-0.47207714,0.62247783,0.40942686;-0.46110148,0.62247783,0.38794768;-0.4551688,0.62247783,0.37127712;-0.45127847,0.62247783,0.35442539;-0.44836778,0.62247783,0.34162853;-0.44266849,0.62247783,0.31818747;-0.44123809,0.62247783,0.3121976;-0.44042285,0.62247783,0.30762466;-0.43533464,0.62247783,0.28862806;-0.43408871,0.62247783,0.28323836;-0.42950149,0.62247783,0.26282589;-0.42898436,0.62247783,0.2608969;-0.42368999,0.62247783,0.24507901;-0.42084622,0.62247783,0.2381335;-0.41175943,0.62247783,0.21892126;-0.40748915,0.62247783,0.21073413;-0.40172957,0.62247783,0.2007489;-0.39709472,0.62247783,0.19344287;-0.39171193,0.62247783,0.18511415;-0.38655802,0.62247783,0.17753031;-0.38146579,0.62247783,0.16962418;-0.3716089,0.62247783,0.1548927;-0.36411079,0.62247783,0.14020557;-0.35809065,0.62247783,0.12683482;-0.35581769,0.62247783,0.11874237;-0.35592779,0.62247783,0.11486873;-0.35794451,0.62247783,0.10540374;-0.35913492,0.62247783,0.10021577;-0.36303986,0.62247783,0.09057202;-0.36647368,0.62247783,0.08377835;-0.36861081,0.62247783,0.07825749;-0.36988927,0.62247783,0.07037907;-0.37132573,0.62247783,0.0633303;-0.3755126,0.62247783,0.05159639;-0.37889834,0.62247783,0.03939494;-0.37954203,0.62247783,0.03750233;-0.38122602,0.62247783,0.03402694;-0.38478783,0.62247783,0.02581099;-0.38536997,0.62247783,0.02229893;-0.3855647,0.62247783,0.00831763;-0.38714738,0.62247783,-0.00416377;-0.38727694,0.62247783,-0.00796383;-0.38678548,0.62247783,-0.01942374;-0.38697079,0.62247783,-0.02324271;-0.3882961,0.62247783,-0.03284622;-0.38767919,0.62247783,-0.0406355;-0.3850488,0.62247783,-0.05013326;-0.38449158,0.62247783,-0.05360507;-0.38395684,0.62247783,-0.06394151;-0.38294491,0.62247783,-0.06954629;-0.38029285,0.62247783,-0.07934317;-0.379839,0.62247783,-0.0840233;-0.38010938,0.62247783,-0.09297764;-0.37840278,0.62247783,-0.10213283;-0.37580217,0.62247783,-0.10903128;-0.37537676,0.62247783,-0.1151289;-0.37662565,0.62247783,-0.12313684;-0.37735848,0.62247783,-0.13060445;-0.37844874,0.62247783,-0.137505;-0.38103705,0.62247783,-0.14646213;-0.38485143,0.62247783,-0.15529157;-0.38708052,0.62247783,-0.16062372;-0.39074412,0.62247783,-0.16886435;-0.40060829,0.62247783,-0.18336876;-0.40661879,0.62247783,-0.19257129;-0.40976457,0.62247783,-0.19658485;-0.43729148,0.62247783,-0.22820094;-0.44401926,0.62247783,-0.23548374;-0.45249401,0.62247783,-0.24345258;-0.45976494,0.62247783,-0.24918863;-0.47876268,0.62247783,-0.259903;-0.48490191,0.62247783,-0.2631741;-0.48764243,0.62247783,-0.26433695;-0.51960594,0.62247783,-0.27735005;-0.52693445,0.62247783,-0.27988816;-0.5528141,0.62247783,-0.28810499
0.43949018,0.62247783,0.2288077;0.44360281,0.62247783,0.23524857;0.44988307,0.62247783,0.24641697;0.45519388,0.62247783,0.2551094;0.4669522,0.62247783,0.27516143;0.46759234,0.62247783,0.27633149;0.4680289,0.62247783,0.2772858;0.4826212,0.62247783,0.31102884;0.48443418,0.62247783,0.31565351;0.48918172,0.62247783,0.32514842;0.49956793,0.62247783,0.348227;0.50770431,0.62247783,0.37054431;0.51113591,0.62247783,0.38273217;0.51599953,0.62247783,0.39350117;0.52792017,0.62247783,0.41501738;0.53179475,0.62247783,0.42103433;0.5450261,0.62247783,0.43915813;0.55589045,0.62247783,0.45448743;0.56703595,0.62247783,0.47090583;0.58017409,0.62247783,0.48635664;0.58510379,0.62247783,0.49143447;0.59741022,0.62247783,0.49067305;0.6017444,0.62247783,0.48330035;0.60811149,0.62247783,0.46742806;0.61198998,0.62247783,0.44235569;0.61332436,0.62247783,0.4320199;0.61496874,0.62247783,0.40231954;0.61551543,0.62247783,0.39415655;0.61645637,0.62247783,0.36229912;0.61672374,0.62247783,0.35559431;0.61733432,0.62247783,0.32258164;0.61749614,0.62247783,0.31683902;0.61799892,0.62247783,0.28311504;0.61814071,0.62247783,0.27792783;0.61857733,0.62247783,0.24330725;0.61865863,0.62247783,0.23925621;0.61901034,0.62247783,0.20421194;0.61908045,0.62247783,0.20032717;0.61940722,0.62247783,0.16489966;0.61946969,0.62247783,0.1612428;0.61973312,0.62247783,0.1255794;0.61977166,0.62247783,0.12211208;0.619902,0.62247783,0.08655937;0.61991189,0.62247783,0.08314481;0.61988069,0.62247783,0.00828729;0.61986842,0.62247783,0.0048863;0.61960055,0.62247783,-0.06979363;0.61955875,0.62247783,-0.07366821;0.61902321,0.62247783,-0.1087428;0.61879621,0.62247783,-0.11361236;0.6179547,0.62247783,-0.14731428;0.61769041,0.62247783,-0.15296734;0.61643196,0.62247783,-0.18609883;0.61582148,0.62247783,-0.19260331;0.61315746,0.62247783,-0.2233156;0.61094757,0.62247783,-0.23347597;0.60466458,0.62247783,-0.25797782;0.58984099,0.62247783,-0.28353758;0.5886656,0.62247783,-0.28542337;0.58659172,0.62247783,-0.2854138;0.55098523,0.62247783,-0.2812374;0.53964117,0.62247783,-0.27863464;0.51769344,0.62247783,-0.27778439;0.50511905,0.62247783,-0.27526385;0.48448258,0.62247783,-0.26602606;0.47952242,0.62247783,-0.26250416;0.47107417,0.62247783,-0.25753469;0.46062132,0.62247783,-0.25044769;0.45231641,0.62247783,-0.24550485;0.44243734,0.62247783,-0.23873094;0.43078022,0.62247783,-0.22808702;0.42889778,0.62247783,-0.22632218;0.42294386,0.62247783,-0.22038518;0.41583797,0.62247783,-0.21339759;0.41323631,0.62247783,-0.21066495;0.40369718,0.62247783,-0.19992332;0.39925515,0.62247783,-0.19322184;0.39435155,0.62247783,-0.18290845;0.39304515,0.62247783,-0.17932522;0.39227767,0.62247783,-0.17480877;0.39019267,0.62247783,-0.164789;0.38801628,0.62247783,-0.15674806;0.38539119,0.62247783,-0.14840601;0.38439059,0.62247783,-0.14322304;0.38497167,0.62247783,-0.13380685;0.38551763,0.62247783,-0.12807882;0.38592203,0.62247783,-0.12403906;0.38804854,0.62247783,-0.11137607;0.39085258,0.62247783,-0.0977497;0.39117807,0.62247783,-0.09619398;0.39141598,0.62247783,-0.09463285;0.39350026,0.62247783,-0.08031836;0.39644271,0.62247783,-0.06675711;0.39700683,0.62247783,-0.06467716;0.4016352,0.62247783,-0.04946128;0.40334506,0.62247783,-0.03953821;0.40430571,0.62247783,-0.02917748;0.40468187,0.62247783,-0.01814824;0.40436546,0.62247783,-0.00513797;0.40428342,0.62247783,-0.00252754;0.40431152,0.62247783,0.00097339;0.40375699,0.62247783,0.01386514;0.40056919,0.62247783,0.02939734;0.39743264,0.62247783,0.04461156;0.39569124,0.62247783,0.04981107;0.39313491,0.62247783,0.05834514;0.39159142,0.62247783,0.0626022;0.38827701,0.62247783,0.07519311;0.38408341,0.62247783,0.08604011;0.3772075,0.62247783,0.09575744;0.37683433,0.62247783,0.09870604;0.37846903,0.62247783,0.10708594;0.37797616,0.62247783,0.11819375;0.37754143,0.62247783,0.12295338;0.37997063,0.62247783,0.12905265;0.38808586,0.62247783,0.14000753;0.38957253,0.62247783,0.14310042;0.39152771,0.62247783,0.15417243;0.39256669,0.62247783,0.1568797;0.39986717,0.62247783,0.16660977;0.4015987,0.62247783,0.16914682;0.40365533,0.62247783,0.17414153;0.40662662,0.62247783,0.18210747;0.41030979,0.62247783,0.18701849;0.4182254,0.62247783,0.19758342;0.42115657,0.62247783,0.20188785;0.42825039,0.62247783,0.21251557
-0.04431952,0.62247783,-0.00759459;-0.04842536,0.62247783,-0.00341772;-0.05429525,0.62247783,0.00356883;-0.0613683,0.62247783,0.00782123;-0.05491537,0.62247783,0.01455729;-0.05225159,0.62247783,0.01608734;-0.04313487,0.62247783,0.0218153;-0.03788086,0.62247783,0.02588864;-0.03311603,0.62247783,0.02869802;-0.02340888,0.62247783,0.03393963;-0.02190794,0.62247783,0.03461829;-0.01059851,0.62247783,0.03887227;-0.00002219,0.62247783,0.04114039;0.0040835,0.62247783,0.04118163;0.0101341,0.62247783,0.03865501;0.01385218,0.62247783,0.03691232;0.01778571,0.62247783,0.03801122;0.02447779,0.62247783,0.04337263;0.02730869,0.62247783,0.04522501;0.02908386,0.62247783,0.04491738;0.04157296,0.62247783,0.03961595;0.04680798,0.62247783,0.03605209;0.05434329,0.62247783,0.0282633;0.06042303,0.62247783,0.01867707;0.06199588,0.62247783,0.01141864;0.06156829,0.62247783,0.00154336;0.05455967,0.62247783,-0.00811086;0.04450099,0.62247783,-0.01368842;0.03775094,0.62247783,-0.01578951;0.02772863,0.62247783,-0.01632688;0.02606755,0.62247783,-0.01630991;0.010794,0.62247783,-0.01624996;0.00643972,0.62247783,-0.01721169;-0.00631558,0.62247783,-0.02093934;-0.01415835,0.62247783,-0.02113195;-0.02733744,0.62247783,-0.02071205;-0.03205616,0.62247783,-0.02006142;-0.03554728,0.62247783,-0.01694954
0.13895985,0.62247783,0.20564278;0.15165783,0.62247783,0.19911411;0.15528422,0.62247783,0.19603479;0.16153327,0.62247783,0.18487638;0.16103061,0.62247783,0.1825558;0.15351875,0.62247783,0.17588999;0.15071627,0.62247783,0.17540545;0.14806562,0.62247783,0.17580122;0.12911688,0.62247783,0.18056459;0.12164145,0.62247783,0.18242923;0.11231105,0.62247783,0.18150129;0.10651184,0.62247783,0.18115803;0.099845,0.62247783,0.18122763;0.08960831,0.62247783,0.18191766;0.08100076,0.62247783,0.18021743;0.07278158,0.62247783,0.17894787;0.06503791,0.62247783,0.17833903;0.05818313,0.62247783,0.17768092;0.04415185,0.62247783,0.17764953;0.03875731,0.62247783,0.17826925;0.02574605,0.62247783,0.17964103;0.01893798,0.62247783,0.1787807;0.01348982,0.62247783,0.17771573;0.00292962,0.62247783,0.17612752;-0.00942514,0.62247783,0.17565508;-0.01317788,0.62247783,0.17584356;-0.01645901,0.62247783,0.17656058;-0.03117595,0.62247783,0.18029993;-0.04009609,0.62247783,0.17981156;-0.04880786,0.62247783,0.17873389;-0.05217649,0.62247783,0.17879173;-0.05622556,0.62247783,0.17826573;-0.06883286,0.62247783,0.1786725;-0.07801745,0.62247783,0.17964726;-0.08764654,0.62247783,0.1808379;-0.09882557,0.62247783,0.18084972;-0.10621309,0.62247783,0.17858294;-0.11323167,0.62247783,0.17438901;-0.11965354,0.62247783,0.17013713;-0.12727599,0.62247783,0.16536414;-0.14022263,0.62247783,0.1582477;-0.14267775,0.62247783,0.15719143;-0.1458494,0.62247783,0.15645793;-0.15972062,0.62247783,0.15383206;-0.17051035,0.62247783,0.14850464;-0.17357557,0.62247783,0.14591275;-0.1804205,0.62247783,0.13811411;-0.18493023,0.62247783,0.13452129;-0.19148868,0.62247783,0.13198837;-0.20133861,0.62247783,0.13065236;-0.21239412,0.62247783,0.1309372;-0.22536445,0.62247783,0.13438602;-0.22919098,0.62247783,0.13549069;-0.23437877,0.62247783,0.13865341;-0.2358558,0.62247783,0.1448052;-0.23679906,0.62247783,0.15242066;-0.23396822,0.62247783,0.16144141;-0.22775989,0.62247783,0.17040828;-0.22541782,0.62247783,0.17306796;-0.21500147,0.62247783,0.18314149;-0.21012883,0.62247783,0.18815069;-0.20484515,0.62247783,0.1921632;-0.19977103,0.62247783,0.19493931;-0.19257831,0.62247783,0.19741092;-0.18591294,0.62247783,0.20253526;-0.17814079,0.62247783,0.2068433;-0.1728375,0.62247783,0.2088017;-0.16094376,0.62247783,0.2108296;-0.15719457,0.62247783,0.21147716;-0.15341466,0.62247783,0.21221926;-0.14002087,0.62247783,0.21617725;-0.13074837,0.62247783,0.21925833;-0.122028,0.62247783,0.21980975;-0.11524149,0.62247783,0.21906198;-0.10375903,0.62247783,0.21688763;-0.09107984,0.62247783,0.21804655;-0.08692649,0.62247783,0.21931408;-0.07710658,0.62247783,0.2236432;-0.06983686,0.62247783,0.224429;-0.05874825,0.62247783,0.22423865;-0.05371743,0.62247783,0.22371977;-0.04954803,0.62247783,0.22368814;-0.03722771,0.62247783,0.2251584;-0.03329615,0.62247783,0.22591582;-0.01760236,0.62247783,0.22803715;-0.0164063,0.62247783,0.22808647;0.00048913,0.62247783,0.22765848;0.02400819,0.62247783,0.22258192;0.04003526,0.62247783,0.2211943;0.05328417,0.62247783,0.22123796;0.05614234,0.62247783,0.22116095;0.06187619,0.62247783,0.22170241;0.0715718,0.62247783,0.22168988;0.07424199,0.62247783,0.22119996;0.08974011,0.62247783,0.21624932;0.0917411,0.62247783,0.21578743;0.10493572,0.62247783,0.21320224;0.11642622,0.62247783,0.21218177;0.12142071,0.62247783,0.21085461;0.13570773,0.62247783,0.20680782;0.13708085,0.62247783,0.20638715
0.12871078,0.62247783,0.43198611;0.11340272,0.62247783,0.43216379;0.10832127,0.62247783,0.43234076;0.09637173,0.62247783,0.43272334;0.08737674,0.62247783,0.43285462;0.08091109,0.62247783,0.43342698;0.07021081,0.62247783,0.43507856;0.06195395,0.62247783,0.43580794;0.05203276,0.62247783,0.43626738;0.02870332,0.62247783,0.4379167;0.01761054,0.62247783,0.43818221;0.01396121,0.62247783,0.43831199;0.0005421,0.62247783,0.43929529;-0.00607263,0.62247783,0.43942448;-0.01676757,0.62247783,0.43896773;-0.02124645,0.62247783,0.4390214;-0.03325733,0.62247783,0.43922553;-0.04084231,0.62247783,0.43890622;-0.057731,0.62247783,0.43799713;-0.06674554,0.62247783,0.43762428;-0.0771281,0.62247783,0.4369584;-0.08299067,0.62247783,0.43634892;-0.0949707,0.62247783,0.43549088;-0.0993438,0.62247783,0.43520254;-0.11350963,0.62247783,0.43378222;-0.11598736,0.62247783,0.43352619;-0.12433093,0.62247783,0.43291152;-0.13487707,0.62247783,0.43256276;-0.147222,0.62247783,0.43210634;-0.15545271,0.62247783,0.43224286;-0.16316212,0.62247783,0.43285272;-0.17966108,0.62247783,0.4340619;-0.21024385,0.62247783,0.43786156;-0.21159412,0.62247783,0.43812219;-0.21554934,0.62247783,0.43973879;-0.22774883,0.62247783,0.44587988;-0.22999168,0.62247783,0.44720589;-0.2364957,0.62247783,0.45323935;-0.23794921,0.62247783,0.45590189;-0.24013454,0.62247783,0.47016419;-0.23869612,0.62247783,0.475878;-0.22958838,0.62247783,0.48939192;-0.2081633,0.62247783,0.50527014;-0.19597846,0.62247783,0.51235478;-0.1906671,0.62247783,0.51534479;-0.17675693,0.62247783,0.52191759;-0.1562709,0.62247783,0.52944826;-0.1497196,0.62247783,0.53111523;-0.06406095,0.62247783,0.54998731;-0.05318263,0.62247783,0.55192481;-0.0233779,0.62247783,0.55418196;0.01620681,0.62247783,0.55512561;0.05470036,0.62247783,0.55458871;0.06209272,0.62247783,0.55397209;0.08902753,0.62247783,0.5496461;0.10516764,0.62247783,0.54614071;0.12232266,0.62247783,0.54132178;0.15110558,0.62247783,0.53179785;0.15367468,0.62247783,0.53074238;0.15520378,0.62247783,0.52935657;0.17882092,0.62247783,0.50685965;0.17966851,0.62247783,0.5060334;0.19397646,0.62247783,0.49106361;0.19854685,0.62247783,0.47833822;0.19790469,0.62247783,0.46074528;0.19295051,0.62247783,0.44792515;0.19143198,0.62247783,0.44660515;0.16904667,0.62247783,0.4370319;0.16066386,0.62247783,0.43457166;0.15378063,0.62247783,0.43336114;0.14509745,0.62247783,0.43252268
-0.01966347,0.62247783,-0.17718711;-0.01047852,0.62247783,-0.17420859;0.00055053,0.62247783,-0.17158372;0.0158285,0.62247783,-0.17229078;0.02419507,0.62247783,-0.1772827;0.02705737,0.62247783,-0.18875605;0.02676646,0.62247783,-0.18946257;0.01533143,0.62247783,-0.19868502;0.0075276,0.62247783,-0.20222092;-0.00084851,0.62247783,-0.20461875;-0.00962301,0.62247783,-0.20503472;-0.01905761,0.62247783,-0.20655158;-0.0266796,0.62247783,-0.20609709;-0.03463961,0.62247783,-0.19785271;-0.03447342,0.62247783,-0.19399802;-0.02790014,0.62247783,-0.18299508;-0.02515316,0.62247783,-0.17965616
-0.21246213,0.62247783,-0.12105084;-0.21491935,0.62247783,-0.12300357;-0.21637411,0.62247783,-0.12289423;-0.2167574,0.62247783,-0.1219807;-0.21633399,0.62247783,-0.12069503;-0.2128101,0.62247783,-0.11736502
0.17964765,0.62247783,0.1680785;0.1778582,0.62247783,0.17362084;0.18334086,0.62247783,0.17191248;0.18573319,0.62247783,0.16986123;0.18468387,0.62247783,0.16680679;0.18196876,0.62247783,0.16685113
-0.62247783,-0.22812986,-0.70176078;-0.62247783,-0.24977377,-0.71622988;-0.62247783,-0.26290513,-0.72501066;-0.62247783,-0.28461128,-0.74105157;-0.62247783,-0.30629125,-0.75831018;-0.62247783,-0.31055826,-0.7629659;-0.62247783,-0.33072267,-0.79001895;-0.62247783,-0.33108716,-0.79095372;-0.62247783,-0.33054369,-0.81661211;-0.62247783,-0.31495093,-0.82910892;-0.62247783,-0.30915795,-0.83104269;-0.62247783,-0.2823688,-0.83666074;-0.62247783,-0.268579,-0.83837363;-0.62247783,-0.24595949,-0.84127443;-0.62247783,-0.22709152,-0.84267598;-0.62247783,-0.20827383,-0.84437527;-0.62247783,-0.18606993,-0.8454836;-0.62247783,-0.16998841,-0.84652699;-0.62247783,-0.14551287,-0.84736428;-0.62247783,-0.13132573,-0.84800951;-0.62247783,-0.10530559,-0.84858862;-0.62247783,-0.09236073,-0.84895193;-0.62247783,-0.06539591,-0.849255;-0.62247783,-0.05315636,-0.84937229;-0.62247783,0.01375362,-0.84947223;-0.62247783,0.02585853,-0.84940297;-0.62247783,0.05301776,-0.84917635;-0.62247783,0.06567554,-0.84889382;-0.62247783,0.09207923,-0.84842728;-0.62247783,0.10572799,-0.84792971;-0.62247783,0.13090511,-0.84725284;-0.62247783,0.14605899,-0.84647544;-0.62247783,0.16945483,-0.84560715;-0.62247783,0.18670434,-0.84445988;-0.62247783,0.20769437,-0.84344521;-0.62247783,0.2276956,-0.84182317;-0.62247783,0.24559722,-0.84075328;-0.62247783,0.26900081,-0.83859434;-0.62247783,0.28319356,-0.83760434;-0.62247783,0.31049968,-0.83494642;-0.62247783,0.3205892,-0.83416681;-0.62247783,0.35198573,-0.83112253;-0.62247783,0.35793951,-0.83060081;-0.62247783,0.39333146,-0.82689886;-0.62247783,0.39518762,-0.82665667;-0.62247783,0.40466334,-0.82419584;-0.62247783,0.42472044,-0.81613093;-0.62247783,0.43772379,-0.8109466;-0.62247783,0.45386499,-0.80231136;-0.62247783,0.47441002,-0.78970524;-0.62247783,0.48323133,-0.78372999;-0.62247783,0.50244868,-0.7674519;-0.62247783,0.52184827,-0.74929837;-0.62247783,0.52255666,-0.74859096;-0.62247783,0.52333548,-0.74705636;-0.62247783,0.53620227,-0.71889205;-0.62247783,0.55537626,-0.66199976;-0.62247783,0.56746962,-0.60844308;-0.62247783,0.56780952,-0.59253651;-0.62247783,0.56311055,-0.57506968;-0.62247783,0.54998188,-0.56011637;-0.62247783,0.53857199,-0.55396977;-0.62247783,0.51868475,-0.55121769;-0.62247783,0.49914896,-0.55393744;-0.62247783,0.48604976,-0.55848752;-0.62247783,0.46457361,-0.57126656;-0.62247783,0.45261131,-0.58133682;-0.62247783,0.44112643,-0.59390135;-0.62247783,0.42163721,-0.61933351;-0.62247783,0.40529298,-0.64403703;-0.62247783,0.39386581,-0.66444662;-0.62247783,0.38772687,-0.67387325;-0.62247783,0.38022143,-0.68267417;-0.62247783,0.36232914,-0.70232137;-0.62247783,0.33630489,-0.72134999;-0.62247783,0.33474015,-0.72242817;-0.62247783,0.33332699,-0.7225963;-0.62247783,0.29918527,-0.72539421;-0.62247783,0.29335289,-0.72509149;-0.62247783,0.27269421,-0.7215904;-0.62247783,0.25497369,-0.71792437;-0.62247783,0.22392487,-0.70918303;-0.62247783,0.20604682,-0.70307281;-0.62247783,0.17025394,-0.68891556;-0.62247783,0.16307816,-0.68591007;-0.62247783,0.13512176,-0.67313783;-0.62247783,0.10900722,-0.66064059;-0.62247783,0.10053536,-0.65653566;-0.62247783,0.0822391,-0.64804583;-0.62247783,0.06356392,-0.63989476;-0.62247783,0.0264864,-0.62284578;-0.62247783,0.00347785,-0.61339524;-0.62247783,-0.00237395,-0.61112845;-0.62247783,-0.00525772,-0.61063624;-0.62247783,-0.03651162,-0.60737205;-0.62247783,-0.03894108,-0.60730951;-0.62247783,-0.04345277,-0.60870391;-0.62247783,-0.06791504,-0.61753283;-0.62247783,-0.09320098,-0.62818779;-0.62247783,-0.1011343,-0.63172151;-0.62247783,-0.12830991,-0.64329623;-0.62247783,-0.15909741,-0.65864168;-0.62247783,-0.16226975,-0.66039331;-0.62247783,-0.17595366,-0.6685552;-0.62247783,-0.19844977,-0.68255899
-0.62247783,-0.14257503,-0.21119578;-0.62247783,-0.14567982,-0.21923045;-0.62247783,-0.14914423,-0.23315182;-0.62247783,-0.14892103,-0.23721575;-0.62247783,-0.14558552,-0.2488215;-0.62247783,-0.14361984,-0.25462232;-0.62247783,-0.14277117,-0.25672873;-0.62247783,-0.14085724,-0.26280739;-0.62247783,-0.13836835,-0.26949253;-0.62247783,-0.13548789,-0.2739394;-0.62247783,-0.13118291,-0.27770283;-0.62247783,-0.12319107,-0.28335615;-0.62247783,-0.12091113,-0.28527498;-0.62247783,-0.11421038,-0.29294691;-0.62247783,-0.11146854,-0.29632419;-0.62247783,-0.1104041,-0.29744276;-0.62247783,-0.09948627,-0.30821094;-0.62247783,-0.09681182,-0.31052835;-0.62247783,-0.09099126,-0.31231372;-0.62247783,-0.0911452,-0.3027594;-0.62247783,-0.09171271,-0.28497744;-0.62247783,-0.09160062,-0.28116133;-0.62247783,-0.08891873,-0.26352501;-0.62247783,-0.08753239,-0.25734136;-0.62247783,-0.08203894,-0.24214038;-0.62247783,-0.07895167,-0.23542117;-0.62247783,-0.07071183,-0.22165556;-0.62247783,-0.06648091,-0.21610257;-0.62247783,-0.05430831,-0.2031132;-0.62247783,-0.0503134,-0.19987387;-0.62247783,-0.03333519,-0.18902517;-0.62247783,-0.0305162,-0.18784459;-0.62247783,-0.00983463,-0.18292879;-0.62247783,-0.00742405,-0.18284964;-0.62247783,0.01655642,-0.18680532;-0.62247783,0.03382628,-0.19284595;-0.62247783,0.03910309,-0.19569867;-0.62247783,0.05756496,-0.21031334;-0.62247783,0.0679405,-0.22110016;-0.62247783,0.07294424,-0.2276174;-0.62247783,0.08082746,-0.24061654;-0.62247783,0.083806,-0.2473631;-0.62247783,0.08893219,-0.26339586;-0.62247783,0.08983741,-0.26882437;-0.62247783,0.09072816,-0.28743537;-0.62247783,0.09040014,-0.29030639;-0.62247783,0.08502512,-0.31123152;-0.62247783,0.08438121,-0.31279938;-0.62247783,0.07345371,-0.33159151;-0.62247783,0.07274407,-0.3324887;-0.62247783,0.05540105,-0.34936025;-0.62247783,0.05408079,-0.3503444;-0.62247783,0.03330154,-0.36183992;-0.62247783,0.03115955,-0.36270111;-0.62247783,0.00963578,-0.36818285;-0.62247783,0.00764139,-0.36848419;-0.62247783,-0.01435105,-0.36964405;-0.62247783,-0.01514979,-0.36969405;-0.62247783,-0.02365702,-0.37081875;-0.62247783,-0.02159024,-0.3761771;-0.62247783,-0.01742211,-0.38377451;-0.62247783,-0.00812294,-0.3869475;-0.62247783,-0.00646545,-0.38782179;-0.62247783,-0.00567313,-0.38905456;-0.62247783,0.00062958,-0.39996472;-0.62247783,0.00509838,-0.40680632;-0.62247783,0.00703311,-0.40930721;-0.62247783,0.00811257,-0.40985467;-0.62247783,0.00988778,-0.40937798;-0.62247783,0.01903478,-0.40450718;-0.62247783,0.02091391,-0.40383713;-0.62247783,0.02969067,-0.40270835;-0.62247783,0.03865978,-0.40202235;-0.62247783,0.04019566,-0.4010268;-0.62247783,0.04718902,-0.39149831;-0.62247783,0.05132343,-0.38658559;-0.62247783,0.05727733,-0.38139495;-0.62247783,0.06622765,-0.37319158;-0.62247783,0.06761381,-0.37159886;-0.62247783,0.06822912,-0.37001776;-0.62247783,0.07279764,-0.35561531;-0.62247783,0.07702471,-0.34740764;-0.62247783,0.08209041,-0.33904993;-0.62247783,0.08910133,-0.33193123;-0.62247783,0.09122831,-0.32886588;-0.62247783,0.09565825,-0.31763635;-0.62247783,0.10115485,-0.30818288;-0.62247783,0.10383901,-0.3032566;-0.62247783,0.10843557,-0.29265395;-0.62247783,0.11203343,-0.28703597;-0.62247783,0.1148791,-0.28237998;-0.62247783,0.12123342,-0.26987615;-0.62247783,0.12280036,-0.26679491;-0.62247783,0.12734818,-0.25788854;-0.62247783,0.12789338,-0.25662646;-0.62247783,0.1294271,-0.25182364;-0.62247783,0.13122448,-0.24507341;-0.62247783,0.13363047,-0.23407674;-0.62247783,0.13423525,-0.21788198;-0.62247783,0.13250078,-0.2076041;-0.62247783,0.13023441,-0.19991753;-0.62247783,0.12920029,-0.19803342;-0.62247783,0.12089377,-0.18602097;-0.62247783,0.11787996,-0.18289985;-0.62247783,0.11327762,-0.1807414;-0.62247783,0.10334641,-0.17662061;-0.62247783,0.09461005,-0.1728625;-0.62247783,0.09021974,-0.17137514;-0.62247783,0.07958,-0.16920202;-0.62247783,0.07643912,-0.16869353;-0.62247783,0.0667271,-0.16631518;-0.62247783,0.05548274,-0.164361;-0.62247783,0.05146338,-0.16396822;-0.62247783,0.0404288,-0.16337696;-0.62247783,0.03616102,-0.16304971;-0.62247783,0.02980511,-0.16318191;-0.62247783,0.02086764,-0.16424828;-0.62247783,0.00868202,-0.16435296;-0.62247783,0.00518592,-0.16495951;-0.62247783,-0.00862989,-0.16902126;-0.62247783,-0.01569032,-0.17002747;-0.62247783,-0.02650963,-0.1716149;-0.62247783,-0.03562252,-0.17324721;-0.62247783,-0.05110287,-0.17510626;-0.62247783,-0.06478991,-0.17545575;-0.62247783,-0.0660185,-0.17538049;-0.62247783,-0.06849315,-0.17466302;-0.62247783,-0.07530489,-0.17443752;-0.62247783,-0.0808014,-0.17379859;-0.62247783,-0.09217457,-0.17210303;-0.62247783,-0.09862592,-0.17245969;-0.62247783,-0.10479646,-0.17413;-0.62247783,-0.11270374,-0.17878922;-0.62247783,-0.11819511,-0.1824157;-0.62247783,-0.12160146,-0.18451851;-0.62247783,-0.13183145,-0.19154641;-0.62247783,-0.13622567,-0.19536786;-0.62247783,-0.13916777,-0.20162189
-0.62247783,0.10102916,0.48377536;-0.62247783,0.11259608,0.48972849;-0.62247783,0.11559973,0.49132669;-0.62247783,0.12144177,0.49388296;-0.62247783,0.13110846,0.49836158;-0.62247783,0.13523293,0.50097113;-0.62247783,0.14939724,0.51160226;-0.62247783,0.15528195,0.51580569;-0.62247783,0.15958117,0.52346997;-0.62247783,0.15436965,0.53186911;-0.62247783,0.14604285,0.53544485;-0.62247783,0.12582613,0.54338839;-0.62247783,0.10392051,0.54737627;-0.62247783,0.09059898,0.54982405;-0.62247783,0.06394105,0.55160494;-0.62247783,0.05330098,0.552043;-0.62247783,-0.05233332,0.55237492;-0.62247783,-0.06378852,0.55204843;-0.62247783,-0.09059663,0.55065144;-0.62247783,-0.10417055,0.5486716;-0.62247783,-0.12680958,0.54493779;-0.62247783,-0.15208346,0.53608465;-0.62247783,-0.15738699,0.534216;-0.62247783,-0.16168813,0.52975588;-0.62247783,-0.1581398,0.52535128;-0.62247783,-0.15550219,0.52281519;-0.62247783,-0.13597463,0.50410209;-0.62247783,-0.13293391,0.50096964;-0.62247783,-0.12122699,0.48856714;-0.62247783,-0.11754724,0.48567419;-0.62247783,-0.11053317,0.48216882;-0.62247783,-0.10235804,0.47892984;-0.62247783,-0.09423172,0.47565411;-0.62247783,-0.08603312,0.47271406;-0.62247783,-0.07945925,0.47075502;-0.62247783,-0.06961345,0.46799238;-0.62247783,-0.05400659,0.46429589;-0.62247783,-0.03715823,0.46114159;-0.62247783,-0.03227759,0.46058122;-0.62247783,-0.01191018,0.4587024;-0.62247783,-0.0033021,0.45860122;-0.62247783,0.00520714,0.45913303;-0.62247783,0.02282544,0.4603542;-0.62247783,0.03561074,0.4620604;-0.62247783,0.03899523,0.46266933;-0.62247783,0.05235572,0.46527318;-0.62247783,0.05561873,0.46614073;-0.62247783,0.07020773,0.47122969;-0.62247783,0.08576796,0.47704967
-0.62247783,-0.34923037,0.25805526;-0.62247783,-0.35250939,0.26066886;-0.62247783,-0.35353494,0.2581132;-0.62247783,-0.35050724,0.25639562;-0.62247783,-0.34921168,0.2561091;-0.62247783,-0.34821981,0.2570215
-0.62247783,0.37287872,0.26276355;-0.62247783,0.37919689,0.25669979;-0.62247783,0.38559931,0.25121333;-0.62247783,0.39790239,0.24315085;-0.62247783,0.39887148,0.24263861;-0.62247783,0.39980305,0.24258747;-0.62247783,0.41689929,0.24350785;-0.62247783,0.41827276,0.24368957;-0.62247783,0.41882039,0.24469752;-0.62247783,0.41846695,0.24622778;-0.62247783,0.4138227,0.25930635;-0.62247783,0.40968751,0.26411743;-0.62247783,0.39924209,0.27568608;-0.62247783,0.3982652,0.27659362;-0.62247783,0.39641002,0.27678089;-0.62247783,0.38054797,0.27622243;-0.62247783,0.37569208,0.27569799;-0.62247783,0.36167054,0.27117589;-0.62247783,0.3596531,0.27013089;-0.62247783,0.35938547,0.26937573;-0.62247783,0.35977602,0.26804394;-0.62247783,0.36191173,0.26705472
-0.62247783,-0.33550495,-0.3019523;-0.62247783,-0.33573514,-0.29947018;-0.62247783,-0.33608874,-0.2939171;-0.62247783,-0.33970783,-0.29841384;-0.62247783,-0.34147443,-0.30065706;-0.62247783,-0.34666467,-0.31042077;-0.62247783,-0.34774115,-0.31660637;-0.62247783,-0.3449214,-0.32068556;-0.62247783,-0.33918238,-0.31916397;-0.62247783,-0.33665755,-0.31210015
-0.62247783,-0.46482377,-0.01583299;-0.62247783,-0.46763135,-0.014426;-0.62247783,-0.47070613,-0.01611104;-0.62247783,-0.46987236,-0.01906986;-0.62247783,-0.46756756,-0.01954326;-0.62247783,-0.46593559,-0.01868565
-0.62247783,-0.30817367,-0.30652107;-0.62247783,-0.30787582,-0.30488464;-0.62247783,-0.30895537,-0.3030874;-0.62247783,-0.31077094,-0.30385459;-0.62247783,-0.31283337,-0.30697731;-0.62247783,-0.31060155,-0.30979706
-0.62247783,0.2635874,-0.32560311;-0.62247783,0.2635654,-0.32689219;-0.62247783,0.26443384,-0.34161875;-0.62247783,0.26461288,-0.34370428;-0.62247783,0.2669014,-0.35749807;-0.62247783,0.26811318,-0.36187476;-0.62247783,0.27381967,-0.37701672;-0.62247783,0.27426906,-0.37801643;-0.62247783,0.27509796,-0.37872455;-0.62247783,0.28763416,-0.38815036;-0.62247783,0.29389029,-0.3907946;-0.62247783,0.309584,-0.39246983;-0.62247783,0.31105589,-0.39210814;-0.62247783,0.32552369,-0.38290811;-0.62247783,0.32697131,-0.38143034;-0.62247783,0.33634189,-0.36718677;-0.62247783,0.33852266,-0.36302289;-0.62247783,0.34258868,-0.3516432;-0.62247783,0.34658004,-0.33773352;-0.62247783,0.34729728,-0.33388628;-0.62247783,0.35067116,-0.30688978;-0.62247783,0.35084995,-0.303496;-0.62247783,0.35057108,-0.28731831;-0.62247783,0.34992878,-0.28100959;-0.62247783,0.3474468,-0.27197173;-0.62247783,0.34437841,-0.26230435;-0.62247783,0.34154259,-0.25800683;-0.62247783,0.33357231,-0.2511217;-0.62247783,0.32444687,-0.2462067;-0.62247783,0.31884956,-0.24434719;-0.62247783,0.31538067,-0.2445317;-0.62247783,0.30782312,-0.24612239;-0.62247783,0.3010019,-0.24909811;-0.62247783,0.29324458,-0.25502077;-0.62247783,0.28860764,-0.25797848;-0.62247783,0.28170318,-0.26199363;-0.62247783,0.27799125,-0.26471654;-0.62247783,0.27721724,-0.26634928;-0.62247783,0.27419738,-0.27824508;-0.62247783,0.27144535,-0.28516035;-0.62247783,0.26920553,-0.29097213;-0.62247783,0.26779713,-0.29739466;-0.62247783,0.26606825,-0.30724596;-0.62247783,0.2650259,-0.31371216
-0.62247783,-0.46732233,0.01484094;-0.62247783,-0.46367729,0.01717586;-0.62247783,-0.46387656,0.02055399;-0.62247783,-0.46709725,0.02270965;-0.62247783,-0.47179152,0.02130291;-0.62247783,-0.47353102,0.0160202
-0.62247783,-0.43782655,0.00262648;-0.62247783,-0.43854958,0.00005758;-0.62247783,-0.43494888,0.00069506;-0.62247783,-0.43355187,0.00134064;-0.62247783,-0.43356639,0.00258375;-0.62247783,-0.43502677,0.00278884
-0.28901664,-0.62247783,-0.08170491;-0.28976008,-0.62247783,-0.08249195;-0.29076659,-0.62247783,-0.08234332;-0.29117554,-0.62247783,-0.08163929;-0.29071434,-0.62247783,-0.08069856;-0.28902418,-0.62247783,-0.08018511
0.16224323,-0.62247783,0.40682419;0.17401895,-0.62247783,0.40860446;0.18616211,-0.62247783,0.40953171;0.19428501,-0.62247783,0.4100955;0.21005457,-0.62247783,0.41251388;0.21587997,-0.62247783,0.41379735;0.24425158,-0.62247783,0.42073879;0.25293764,-0.62247783,0.42219549;0.26189589,-0.62247783,0.42280437;0.27257207,-0.62247783,0.42342434;0.27799096,-0.62247783,0.42491734;0.29089233,-0.62247783,0.43160506;0.29403998,-0.62247783,0.4343598;0.30263516,-0.62247783,0.4486556;0.30525851,-0.62247783,0.46578952;0.29510218,-0.62247783,0.48956689;0.29394644,-0.62247783,0.49149918;0.29250149,-0.62247783,0.49271001;0.26606803,-0.62247783,0.50817086;0.24650558,-0.62247783,0.51513986;0.23694324,-0.62247783,0.51818497;0.23103215,-0.62247783,0.52149968;0.2151814,-0.62247783,0.53058041;0.19929253,-0.62247783,0.54049636;0.1781288,-0.62247783,0.55383396;0.1709224,-0.62247783,0.55651625;0.13444459,-0.62247783,0.56318332;0.0668544,-0.62247783,0.57265515;0.05024422,-0.62247783,0.57444461;0.02855,-0.62247783,0.57549411;0.01020696,-0.62247783,0.57622142;-0.00995209,-0.62247783,0.57642952;-0.04936346,-0.62247783,0.5757649;-0.06810535,-0.62247783,0.57455255;-0.0918846,-0.62247783,0.57126491;-0.10416136,-0.62247783,0.56920609;-0.13960562,-0.62247783,0.56161876;-0.17245371,-0.62247783,0.55209841;-0.18297998,-0.62247783,0.54807353;-0.20542969,-0.62247783,0.5379877;-0.23061773,-0.62247783,0.52371632;-0.23681872,-0.62247783,0.51891797;-0.259121,-0.62247783,0.4967687;-0.26017925,-0.62247783,0.49564853;-0.26268182,-0.62247783,0.49313482;-0.28182362,-0.62247783,0.47278325;-0.28668458,-0.62247783,0.45770663;-0.28542907,-0.62247783,0.44307643;-0.28232021,-0.62247783,0.43739132;-0.27953058,-0.62247783,0.43557292;-0.26799942,-0.62247783,0.43235887;-0.26265532,-0.62247783,0.43135662;-0.2595103,-0.62247783,0.43028657;-0.24564452,-0.62247783,0.42597264;-0.23637212,-0.62247783,0.42295807;-0.2295353,-0.62247783,0.42087978;-0.21268962,-0.62247783,0.4160129;-0.19773021,-0.62247783,0.41322878;-0.18441841,-0.62247783,0.41141972;-0.18263285,-0.62247783,0.41119471;-0.18141372,-0.62247783,0.41114724;-0.16783527,-0.62247783,0.41037959;-0.15265431,-0.62247783,0.40872006;-0.13691388,-0.62247783,0.40945636;-0.12329154,-0.62247783,0.40983697;-0.11632083,-0.62247783,0.41024353;-0.10745468,-0.62247783,0.41114743;-0.09754137,-0.62247783,0.41182106;-0.093737,-0.62247783,0.4120053;-0.0815852,-0.62247783,0.41329494;-0.0765097,-0.62247783,0.41418764;-0.0628415,-0.62247783,0.41640555;-0.04805685,-0.62247783,0.4174556;-0.04401474,-0.62247783,0.41781601;-0.02843955,-0.62247783,0.41887965;-0.01532331,-0.62247783,0.41959648;-0.01071653,-0.62247783,0.41991471;0.00460556,-0.62247783,0.42018824;0.01837715,-0.62247783,0.41927608;0.02192536,-0.62247783,0.41910231;0.05035227,-0.62247783,0.4174953;0.05555047,-0.62247783,0.41725447;0.06899459,-0.62247783,0.41591864;0.07071323,-0.62247783,0.41564139;0.08373192,-0.62247783,0.41293625;0.08859893,-0.62247783,0.41240384;0.10038881,-0.62247783,0.4115441;0.10612532,-0.62247783,0.41096512;0.11462302,-0.62247783,0.40983818;0.12552451,-0.62247783,0.40886071;0.13027836,-0.62247783,0.40823396;0.14391849,-0.62247783,0.40605506;0.14755114,-0.62247783,0.40562172;0.15359943,-0.62247783,0.4058795
0.06098886,-0.62247783,0.05618918;0.04839637,-0.62247783,0.0559441;0.04714096,-0.62247783,0.05588468;0.04576603,-0.62247783,0.05596724;0.02794599,-0.62247783,0.05678705;0.01631709,-0.62247783,0.05786191;0.00972253,-0.62247783,0.05832051;-0.00243,-0.62247783,0.05910785;-0.00883083,-0.62247783,0.05933862;-0.02056018,-0.62247783,0.05933147;-0.03494367,-0.62247783,0.05921012;-0.03919681,-0.62247783,0.05905503;-0.04364591,-0.62247783,0.05893771;-0.05738243,-0.62247783,0.05751138;-0.06525461,-0.62247783,0.05502959;-0.07503727,-0.62247783,0.05314831;-0.08617199,-0.62247783,0.05134679;-0.09106583,-0.62247783,0.04990855;-0.10077757,-0.62247783,0.04909805;-0.11142787,-0.62247783,0.05327366;-0.11336303,-0.62247783,0.0537318;-0.11463453,-0.62247783,0.0532576;-0.12693611,-0.62247783,0.0476782;-0.13929507,-0.62247783,0.04572836;-0.1408753,-0.62247783,0.04598269;-0.15441005,-0.62247783,0.05317965;-0.15701599,-0.62247783,0.0549779;-0.15921764,-0.62247783,0.0541101;-0.1705624,-0.62247783,0.05174048;-0.17905854,-0.62247783,0.05824931;-0.18002598,-0.62247783,0.06946017;-0.17822875,-0.62247783,0.07358996;-0.17331061,-0.62247783,0.08355242;-0.17196306,-0.62247783,0.08561722;-0.17254701,-0.62247783,0.08976282;-0.1737786,-0.62247783,0.1038472;-0.1670589,-0.62247783,0.11284671;-0.15959383,-0.62247783,0.11675431;-0.15165359,-0.62247783,0.12035905;-0.14369385,-0.62247783,0.12324966;-0.14170125,-0.62247783,0.12389592;-0.13162121,-0.62247783,0.12666999;-0.12061577,-0.62247783,0.13527855;-0.1165153,-0.62247783,0.13796658;-0.11091809,-0.62247783,0.13922285;-0.09947149,-0.62247783,0.14004057;-0.09348233,-0.62247783,0.1397074;-0.08139092,-0.62247783,0.14010916;-0.06826437,-0.62247783,0.1436361;-0.06569267,-0.62247783,0.14429254;-0.06405067,-0.62247783,0.1446015;-0.04947899,-0.62247783,0.14595271;-0.04184193,-0.62247783,0.14507506;-0.03424062,-0.62247783,0.14445717;-0.02423532,-0.62247783,0.14499824;-0.01921877,-0.62247783,0.14585207;-0.00481084,-0.62247783,0.1482515;-0.00326735,-0.62247783,0.14845793;-0.00205474,-0.62247783,0.1482147;0.01122279,-0.62247783,0.14594729;0.02105947,-0.62247783,0.14556945;0.02772786,-0.62247783,0.14559559;0.04043975,-0.62247783,0.14424739;0.04449343,-0.62247783,0.1440225;0.04959575,-0.62247783,0.1423337;0.05863703,-0.62247783,0.14019746;0.06159814,-0.62247783,0.13990142;0.0794073,-0.62247783,0.13885675;0.09600844,-0.62247783,0.13774662;0.11572498,-0.62247783,0.13411385;0.12091204,-0.62247783,0.13352262;0.12759088,-0.62247783,0.12984188;0.13550728,-0.62247783,0.1194001;0.13752857,-0.62247783,0.11662377;0.14102774,-0.62247783,0.11207394;0.14852935,-0.62247783,0.10421321;0.15080704,-0.62247783,0.1023561;0.1530225,-0.62247783,0.10224498;0.1650604,-0.62247783,0.1015228;0.16966757,-0.62247783,0.09817758;0.1747521,-0.62247783,0.09079021;0.17558423,-0.62247783,0.08781189;0.17415813,-0.62247783,0.08357817;0.16630411,-0.62247783,0.07249742;0.16401994,-0.62247783,0.06939532;0.16339101,-0.62247783,0.06825484;0.15690674,-0.62247783,0.0553188;0.15156396,-0.62247783,0.04940393;0.15397289,-0.62247783,0.04417767;0.15339858,-0.62247783,0.03591477;0.15116204,-0.62247783,0.03329716;0.14841571,-0.62247783,0.03312641;0.14581636,-0.62247783,0.03505262;0.13545279,-0.62247783,0.04305405;0.12253577,-0.62247783,0.04554579;0.11810874,-0.62247783,0.04512329;0.11038296,-0.62247783,0.04241688;0.10202445,-0.62247783,0.03953066;0.09791078,-0.62247783,0.03912242;0.09423147,-0.62247783,0.04049705;0.08122527,-0.62247783,0.04586609;0.07617464,-0.62247783,0.04819968;0.06575509,-0.62247783,0.05526039
-0.05971144,-0.62247783,-0.42346356;-0.06812004,-0.62247783,-0.42176947;-0.07858437,-0.62247783,-0.42108695;-0.08281912,-0.62247783,-0.4197947;-0.09059702,-0.62247783,-0.41560177;-0.10176381,-0.62247783,-0.41293761;-0.10886067,-0.62247783,-0.41212646;-0.11515851,-0.62247783,-0.41016372;-0.12200659,-0.62247783,-0.40631782;-0.13428403,-0.62247783,-0.40244228;-0.1395269,-0.62247783,-0.40128309;-0.14736618,-0.62247783,-0.39848124;-0.15362701,-0.62247783,-0.39482414;-0.1653362,-0.62247783,-0.39076993;-0.17138239,-0.62247783,-0.3896577;-0.17809187,-0.62247783,-0.38765161;-0.18516815,-0.62247783,-0.3833106;-0.19432436,-0.62247783,-0.38050106;-0.20949359,-0.62247783,-0.37676524;-0.21982239,-0.62247783,-0.37033752;-0.22449326,-0.62247783,-0.36844861;-0.23246411,-0.62247783,-0.36700765;-0.23952423,-0.62247783,-0.36593747;-0.24436379,-0.62247783,-0.36325035;-0.2496309,-0.62247783,-0.35540324;-0.25112871,-0.62247783,-0.35336948;-0.25221207,-0.62247783,-0.35285231;-0.2535189,-0.62247783,-0.35303398;-0.26615072,-0.62247783,-0.35607167;-0.27089513,-0.62247783,-0.3561844;-0.28522191,-0.62247783,-0.35118991;-0.28842813,-0.62247783,-0.35014972;-0.29902857,-0.62247783,-0.34510031;-0.30515874,-0.62247783,-0.33920366;-0.3106825,-0.62247783,-0.32969384;-0.31198495,-0.62247783,-0.32679452;-0.31145812,-0.62247783,-0.32345123;-0.30850027,-0.62247783,-0.31922705;-0.30395057,-0.62247783,-0.31066872;-0.30358841,-0.62247783,-0.30944202;-0.30428153,-0.62247783,-0.30858106;-0.30734285,-0.62247783,-0.30693261;-0.31686998,-0.62247783,-0.30271883;-0.31968005,-0.62247783,-0.29691192;-0.31887334,-0.62247783,-0.29350183;-0.31452647,-0.62247783,-0.2815624;-0.31317946,-0.62247783,-0.27502994;-0.30719331,-0.62247783,-0.26658687;-0.30366085,-0.62247783,-0.26153227;-0.30243028,-0.62247783,-0.25764972;-0.29591312,-0.62247783,-0.24356844;-0.29511199,-0.62247783,-0.24165197;-0.29529938,-0.62247783,-0.23952753;-0.29637207,-0.62247783,-0.22979477;-0.2924433,-0.62247783,-0.22058556;-0.28244887,-0.62247783,-0.20976127;-0.28032534,-0.62247783,-0.20855771;-0.26775811,-0.62247783,-0.20708695;-0.26291998,-0.62247783,-0.20607156;-0.2524222,-0.62247783,-0.20688999;-0.24372946,-0.62247783,-0.21145417;-0.23955236,-0.62247783,-0.21348516;-0.23283204,-0.62247783,-0.21268141;-0.22828269,-0.62247783,-0.20756422;-0.22419433,-0.62247783,-0.20368933;-0.22026232,-0.62247783,-0.20223093;-0.21611923,-0.62247783,-0.20345942;-0.20483233,-0.62247783,-0.20925701;-0.19810274,-0.62247783,-0.20951721;-0.18981622,-0.62247783,-0.20965423;-0.1794176,-0.62247783,-0.21230779;-0.17188679,-0.62247783,-0.215656;-0.16456863,-0.62247783,-0.21935831;-0.15589168,-0.62247783,-0.22165529;-0.14189691,-0.62247783,-0.22787719;-0.13933692,-0.62247783,-0.2291715;-0.13646966,-0.62247783,-0.230835;-0.12606037,-0.62247783,-0.23653849;-0.11595384,-0.62247783,-0.23749145;-0.10703164,-0.62247783,-0.23492613;-0.09073759,-0.62247783,-0.23711918;-0.07858643,-0.62247783,-0.24267284;-0.07621711,-0.62247783,-0.24371048;-0.07489237,-0.62247783,-0.24389545;-0.06155894,-0.62247783,-0.24500545;-0.04967445,-0.62247783,-0.24544741;-0.0452211,-0.62247783,-0.24569356;-0.02763522,-0.62247783,-0.24675984;-0.00984188,-0.62247783,-0.24671892;-0.00840206,-0.62247783,-0.24662779;0.00813523,-0.62247783,-0.24465734;0.03092165,-0.62247783,-0.24261919;0.03353219,-0.62247783,-0.24226532;0.05555723,-0.62247783,-0.23838092;0.07361206,-0.62247783,-0.23228659;0.07822453,-0.62247783,-0.22982583;0.09153434,-0.62247783,-0.22075899;0.11354063,-0.62247783,-0.21040577;0.12179228,-0.62247783,-0.20662789;0.13847427,-0.62247783,-0.20239489;0.13981787,-0.62247783,-0.20221198;0.15485987,-0.62247783,-0.20181706;0.16376734,-0.62247783,-0.20314234;0.17275373,-0.62247783,-0.20386448;0.18536495,-0.62247783,-0.20311887;0.18825062,-0.62247783,-0.20311765;0.19895067,-0.62247783,-0.20638414;0.20904308,-0.62247783,-0.20985502;0.21160661,-0.62247783,-0.21053421;0.22436918,-0.62247783,-0.21273937;0.2302074,-0.62247783,-0.21293792;0.23683855,-0.62247783,-0.21134802;0.24642626,-0.62247783,-0.20991028;0.25993461,-0.62247783,-0.21181287;0.26646849,-0.62247783,-0.21335428;0.2726208,-0.62247783,-0.21313986;0.2815268,-0.62247783,-0.21546466;0.29048651,-0.62247783,-0.21978455;0.2951256,-0.62247783,-0.22391822;0.30332706,-0.62247783,-0.23132629;0.30538507,-0.62247783,-0.23287287;0.30642301,-0.62247783,-0.2334413;0.32135147,-0.62247783,-0.24059151;0.32313592,-0.62247783,-0.24210913;0.33260707,-0.62247783,-0.25333724;0.33979655,-0.62247783,-0.25846786;0.34499584,-0.62247783,-0.26282757;0.35007524,-0.62247783,-0.26795907;0.35626401,-0.62247783,-0.27436471;0.36508655,-0.62247783,-0.28172462;0.36936376,-0.62247783,-0.28488795;0.3755939,-0.62247783,-0.2893991;0.38329822,-0.62247783,-0.29507106;0.39790753,-0.62247783,-0.3049698;0.41288323,-0.62247783,-0.30998289;0.42070924,-0.62247783,-0.31293577;0.42875151,-0.62247783,-0.31864289;0.43924244,-0.62247783,-0.32505884;0.44700142,-0.62247783,-0.32732835;0.46783185,-0.62247783,-0.33193302;0.48058068,-0.62247783,-0.33431707;0.50883547,-0.62247783,-0.33631207;0.51848384,-0.62247783,-0.33829805;0.55063434,-0.62247783,-0.34611135;0.55366737,-0.62247783,-0.34710614;0.55941189,-0.62247783,-0.35103472;0.58186771,-0.62247783,-0.36933157;0.58412688,-0.62247783,-0.37231081;0.59449969,-0.62247783,-0.40009539;0.5965829,-0.62247783,-0.41009193;0.60067826,-0.62247783,-0.43575352;0.60206657,-0.62247783,-0.45153501;0.60389336,-0.62247783,-0.4732447;0.60475653,-0.62247783,-0.49203207;0.60574379,-0.62247783,-0.51144483;0.60631616,-0.62247783,-0.53202462;0.60692034,-0.62247783,-0.54997622;0.60731869,-0.62247783,-0.57173085;0.60771124,-0.62247783,-0.58867336;0.60793895,-0.62247783,-0.61127832;0.60807643,-0.62247783,-0.62750762;0.60799884,-0.62247783,-0.68980541;0.60773473,-0.62247783,-0.70626047;0.60700368,-0.62247783,-0.72868819;0.60551702,-0.62247783,-0.74581488;0.60320548,-0.62247783,-0.76470419;0.59802577,-0.62247783,-0.78148826;0.59125468,-0.62247783,-0.78827859;0.54043527,-0.62247783,-0.80200769;0.5284807,-0.62247783,-0.8060297;0.52173971,-0.62247783,-0.81242165;0.51642471,-0.62247783,-0.82418039;0.50919668,-0.62247783,-0.83833631;0.49595551,-0.62247783,-0.84365337;0.4822257,-0.62247783,-0.84609082;0.46128653,-0.62247783,-0.8474416;0.44587323,-0.62247783,-0.84803785;0.42051986,-0.62247783,-0.8485756;0.40784586,-0.62247783,-0.84896863;0.38097422,-0.62247783,-0.84944816;0.36890049,-0.62247783,-0.84980012;0.34106158,-0.62247783,-0.85025132;0.32987326,-0.62247783,-0.85054349;0.30120846,-0.62247783,-0.85095716;0.29079916,-0.62247783,-0.85120389;0.26139785,-0.62247783,-0.85158426;0.25168568,-0.62247783,-0.85179248;0.2216253,-0.62247783,-0.85213452;0.21252419,-0.62247783,-0.85230413;0.18190129,-0.62247783,-0.85260007;0.17331763,-0.62247783,-0.85273462;0.14222206,-0.62247783,-0.85297306;0.13406092,-0.62247783,-0.85306875;0.10259245,-0.62247783,-0.85320221;0.09474728,-0.62247783,-0.85322958;-0.05535612,-0.62247783,-0.853348;-0.06306504,-0.62247783,-0.85333627;-0.09470395,-0.62247783,-0.85324157;-0.10265482,-0.62247783,-0.8531681;-0.13399962,-0.62247783,-0.85297129;-0.14229774,-0.62247783,-0.85286113;-0.17324256,-0.62247783,-0.85260668;-0.18198205,-0.62247783,-0.85246638;-0.21244415,-0.62247783,-0.85217142;-0.22170219,-0.62247783,-0.85200244;-0.25160996,-0.62247783,-0.85167696;-0.26145376,-0.62247783,-0.85148003;-0.29074455,-0.62247783,-0.8511342;-0.30122313,-0.62247783,-0.85091268;-0.32985943,-0.62247783,-0.85054757;-0.34102349,-0.62247783,-0.85029232;-0.36893903,-0.62247783,-0.84989725;-0.38087465,-0.62247783,-0.84959344;-0.40794414,-0.62247783,-0.8491749;-0.4206584,-0.62247783,-0.84883487;-0.44623257,-0.62247783,-0.84816947;-0.45941818,-0.62247783,-0.84737712;-0.48238797,-0.62247783,-0.84548641;-0.49537482,-0.62247783,-0.84262051;-0.51154588,-0.62247783,-0.83622576;-0.52170034,-0.62247783,-0.82017521;-0.5302047,-0.62247783,-0.80986134;-0.54184617,-0.62247783,-0.80467126;-0.55879758,-0.62247783,-0.80215503;-0.57210084,-0.62247783,-0.80121201;-0.58361865,-0.62247783,-0.80002595;-0.59559869,-0.62247783,-0.79704737;-0.60153812,-0.62247783,-0.79409616;-0.60407969,-0.62247783,-0.78531073;-0.60568227,-0.62247783,-0.76840507;-0.60659409,-0.62247783,-0.74820616;-0.60748546,-0.62247783,-0.72922778;-0.60829907,-0.62247783,-0.66709897;-0.60822539,-0.62247783,-0.65059993;-0.60799202,-0.62247783,-0.62759055;-0.6075337,-0.62247783,-0.61098049;-0.60703257,-0.62247783,-0.58898838;-0.60625812,-0.62247783,-0.5711035;-0.6055227,-0.62247783,-0.55063702;-0.60422564,-0.62247783,-0.53085037;-0.60314511,-0.62247783,-0.51271656;-0.60069471,-0.62247783,-0.48984536;-0.59917657,-0.62247783,-0.47572574;-0.59411629,-0.62247783,-0.44786356;-0.5924202,-0.62247783,-0.44057666;-0.58438998,-0.62247783,-0.42289996;-0.57565258,-0.62247783,-0.41241386;-0.55196363,-0.62247783,-0.39302813;-0.54790699,-0.62247783,-0.39081969;-0.52134095,-0.62247783,-0.38150751;-0.50935483,-0.62247783,-0.37886879;-0.49214047,-0.62247783,-0.37702724;-0.47308667,-0.62247783,-0.37584565;-0.46247424,-0.62247783,-0.37532061;-0.43932145,-0.62247783,-0.37255544;-0.43001986,-0.62247783,-0.3720173;-0.40468033,-0.62247783,-0.37379742;-0.40339892,-0.62247783,-0.3739463;-0.40155697,-0.62247783,-0.37450276;-0.37936529,-0.62247783,-0.38169391;-0.36865723,-0.62247783,-0.38471587;-0.36307596,-0.62247783,-0.39326893;-0.35320815,-0.62247783,-0.4063875;-0.3482513,-0.62247783,-0.41373671;-0.33884228,-0.62247783,-0.42870243;-0.3336278,-0.62247783,-0.43686679;-0.33057386,-0.62247783,-0.44039591;-0.31479827,-0.62247783,-0.46123184;-0.30434244,-0.62247783,-0.47643185;-0.29659281,-0.62247783,-0.48256149;-0.27635126,-0.62247783,-0.48924411;-0.25858972,-0.62247783,-0.49883038;-0.24572994,-0.62247783,-0.50767119;-0.23560835,-0.62247783,-0.51279412;-0.21670468,-0.62247783,-0.51737932;-0.19786966,-0.62247783,-0.52134522;-0.18795892,-0.62247783,-0.52309328;-0.16277026,-0.62247783,-0.52549534;-0.15710349,-0.62247783,-0.52551152;-0.14751506,-0.62247783,-0.52546113;-0.12993718,-0.62247783,-0.52457168;-0.11913856,-0.62247783,-0.52321309;-0.10562432,-0.62247783,-0.52201923;-0.0928261,-0.62247783,-0.52124248;-0.07380177,-0.62247783,-0.51998901;-0.07250889,-0.62247783,-0.51986762;-0.07124706,-0.62247783,-0.51951246;-0.05412885,-0.62247783,-0.51440914;-0.0442084,-0.62247783,-0.51268602;-0.0325347,-0.62247783,-0.51364045;-0.02866557,-0.62247783,-0.51402781;-0.01492229,-0.62247783,-0.51360046;0.00342785,-0.62247783,-0.51108522;0.01723843,-0.62247783,-0.51033473;0.0269525,-0.62247783,-0.51234898;0.03221863,-0.62247783,-0.51358369;0.04712849,-0.62247783,-0.51467261;0.05324263,-0.62247783,-0.5145675;0.06851932,-0.62247783,-0.51453105;0.07365816,-0.62247783,-0.51469767;0.07884014,-0.62247783,-0.51589871;0.09282977,-0.62247783,-0.51808685;0.10749363,-0.62247783,-0.51882458;0.11736398,-0.62247783,-0.51945507;0.13094637,-0.62247783,-0.51948148;0.15625035,-0.62247783,-0.51976877;0.15892654,-0.62247783,-0.51957128;0.18976034,-0.62247783,-0.51549571;0.19254597,-0.62247783,-0.51495688;0.21705708,-0.62247783,-0.50704024;0.22475155,-0.62247783,-0.50327903;0.24787399,-0.62247783,-0.49119499;0.25199027,-0.62247783,-0.48851025;0.26584043,-0.62247783,-0.47341827;0.27000968,-0.62247783,-0.46735229;0.27134238,-0.62247783,-0.46454835;0.27724393,-0.62247783,-0.44132201;0.27993596,-0.62247783,-0.42040675;0.27961578,-0.62247783,-0.41676043;0.27623568,-0.62247783,-0.41149485;0.26777476,-0.62247783,-0.40436048;0.25979237,-0.62247783,-0.39972083;0.24897143,-0.62247783,-0.39568912;0.24443604,-0.62247783,-0.39409225;0.23050302,-0.62247783,-0.38725917;0.2281498,-0.62247783,-0.38617712;0.21934312,-0.62247783,-0.38279724;0.21222479,-0.62247783,-0.38055909;0.21006638,-0.62247783,-0.38056514;0.19834538,-0.62247783,-0.38301147;0.19376272,-0.62247783,-0.38408084;0.18454095,-0.62247783,-0.38638319;0.17686272,-0.62247783,-0.38656075;0.171014,-0.62247783,-0.38649345;0.15633801,-0.62247783,-0.38997529;0.14080736,-0.62247783,-0.39260093;0.13800675,-0.62247783,-0.3934981;0.12455981,-0.62247783,-0.39899971;0.11692399,-0.62247783,-0.40141792;0.11099913,-0.62247783,-0.40339422;0.10854625,-0.62247783,-0.4039382;0.09304492,-0.62247783,-0.40957644;0.0815454,-0.62247783,-0.41277453;0.07756837,-0.62247783,-0.41359082;0.06448404,-0.62247783,-0.41977879;0.05611193,-0.62247783,-0.42402341;0.05097581,-0.62247783,-0.42486859;0.04239699,-0.62247783,-0.42405922;0.03192301,-0.62247783,-0.42625323;0.02010452,-0.62247783,-0.43077869;0.01837864,-0.62247783,-0.43096924;0.00758476,-0.62247783,-0.42844388;0.000039,-0.62247783,-0.42878372;-0.01545198,-0.62247783,-0.43045783;-0.02672791,-0.62247783,-0.42759403;-0.03443087,-0.62247783,-0.4273737;-0.04801466,-0.62247783,-0.42878347;-0.04942404,-0.62247783,-0.4285723
0.30475366,-0.62247783,0.0390673;0.31201451,-0.62247783,0.03869248;0.32189369,-0.62247783,0.03389867;0.32523465,-0.62247783,0.02497015;0.32568058,-0.62247783,0.01614758;0.3312225,-0.62247783,0.00823316;0.3416099,-0.62247783,-0.00374717;0.34416946,-0.62247783,-0.01114752;0.34233692,-0.62247783,-0.0186505;0.339652,-0.62247783,-0.02674412;0.33886897,-0.62247783,-0.03279257;0.33712002,-0.62247783,-0.04191724;0.33642815,-0.62247783,-0.04737841;0.33587684,-0.62247783,-0.05761061;0.33438147,-0.62247783,-0.06252639;0.33206727,-0.62247783,-0.06481556;0.32817729,-0.62247783,-0.06753848;0.31839459,-0.62247783,-0.07289492;0.30698509,-0.62247783,-0.07447403;0.29727333,-0.62247783,-0.07114032;0.29559485,-0.62247783,-0.0700915;0.28566121,-0.62247783,-0.06240681;0.27834624,-0.62247783,-0.05064012;0.27792379,-0.62247783,-0.04984633;0.27725163,-0.62247783,-0.04907826;0.26941174,-0.62247783,-0.03881039;0.26237452,-0.62247783,-0.03198864;0.25001558,-0.62247783,-0.03059639;0.24702542,-0.62247783,-0.03018617;0.24555412,-0.62247783,-0.0286341;0.24491756,-0.62247783,-0.02577559;0.24454772,-0.62247783,-0.01108947;0.24238903,-0.62247783,0.00248333;0.24427099,-0.62247783,0.0098812;0.24806218,-0.62247783,0.01426814;0.25706174,-0.62247783,0.01410394;0.25679625,-0.62247783,0.00591743;0.25707184,-0.62247783,-0.0021487;0.26535863,-0.62247783,-0.00415502;0.27085727,-0.62247783,0.00047252;0.27115902,-0.62247783,0.00675693;0.27093068,-0.62247783,0.02011173;0.27166651,-0.62247783,0.02108986;0.28384947,-0.62247783,0.02746999;0.29243071,-0.62247783,0.0350682;0.29798152,-0.62247783,0.03814458
-0.05801739,-0.62247783,-0.04266887;-0.05348782,-0.62247783,-0.04323937;-0.03904568,-0.62247783,-0.04584173;-0.03480248,-0.62247783,-0.04596649;-0.02199357,-0.62247783,-0.04498307;-0.0111752,-0.62247783,-0.04554875;-0.00332401,-0.62247783,-0.04618774;0.00492137,-0.62247783,-0.04840921;0.01150681,-0.62247783,-0.0499775;0.01681878,-0.62247783,-0.04875795;0.02892998,-0.62247783,-0.04401343;0.03175516,-0.62247783,-0.04321463;0.03936058,-0.62247783,-0.04049446;0.0440807,-0.62247783,-0.03934799;0.04506858,-0.62247783,-0.03945267;0.05925256,-0.62247783,-0.04306713;0.06264904,-0.62247783,-0.04356618;0.06750517,-0.62247783,-0.04274411;0.07471049,-0.62247783,-0.04251929;0.09085582,-0.62247783,-0.0486592;0.09654209,-0.62247783,-0.04987983;0.1005339,-0.62247783,-0.05418505;0.11510248,-0.62247783,-0.06865621;0.11919071,-0.62247783,-0.07402542;0.12278713,-0.62247783,-0.08219648;0.12050362,-0.62247783,-0.0911093;0.1187081,-0.62247783,-0.09676836;0.1189102,-0.62247783,-0.10312383;0.11856505,-0.62247783,-0.11109838;0.11511691,-0.62247783,-0.11686286;0.10702521,-0.62247783,-0.11940647;0.10084654,-0.62247783,-0.12086991;0.09600781,-0.62247783,-0.12504352;0.09122908,-0.62247783,-0.13256712;0.08702663,-0.62247783,-0.13942074;0.08111274,-0.62247783,-0.14117397;0.07537037,-0.62247783,-0.14019634;0.06365533,-0.62247783,-0.13547573;0.05828329,-0.62247783,-0.13303534;0.04800761,-0.62247783,-0.12924652;0.04129486,-0.62247783,-0.12623685;0.02936731,-0.62247783,-0.12058486;0.01350286,-0.62247783,-0.12221471;0.01206291,-0.62247783,-0.12269756;-0.00377518,-0.62247783,-0.13058095;-0.00900816,-0.62247783,-0.13261053;-0.01637882,-0.62247783,-0.13307485;-0.02435321,-0.62247783,-0.13337201;-0.03681939,-0.62247783,-0.13437245;-0.0409727,-0.62247783,-0.13501514;-0.04382053,-0.62247783,-0.1362207;-0.05989056,-0.62247783,-0.14203529;-0.07555335,-0.62247783,-0.14256874;-0.07863947,-0.62247783,-0.14236404;-0.09216612,-0.62247783,-0.14109956;-0.10789136,-0.62247783,-0.14358039;-0.10980495,-0.62247783,-0.14380038;-0.11108925,-0.62247783,-0.14333243;-0.11157928,-0.62247783,-0.14226192;-0.1121187,-0.62247783,-0.13955855;-0.11410527,-0.62247783,-0.12493226;-0.11464307,-0.62247783,-0.11770201;-0.11512513,-0.62247783,-0.10996296;-0.11616075,-0.62247783,-0.08036482;-0.11476756,-0.62247783,-0.07259786;-0.10747267,-0.62247783,-0.06573717;-0.10398356,-0.62247783,-0.0630045;-0.10067924,-0.62247783,-0.05934613;-0.09215158,-0.62247783,-0.05080716;-0.08135484,-0.62247783,-0.04098609;-0.07926818,-0.62247783,-0.03956954;-0.07806857,-0.62247783,-0.03959156
-0.16505075,-0.62247783,0.24280783;-0.17466776,-0.62247783,0.24297011;-0.18144733,-0.62247783,0.24314251;-0.18887891,-0.62247783,0.24192952;-0.19555585,-0.62247783,0.23903639;-0.20239565,-0.62247783,0.23497475;-0.20867546,-0.62247783,0.231573;-0.21788643,-0.62247783,0.22966952;-0.22330655,-0.62247783,0.22852186;-0.22947065,-0.62247783,0.2269449;-0.2373783,-0.62247783,0.22426174;-0.25165862,-0.62247783,0.21779958;-0.25315125,-0.62247783,0.21719876;-0.26725317,-0.62247783,0.21189791;-0.27251835,-0.62247783,0.21054618;-0.28481919,-0.62247783,0.20733639;-0.28812458,-0.62247783,0.20657904;-0.30344543,-0.62247783,0.20439101;-0.30643494,-0.62247783,0.20441928;-0.31975328,-0.62247783,0.20729764;-0.32180237,-0.62247783,0.20784598;-0.34085351,-0.62247783,0.21365806;-0.35696097,-0.62247783,0.2209525;-0.36145893,-0.62247783,0.22384614;-0.3682609,-0.62247783,0.22876109;-0.37745259,-0.62247783,0.23602041;-0.38115391,-0.62247783,0.23904695;-0.39340142,-0.62247783,0.251465;-0.40475444,-0.62247783,0.26550653;-0.41289552,-0.62247783,0.27802916;-0.41591963,-0.62247783,0.2821288;-0.42143329,-0.62247783,0.28850258;-0.42638099,-0.62247783,0.29467586;-0.42881111,-0.62247783,0.30024664;-0.4323665,-0.62247783,0.31333855;-0.43560291,-0.62247783,0.32621855;-0.43732722,-0.62247783,0.33991809;-0.43969788,-0.62247783,0.36815816;-0.43983016,-0.62247783,0.36948434;-0.44332521,-0.62247783,0.39683116;-0.44543721,-0.62247783,0.40261178;-0.45308528,-0.62247783,0.41937924;-0.45621016,-0.62247783,0.42402766;-0.47088042,-0.62247783,0.4381443;-0.47501991,-0.62247783,0.44287797;-0.48562315,-0.62247783,0.45679769;-0.50297289,-0.62247783,0.4807716;-0.5089906,-0.62247783,0.50690298;-0.51506108,-0.62247783,0.52550122;-0.51875813,-0.62247783,0.54618468;-0.52177503,-0.62247783,0.55814963;-0.52739043,-0.62247783,0.56652742;-0.53547414,-0.62247783,0.57075138;-0.54890541,-0.62247783,0.57276959;-0.57319632,-0.62247783,0.57790007;-0.58409861,-0.62247783,0.58498084;-0.59519473,-0.62247783,0.59783462;-0.60187298,-0.62247783,0.61053995;-0.60517253,-0.62247783,0.62790778;-0.60699551,-0.62247783,0.64323079;-0.60794912,-0.62247783,0.66362156;-0.60840663,-0.62247783,0.67916495;-0.60813044,-0.62247783,0.699618;-0.6069085,-0.62247783,0.71733183;-0.60531361,-0.62247783,0.73431912;-0.60163309,-0.62247783,0.75058385;-0.59650107,-0.62247783,0.76033404;-0.578625,-0.62247783,0.76617983;-0.56575286,-0.62247783,0.76814131;-0.55655933,-0.62247783,0.77058003;-0.53670486,-0.62247783,0.77382014;-0.52945007,-0.62247783,0.77616045;-0.52542997,-0.62247783,0.78013019;-0.5226008,-0.62247783,0.78660423;-0.51217187,-0.62247783,0.80781564;-0.49304206,-0.62247783,0.8163316;-0.48603003,-0.62247783,0.81784108;-0.45773732,-0.62247783,0.81968594;-0.44944488,-0.62247783,0.81999971;-0.41768678,-0.62247783,0.82059067;-0.41078458,-0.62247783,0.82079546;-0.37800992,-0.62247783,0.82125785;-0.37167966,-0.62247783,0.82139738;-0.33827695,-0.62247783,0.82175555;-0.33248386,-0.62247783,0.82185719;-0.2985951,-0.62247783,0.822141;-0.29322582,-0.62247783,0.82221388;-0.25896999,-0.62247783,0.82243286;-0.25391886,-0.62247783,0.82248488;-0.21939319,-0.62247783,0.82265709;-0.21458879,-0.62247783,0.82269747;-0.1798379,-0.62247783,0.82283455;-0.1752321,-0.62247783,0.82286417;-0.14030932,-0.62247783,0.8229637;-0.13585132,-0.62247783,0.82298292;-0.10080469,-0.62247783,0.8230284;-0.0964598,-0.62247783,0.82303094;0.13587583,-0.62247783,0.82296768;0.14028391,-0.62247783,0.82296205;0.17525639,-0.62247783,0.82288858;0.17982191,-0.62247783,0.82285827;0.2146039,-0.62247783,0.82270652;0.21939614,-0.62247783,0.82265969;0.25391469,-0.62247783,0.82245307;0.25900485,-0.62247783,0.82238861;0.29318901,-0.62247783,0.8221165;0.29867652,-0.62247783,0.82202305;0.33239929,-0.62247783,0.82166274;0.33842647,-0.62247783,0.8215267;0.37152483,-0.62247783,0.82105519;0.37826287,-0.62247783,0.82085454;0.4105218,-0.62247783,0.82020682;0.41800239,-0.62247783,0.81988296;0.44879676,-0.62247783,0.81886227;0.45744264,-0.62247783,0.81820545;0.48526611,-0.62247783,0.81571762;0.49398702,-0.62247783,0.81347215;0.51295055,-0.62247783,0.80516419;0.52425621,-0.62247783,0.78499956;0.53013298,-0.62247783,0.77601856;0.54238216,-0.62247783,0.76786056;0.5554733,-0.62247783,0.76259506;0.57622297,-0.62247783,0.75012676;0.58847117,-0.62247783,0.73211628;0.59090892,-0.62247783,0.72686968;0.59107778,-0.62247783,0.72391258;0.58949776,-0.62247783,0.71264148;0.58544799,-0.62247783,0.69161198;0.58381977,-0.62247783,0.68384547;0.57715907,-0.62247783,0.65866048;0.5686205,-0.62247783,0.63445809;0.56518709,-0.62247783,0.62490432;0.55991789,-0.62247783,0.61266531;0.54895595,-0.62247783,0.60463331;0.54010992,-0.62247783,0.5961255;0.53673943,-0.62247783,0.59301576;0.52162905,-0.62247783,0.57844361;0.50822849,-0.62247783,0.5601228;0.49452535,-0.62247783,0.54088829;0.46917988,-0.62247783,0.51669684;0.45513653,-0.62247783,0.50630708;0.44503006,-0.62247783,0.49821304;0.43744664,-0.62247783,0.48823103;0.4251781,-0.62247783,0.45659136;0.42444314,-0.62247783,0.45489005;0.42308599,-0.62247783,0.45420545;0.41204005,-0.62247783,0.45218799;0.40205396,-0.62247783,0.44599528;0.39624124,-0.62247783,0.41968444;0.39423404,-0.62247783,0.41022494;0.39491929,-0.62247783,0.38523052;0.39534638,-0.62247783,0.37861334;0.39621362,-0.62247783,0.37477229;0.40258057,-0.62247783,0.35258065;0.40510509,-0.62247783,0.33474072;0.40519602,-0.62247783,0.33194869;0.40471408,-0.62247783,0.33073528;0.39916803,-0.62247783,0.32063081;0.39434841,-0.62247783,0.31218772;0.39382061,-0.62247783,0.31077711;0.39314712,-0.62247783,0.30774998;0.39024564,-0.62247783,0.29352558;0.38914071,-0.62247783,0.28767566;0.38602922,-0.62247783,0.27697972;0.37851411,-0.62247783,0.25991901;0.37329803,-0.62247783,0.24965128;0.36387147,-0.62247783,0.23375208;0.36061379,-0.62247783,0.22957642;0.35384511,-0.62247783,0.22209258;0.34550947,-0.62247783,0.209031;0.34457266,-0.62247783,0.20764801;0.34360867,-0.62247783,0.2068348;0.34015353,-0.62247783,0.20559574;0.33775685,-0.62247783,0.20643357;0.32552793,-0.62247783,0.20815514;0.32151825,-0.62247783,0.20801584;0.30892695,-0.62247783,0.20711497;0.30721025,-0.62247783,0.20681058;0.29313335,-0.62247783,0.20298596;0.28086505,-0.62247783,0.20299233;0.27364638,-0.62247783,0.2051163;0.26701242,-0.62247783,0.20692076;0.25982219,-0.62247783,0.20757568;0.25286831,-0.62247783,0.20793046;0.24076707,-0.62247783,0.20768345;0.23672929,-0.62247783,0.20827216;0.23265587,-0.62247783,0.21039689;0.22304755,-0.62247783,0.21972561;0.21145253,-0.62247783,0.22817113;0.20774704,-0.62247783,0.22986967;0.19901039,-0.62247783,0.2319706;0.19306613,-0.62247783,0.23301602;0.18703973,-0.62247783,0.23415842;0.1844564,-0.62247783,0.23558648;0.177015,-0.62247783,0.2414846;0.17251184,-0.62247783,0.24536593;0.17029675,-0.62247783,0.24648071;0.16798741,-0.62247783,0.24673329;0.15025476,-0.62247783,0.24787395;0.13615773,-0.62247783,0.2509616;0.1321971,-0.62247783,0.25179577;0.11951658,-0.62247783,0.25289113;0.11767264,-0.62247783,0.25269965;0.10049374,-0.62247783,0.24931588;0.09847248,-0.62247783,0.24906538;0.08098142,-0.62247783,0.24851826;0.07554399,-0.62247783,0.2487262;0.06351011,-0.62247783,0.24944292;0.05333137,-0.62247783,0.24976246;0.04500292,-0.62247783,0.24942728;0.03007841,-0.62247783,0.24907362;0.02687151,-0.62247783,0.24909567;0.01010039,-0.62247783,0.24947802;0.00728445,-0.62247783,0.24935234;-0.00566271,-0.62247783,0.24778166;-0.01005677,-0.62247783,0.2470742;-0.01168138,-0.62247783,0.24698743;-0.01664217,-0.62247783,0.247351;-0.02890186,-0.62247783,0.24788273;-0.03161889,-0.62247783,0.24786142;-0.04785742,-0.62247783,0.24727282;-0.06635894,-0.62247783,0.24704553;-0.0785102,-0.62247783,0.24637446;-0.08518913,-0.62247783,0.24567969;-0.10183341,-0.62247783,0.2451739;-0.10381077,-0.62247783,0.2451839;-0.10651024,-0.62247783,0.24538824;-0.12274505,-0.62247783,0.24792631;-0.12867613,-0.62247783,0.24829608;-0.13615504,-0.62247783,0.24773543;-0.14300382,-0.62247783,0.244946;-0.14874217,-0.62247783,0.2427884;-0.15288124,-0.62247783,0.24259247
-0.33412232,-0.62247783,-0.0256459;-0.33385916,-0.62247783,-0.02266585;-0.33128542,-0.62247783,-0.01806244;-0.32408334,-0.62247783,-0.00893466;-0.32152502,-0.62247783,0.00028843;-0.32063583,-0.62247783,0.00460916;-0.31834135,-0.62247783,0.01754194;-0.31786265,-0.62247783,0.01918506;-0.31648669,-0.62247783,0.02002384;-0.31454596,-0.62247783,0.02040214;-0.30335492,-0.62247783,0.02286333;-0.28998243,-0.62247783,0.02659841;-0.28116873,-0.62247783,0.03353498;-0.2774937,-0.62247783,0.03470206;-0.27508423,-0.62247783,0.03369544;-0.26715564,-0.62247783,0.02684911;-0.26004762,-0.62247783,0.02266102;-0.26250882,-0.62247783,0.01525769;-0.26552949,-0.62247783,0.0111885;-0.27042311,-0.62247783,0.00291369;-0.26821541,-0.62247783,-0.00466276;-0.26600317,-0.62247783,-0.01053052;-0.26353084,-0.62247783,-0.0167901;-0.26909246,-0.62247783,-0.02838326;-0.27853414,-0.62247783,-0.03643447;-0.27951301,-0.62247783,-0.03714379;-0.27979406,-0.62247783,-0.03806233;-0.2802069,-0.62247783,-0.04004316;-0.27905917,-0.62247783,-0.04124933;-0.27388607,-0.62247783,-0.04957556;-0.27390598,-0.62247783,-0.05426628;-0.27927632,-0.62247783,-0.05592674;-0.29381344,-0.62247783,-0.05432195;-0.29687769,-0.62247783,-0.05341169;-0.3064396,-0.62247783,-0.04783945;-0.3106989,-0.62247783,-0.04489922;-0.31450596,-0.62247783,-0.04034849;-0.32001976,-0.62247783,-0.03477859;-0.33110931,-0.62247783,-0.02841383
0.62247783,-0.04457906,-0.35961098;0.62247783,-0.03865769,-0.36457639;0.62247783,-0.0429218,-0.36644614;0.62247783,-0.04626458,-0.36716989;0.62247783,-0.05155295,-0.36512258;0.62247783,-0.06213851,-0.3603648;0.62247783,-0.06899608,-0.35550677;0.62247783,-0.07793372,-0.34808953;0.62247783,-0.08153873,-0.34278789;0.62247783,-0.08504433,-0.33233891;0.62247783,-0.08737174,-0.32851047;0.62247783,-0.0963209,-0.31685085;0.62247783,-0.10011042,-0.30973057;0.62247783,-0.10505566,-0.29988426;0.62247783,-0.10755789,-0.29376435;0.62247783,-0.11089028,-0.2834481;0.62247783,-0.11636377,-0.27100413;0.62247783,-0.11777844,-0.26929488;0.62247783,-0.12744031,-0.26209783;0.62247783,-0.12942276,-0.26046323;0.62247783,-0.13043232,-0.25812632;0.62247783,-0.13439954,-0.2477922;0.62247783,-0.13585634,-0.24251413;0.62247783,-0.13626749,-0.23441577;0.62247783,-0.13446196,-0.22377348;0.62247783,-0.1336947,-0.22008693;0.62247783,-0.13326301,-0.2182817;0.62247783,-0.12736404,-0.20225791;0.62247783,-0.12609553,-0.20041105;0.62247783,-0.1162789,-0.19106431;0.62247783,-0.11332029,-0.18866308;0.62247783,-0.11130241,-0.18615824;0.62247783,-0.10185169,-0.17902512;0.62247783,-0.09266313,-0.17574766;0.62247783,-0.09144317,-0.17559614;0.62247783,-0.08248201,-0.17598486;0.62247783,-0.07866146,-0.17585424;0.62247783,-0.07461611,-0.1732674;0.62247783,-0.06925181,-0.16881806;0.62247783,-0.06112407,-0.16634908;0.62247783,-0.05895838,-0.16588334;0.62247783,-0.05016264,-0.16523044;0.62247783,-0.03940986,-0.16305988;0.62247783,-0.03755081,-0.16272302;0.62247783,-0.0358364,-0.16199965;0.62247783,-0.0257293,-0.15867484;0.62247783,-0.02024563,-0.15790003;0.62247783,-0.00975247,-0.15739391;0.62247783,-0.00757741,-0.15752281;0.62247783,-0.00503018,-0.15697854;0.62247783,0.00546682,-0.15576468;0.62247783,0.01134083,-0.15561635;0.62247783,0.02266286,-0.15625242;0.62247783,0.02424596,-0.15642638;0.62247783,0.02680181,-0.15682511;0.62247783,0.03646837,-0.15891423;0.62247783,0.04313427,-0.16021909;0.62247783,0.04991397,-0.16143606;0.62247783,0.06588641,-0.16454744;0.62247783,0.06793811,-0.16488111;0.62247783,0.07582643,-0.16659043;0.62247783,0.08157409,-0.1676404;0.62247783,0.08982958,-0.16983466;0.62247783,0.09611954,-0.17279414;0.62247783,0.10409971,-0.17725957;0.62247783,0.11469185,-0.18284722;0.62247783,0.11703281,-0.18411814;0.62247783,0.11823357,-0.18557447;0.62247783,0.12193254,-0.1913262;0.62247783,0.1267866,-0.20010137;0.62247783,0.12773156,-0.20352643;0.62247783,0.12963967,-0.21592321;0.62247783,0.13002181,-0.2204168;0.62247783,0.13060197,-0.22758277;0.62247783,0.13052264,-0.23274124;0.62247783,0.12927881,-0.23620185;0.62247783,0.12406383,-0.24496981;0.62247783,0.12360948,-0.24619406;0.62247783,0.12149574,-0.25469087;0.62247783,0.1176093,-0.2626598;0.62247783,0.11654186,-0.26608552;0.62247783,0.11588661,-0.27148281;0.62247783,0.11514557,-0.2783825;0.62247783,0.11449619,-0.2816636;0.62247783,0.11243536,-0.28444647;0.62247783,0.10694538,-0.29239415;0.62247783,0.10257637,-0.30575605;0.62247783,0.09413211,-0.31743536;0.62247783,0.09006649,-0.32379103;0.62247783,0.08269924,-0.33223625;0.62247783,0.07969444,-0.33505462;0.62247783,0.07706331,-0.33567418;0.62247783,0.0745812,-0.33509201;0.62247783,0.07664361,-0.33027427;0.62247783,0.08524705,-0.31065968;0.62247783,0.09175376,-0.2895218;0.62247783,0.09198669,-0.28797895;0.62247783,0.09181886,-0.26769601;0.62247783,0.09128125,-0.26397386;0.62247783,0.08578398,-0.24543202;0.62247783,0.08366007,-0.24057132;0.62247783,0.07439242,-0.22559422;0.62247783,0.07039318,-0.22043328;0.62247783,0.05879401,-0.20850736;0.62247783,0.05346346,-0.2041828;0.62247783,0.03959468,-0.19510191;0.62247783,0.03389271,-0.19242412;0.62247783,0.01741344,-0.18680641;0.62247783,0.01203222,-0.1858299;0.62247783,-0.00619092,-0.18475655;0.62247783,-0.01111446,-0.18521651;0.62247783,-0.02932837,-0.18940492;0.62247783,-0.03399025,-0.1912379;0.62247783,-0.04996473,-0.20032399;0.62247783,-0.05451242,-0.20375517;0.62247783,-0.06697716,-0.21599957;0.62247783,-0.07093356,-0.22095829;0.62247783,-0.07998282,-0.23536947;0.62247783,-0.0824831,-0.24097825;0.62247783,-0.08760833,-0.25781492;0.62247783,-0.09158831,-0.28180156;0.62247783,-0.0915685,-0.28459837;0.62247783,-0.08794721,-0.30606924;0.62247783,-0.08727343,-0.30788057;0.62247783,-0.07596017,-0.32691747;0.62247783,-0.0604082,-0.34557722
0.62247783,0.12864134,0.50250177;0.62247783,0.11410377,0.49602;0.62247783,0.10299777,0.49171563;0.62247783,0.0989553,0.49011549;0.62247783,0.09462265,0.4885922;0.62247783,0.06901798,0.48004086;0.62247783,0.06604742,0.47919007;0.62247783,0.05097197,0.47589368;0.62247783,0.03471464,0.47315697;0.62247783,0.01808706,0.4713507;0.62247783,0.00006966,0.47044254;0.62247783,-0.01670074,0.47003809;0.62247783,-0.01869117,0.47017599;0.62247783,-0.05032571,0.47409224;0.62247783,-0.06182224,0.47607174;0.62247783,-0.07497602,0.47907047;0.62247783,-0.08317221,0.48131594;0.62247783,-0.09073824,0.48383799;0.62247783,-0.09981346,0.48637208;0.62247783,-0.11503027,0.48910611;0.62247783,-0.11693231,0.48944789;0.62247783,-0.11783555,0.48985449;0.62247783,-0.13267016,0.49736274;0.62247783,-0.14220631,0.50363914;0.62247783,-0.15451463,0.51483534;0.62247783,-0.16063406,0.51997149;0.62247783,-0.16906542,0.52944453;0.62247783,-0.15729666,0.53901679;0.62247783,-0.14785847,0.54169256;0.62247783,-0.12661692,0.54654413;0.62247783,-0.10398006,0.54918789;0.62247783,-0.09046154,0.55106749;0.62247783,-0.06379708,0.55257913;0.62247783,-0.05198879,0.55318579;0.62247783,-0.02412147,0.55372321;0.62247783,-0.01322889,0.55387927;0.62247783,0.01493209,0.55375336;0.62247783,0.02598034,0.55342585;0.62247783,0.05325276,0.55251516;0.62247783,0.06452389,0.551559;0.62247783,0.09023331,0.54963215;0.62247783,0.10472658,0.54724931;0.62247783,0.12570096,0.54338377;0.62247783,0.14854652,0.53429654;0.62247783,0.15546009,0.53148215;0.62247783,0.15984943,0.52528116;0.62247783,0.1556608,0.51916384;0.62247783,0.15107486,0.51595014;0.62247783,0.13303478,0.50467644;0.62247783,0.13136825,0.50371936
0.62247783,0.12509682,-0.66393334;0.62247783,0.13926736,-0.66826564;0.62247783,0.16839564,-0.67831148;0.62247783,0.19958562,-0.6901857;0.62247783,0.2284126,-0.70253825;0.62247783,0.25083042,-0.71296597;0.62247783,0.25955439,-0.71713165;0.62247783,0.27075007,-0.72316876;0.62247783,0.28876261,-0.73433246;0.62247783,0.30918843,-0.74827323;0.62247783,0.32316371,-0.75912572;0.62247783,0.34124293,-0.77814864;0.62247783,0.35228303,-0.79255911;0.62247783,0.35892111,-0.81043042;0.62247783,0.36025709,-0.82166657;0.62247783,0.35419178,-0.82706851;0.62247783,0.35136706,-0.82788869;0.62247783,0.3206565,-0.83435856;0.62247783,0.30953651,-0.83589718;0.62247783,0.2844433,-0.8394963;0.62247783,0.26753412,-0.84097434;0.62247783,0.24704356,-0.84311826;0.62247783,0.22618295,-0.84436625;0.62247783,0.20899691,-0.84569279;0.62247783,0.18538299,-0.84668371;0.62247783,0.17052499,-0.8475207;0.62247783,0.14498749,-0.84826818;0.62247783,0.13174793,-0.84879409;0.62247783,0.10488958,-0.84931096;0.62247783,0.09272906,-0.84961165;0.62247783,0.06503014,-0.84985693;0.62247783,0.05351354,-0.84991729;0.62247783,-0.05344596,-0.84975712;0.62247783,-0.06516242,-0.84965098;0.62247783,-0.09259308,-0.84933992;0.62247783,-0.1051005,-0.84897509;0.62247783,-0.1315348,-0.8483909;0.62247783,-0.14528456,-0.8477808;0.62247783,-0.17022643,-0.84697212;0.62247783,-0.18577468,-0.84602278;0.62247783,-0.20860407,-0.84498196;0.62247783,-0.22668969,-0.84349558;0.62247783,-0.24654033,-0.84222125;0.62247783,-0.26819267,-0.83984813;0.62247783,-0.28382195,-0.83841255;0.62247783,-0.31036676,-0.83456033;0.62247783,-0.32003669,-0.83321865;0.62247783,-0.35262887,-0.82673333;0.62247783,-0.35414021,-0.82635547;0.62247783,-0.35711471,-0.82354205;0.62247783,-0.3550469,-0.81800869;0.62247783,-0.34153651,-0.79375068;0.62247783,-0.31970178,-0.76696452;0.62247783,-0.31325808,-0.76003133;0.62247783,-0.3107432,-0.75826327;0.62247783,-0.25695554,-0.72516117;0.62247783,-0.25360962,-0.72324399;0.62247783,-0.22264532,-0.7081083;0.62247783,-0.20318232,-0.69957491;0.62247783,-0.1888218,-0.69389789;0.62247783,-0.17356126,-0.68758756;0.62247783,-0.13017462,-0.67157241;0.62247783,-0.11900049,-0.66789404;0.62247783,-0.08452551,-0.65814254;0.62247783,-0.07054838,-0.65529209;0.62247783,-0.04926128,-0.65068576;0.62247783,-0.03176688,-0.64630024;0.62247783,-0.02381032,-0.64502239;0.62247783,-0.00701825,-0.64416597;0.62247783,0.01049624,-0.64436291;0.62247783,0.01609465,-0.64479526;0.62247783,0.03069367,-0.64717369;0.62247783,0.05084609,-0.65045092;0.62247783,0.0805442,-0.65460426;0.62247783,0.11074474,-0.66036947
0.62247783,-0.00514058,-0.01852344;0.62247783,-0.00771553,-0.0185954;0.62247783,-0.01465893,-0.01558157;0.62247783,-0.0096045,-0.01230787;0.62247783,-0.00668996,-0.01247704;0.62247783,-0.00319118,-0.01462727
-0.09139478,0.62247783,-0.14104845;-0.07921039,0.62247783,-0.1422177;-0.07563573,0.62247783,-0.14226629;-0.07265334,0.62247783,-0.14178687;-0.05992273,0.62247783,-0.13928467;-0.04766334,0.62247783,-0.13530718;-0.03347639,0.62247783,-0.13151481;-0.02537909,0.62247783,-0.1308535;-0.01468578,0.62247783,-0.13166697;-0.00746622,0.62247783,-0.13199961;-0.00067761,0.62247783,-0.1316412;0.01146508,0.62247783,-0.13067375;0.02331137,0.62247783,-0.12953942;0.02983427,0.62247783,-0.12937932;0.0389601,0.62247783,-0.12927684;0.04748928,0.62247783,-0.13216799;0.05242893,0.62247783,-0.13431604;0.06383143,0.62247783,-0.13683602;0.07726173,0.62247783,-0.13482251;0.08192177,0.62247783,-0.13390328;0.10088889,0.62247783,-0.13057271;0.1205475,0.62247783,-0.12954977;0.12416216,0.62247783,-0.12913105;0.12950003,0.62247783,-0.12591761;0.13416085,0.62247783,-0.1198965;0.13787085,0.62247783,-0.11056593;0.13897705,0.62247783,-0.10074079;0.13903412,0.62247783,-0.09918458;0.13970274,0.62247783,-0.0841476;0.14000989,0.62247783,-0.08005501;0.13917735,0.62247783,-0.06285609;0.13885575,0.62247783,-0.06195665;0.12899731,0.62247783,-0.05178013;0.12767027,0.62247783,-0.05063058;0.11777959,0.62247783,-0.04351293;0.10803463,0.62247783,-0.03937988;0.10387841,0.62247783,-0.03796123;0.09610389,0.62247783,-0.03712576;0.08933557,0.62247783,-0.03676692;0.07511552,0.62247783,-0.03782447;0.06208813,0.62247783,-0.04028766;0.06044497,0.62247783,-0.04067622;0.05889762,0.62247783,-0.04116351;0.04776977,0.62247783,-0.04441568;0.03501276,0.62247783,-0.04671899;0.026866,0.62247783,-0.04831662;0.01320606,0.62247783,-0.04841767;0.01212895,0.62247783,-0.04857154;-0.00234431,0.62247783,-0.05306821;-0.00508141,0.62247783,-0.05358802;-0.01600297,0.62247783,-0.0536002;-0.02249548,0.62247783,-0.0521248;-0.03441176,0.62247783,-0.04436086;-0.03794089,0.62247783,-0.04335873;-0.04512779,0.62247783,-0.04349295;-0.05196519,0.62247783,-0.04571596;-0.06112975,0.62247783,-0.04682399;-0.07131017,0.62247783,-0.04782183;-0.08211908,0.62247783,-0.04656421;-0.09787425,0.62247783,-0.04258567;-0.09874179,0.62247783,-0.0423297;-0.09950957,0.62247783,-0.0427219;-0.10024193,0.62247783,-0.04329319;-0.1111221,0.62247783,-0.05303346;-0.11671559,0.62247783,-0.06156584;-0.12016244,0.62247783,-0.06780416;-0.12430368,0.62247783,-0.07916186;-0.12569495,0.62247783,-0.08457062;-0.12710074,0.62247783,-0.09552671;-0.12402716,0.62247783,-0.10770176;-0.12261957,0.62247783,-0.1117575;-0.12170186,0.62247783,-0.1138073;-0.11719313,0.62247783,-0.12447453;-0.10796583,0.62247783,-0.13853167;-0.10677009,0.62247783,-0.13920152
0.4168901,0.62247783,0.8207864;0.41010725,0.62247783,0.82097193;0.37740543,0.62247783,0.82135594;0.37166681,0.62247783,0.82144633;0.33829519,0.62247783,0.82172626;0.33244714,0.62247783,0.82181591;0.29863338,0.62247783,0.82206859;0.29317364,0.62247783,0.82213635;0.25902321,0.62247783,0.82234138;0.25386401,0.62247783,0.82239287;0.21944832,0.62247783,0.82256117;0.21453391,0.62247783,0.82260209;0.17989282,0.62247783,0.8227373;0.17517589,0.62247783,0.82276715;0.14036561,0.62247783,0.8228652;0.13579567,0.62247783,0.82288473;0.10086034,0.62247783,0.82292711;0.09640469,0.62247783,0.82292843;-0.17523332,0.62247783,0.82279732;-0.17982501,0.62247783,0.8227904;-0.21460065,0.62247783,0.82270981;-0.21937423,0.62247783,0.82267543;-0.25393768,0.62247783,0.82251946;-0.25894583,0.62247783,0.82247076;-0.29325034,0.62247783,0.82226392;-0.29855957,0.62247783,0.82219592;-0.33251958,0.62247783,0.82192593;-0.33822913,0.62247783,0.82183024;-0.37172743,0.62247783,0.82148341;-0.37795519,0.62247783,0.82134944;-0.41084115,0.62247783,0.82089565;-0.41749044,0.62247783,0.82070151;-0.44929408,0.62247783,0.81990338;-0.45713003,0.62247783,0.81941657;-0.48642755,0.62247783,0.81717788;-0.49324847,0.62247783,0.81558661;-0.51414076,0.62247783,0.80673949;-0.52680175,0.62247783,0.78515421;-0.5316616,0.62247783,0.77883863;-0.54113866,0.62247783,0.77548088;-0.58509643,0.62247783,0.76868522;-0.5951921,0.62247783,0.76610112;-0.60281278,0.62247783,0.76222523;-0.60590732,0.62247783,0.75162388;-0.60664403,0.62247783,0.73734083;-0.60676132,0.62247783,0.71762562;-0.60625445,0.62247783,0.69808393;-0.60517018,0.62247783,0.68137;-0.60160454,0.62247783,0.65859918;-0.59944406,0.62247783,0.64584081;-0.59103693,0.62247783,0.61650871;-0.59070991,0.62247783,0.61556454;-0.588828,0.62247783,0.61330175;-0.57237248,0.62247783,0.59543471;-0.56844095,0.62247783,0.59243271;-0.55091897,0.62247783,0.58098512;-0.53913586,0.62247783,0.57628542;-0.52700085,0.62247783,0.56948664;-0.51672138,0.62247783,0.55729131;-0.51024159,0.62247783,0.54043819;-0.50639131,0.62247783,0.53105423;-0.49573158,0.62247783,0.51961742;-0.48494155,0.62247783,0.51259562;-0.46219727,0.62247783,0.49900311;-0.45500283,0.62247783,0.49500914;-0.45007689,0.62247783,0.49261986;-0.42379161,0.62247783,0.48265455;-0.4028312,0.62247783,0.47819223;-0.3825972,0.62247783,0.47870731;-0.36583813,0.62247783,0.48182649;-0.3437843,0.62247783,0.48721954;-0.33553904,0.62247783,0.48890292;-0.33197258,0.62247783,0.48913199;-0.31078624,0.62247783,0.488487;-0.30258186,0.62247783,0.48814265;-0.29992916,0.62247783,0.48920408;-0.29867777,0.62247783,0.49019663;-0.27016598,0.62247783,0.5127586;-0.24960662,0.62247783,0.52655539;-0.24147325,0.62247783,0.53097755;-0.23577525,0.62247783,0.53297131;-0.18293404,0.62247783,0.54915518;-0.17224726,0.62247783,0.5523806;-0.14520996,0.62247783,0.55948667;-0.13870687,0.62247783,0.56091079;-0.1030299,0.62247783,0.5675031;-0.09328292,0.62247783,0.56905019;-0.0668065,0.62247783,0.5727235;-0.05044264,0.62247783,0.57421394;-0.00976539,0.62247783,0.57638755;0.00965928,0.62247783,0.57668104;0.0492451,0.62247783,0.57584022;0.06811277,0.62247783,0.57446609;0.10481122,0.62247783,0.56956897;0.14003702,0.62247783,0.56277016;0.15515191,0.62247783,0.55884293;0.17211602,0.62247783,0.55288184;0.20141915,0.62247783,0.54067351;0.23117531,0.62247783,0.52516662;0.2343619,0.62247783,0.52318174;0.23650952,0.62247783,0.52080019;0.25691274,0.62247783,0.49741387;0.26272831,0.62247783,0.4887681;0.26820882,0.62247783,0.47744329;0.26902255,0.62247783,0.47110886;0.26699744,0.62247783,0.45197605;0.26093324,0.62247783,0.43500541;0.25850122,0.62247783,0.43136906;0.2441168,0.62247783,0.42028711;0.24323633,0.62247783,0.41975313;0.22684177,0.62247783,0.41220903;0.22376429,0.62247783,0.41096344;0.21081876,0.62247783,0.40719991;0.19867359,0.62247783,0.40455075;0.19479024,0.62247783,0.40394546;0.19052118,0.62247783,0.40349845;0.17985659,0.62247783,0.40327211;0.16603623,0.62247783,0.40386751;0.16273608,0.62247783,0.40380882;0.15989867,0.62247783,0.40358829;0.14806683,0.62247783,0.40301873;0.13939623,0.62247783,0.40334112;0.13403434,0.62247783,0.40426494;0.12391646,0.62247783,0.40646605;0.11557458,0.62247783,0.40720316;0.10520712,0.62247783,0.40737482;0.10255307,0.62247783,0.40754008;0.096911,0.62247783,0.40853992;0.0867985,0.62247783,0.41058753;0.08352686,0.62247783,0.41105406;0.06967588,0.62247783,0.41321073;0.05445555,0.62247783,0.41589805;0.05093969,0.62247783,0.41620802;0.03719874,0.62247783,0.41656211;0.02680576,0.62247783,0.41755136;0.02098311,0.62247783,0.41824054;0.01853331,0.62247783,0.41838919;0.00495245,0.62247783,0.419051;-0.01088857,0.62247783,0.41935325;-0.01482655,0.62247783,0.41918472;-0.02870065,0.62247783,0.41789431;-0.03446909,0.62247783,0.4176936;-0.04384046,0.62247783,0.41751859;-0.06142497,0.62247783,0.41627169;-0.07600855,0.62247783,0.41452476;-0.09305213,0.62247783,0.41203647;-0.0962851,0.62247783,0.41167451;-0.10741877,0.62247783,0.41040333;-0.115184,0.62247783,0.40913267;-0.12410646,0.62247783,0.40729948;-0.13108386,0.62247783,0.40596181;-0.13890711,0.62247783,0.40441788;-0.14898565,0.62247783,0.40259087;-0.15388652,0.62247783,0.40186328;-0.16477696,0.62247783,0.40119803;-0.16883273,0.62247783,0.40100131;-0.17128832,0.62247783,0.40067728;-0.18369819,0.62247783,0.39844189;-0.18881091,0.62247783,0.39797642;-0.19856439,0.62247783,0.39775564;-0.21190912,0.62247783,0.39769046;-0.21353448,0.62247783,0.3977698;-0.21662325,0.62247783,0.39845032;-0.22939178,0.62247783,0.40110006;-0.24486538,0.62247783,0.40239903;-0.25246157,0.62247783,0.40300102;-0.26727172,0.62247783,0.40446888;-0.27795741,0.62247783,0.40603649;-0.2912625,0.62247783,0.40880536;-0.29539097,0.62247783,0.40943689;-0.30026229,0.62247783,0.40848254;-0.31330406,0.62247783,0.40496796;-0.32669099,0.62247783,0.40145681;-0.33591844,0.62247783,0.39846143;-0.35100676,0.62247783,0.39304783;-0.36061399,0.62247783,0.38363376;-0.36444319,0.62247783,0.37877187;-0.36906826,0.62247783,0.37157058;-0.37588206,0.62247783,0.36189488;-0.37684337,0.62247783,0.36042905;-0.38659111,0.62247783,0.34515627;-0.38771511,0.62247783,0.3421839;-0.39064988,0.62247783,0.32927333;-0.39346365,0.62247783,0.31200793;-0.3935938,0.62247783,0.31091542;-0.39349038,0.62247783,0.30901768;-0.39212814,0.62247783,0.29328077;-0.39099788,0.62247783,0.28517999;-0.38879257,0.62247783,0.2754408;-0.38497687,0.62247783,0.2633888;-0.38259521,0.62247783,0.25764805;-0.37634229,0.62247783,0.24533436;-0.37333737,0.62247783,0.24079081;-0.35985386,0.62247783,0.2237612;-0.35596412,0.62247783,0.21987821;-0.34335864,0.62247783,0.21141317;-0.34138912,0.62247783,0.21022019;-0.33771548,0.62247783,0.20827437;-0.32527912,0.62247783,0.20323603;-0.31850348,0.62247783,0.20189769;-0.30737637,0.62247783,0.20117005;-0.28692133,0.62247783,0.20253852;-0.28366441,0.62247783,0.20302568;-0.27776388,0.62247783,0.20495243;-0.26903542,0.62247783,0.20790684;-0.26648905,0.62247783,0.20880213;-0.26142009,0.62247783,0.21042636;-0.25026355,0.62247783,0.21462712;-0.24294008,0.62247783,0.21722689;-0.23555706,0.62247783,0.22083599;-0.2266965,0.62247783,0.22685885;-0.22314109,0.62247783,0.22925483;-0.2114599,0.62247783,0.23743716;-0.21043065,0.62247783,0.23801967;-0.20889679,0.62247783,0.23817964;-0.19602706,0.62247783,0.23870231;-0.18405245,0.62247783,0.24117164;-0.16620024,0.62247783,0.2466143;-0.16118568,0.62247783,0.24764533;-0.15184826,0.62247783,0.24834081;-0.14823289,0.62247783,0.24841005;-0.13613279,0.62247783,0.24861231;-0.12897178,0.62247783,0.24886626;-0.12212788,0.62247783,0.2491046;-0.10564563,0.62247783,0.25052184;-0.08413748,0.62247783,0.25013306;-0.08193392,0.62247783,0.25016647;-0.06529765,0.62247783,0.25146001;-0.05705677,0.62247783,0.25224487;-0.04603864,0.62247783,0.25201083;-0.03296364,0.62247783,0.25122736;-0.02760773,0.62247783,0.25122085;-0.01389822,0.62247783,0.25214146;-0.009161,0.62247783,0.2519716;0.00794132,0.62247783,0.25043112;0.01065746,0.62247783,0.25029531;0.04606069,0.62247783,0.2489946;0.05223521,0.62247783,0.24892427;0.06379955,0.62247783,0.24877153;0.07489357,0.62247783,0.24806266;0.08136861,0.62247783,0.24759315;0.10130474,0.62247783,0.24693494;0.11841048,0.62247783,0.24561302;0.12805472,0.62247783,0.2446836;0.13448539,0.62247783,0.24426545;0.14807868,0.62247783,0.24494946;0.15038627,0.62247783,0.24492687;0.15193138,0.62247783,0.24437369;0.16340217,0.62247783,0.23903539;0.1704752,0.62247783,0.23696672;0.18475922,0.62247783,0.23514826;0.18608775,0.62247783,0.23482458;0.19796779,0.62247783,0.22943329;0.2004326,0.62247783,0.22845296;0.21132891,0.62247783,0.22504535;0.22213072,0.62247783,0.22042128;0.22502297,0.62247783,0.21927055;0.23189966,0.62247783,0.21674054;0.2389373,0.62247783,0.2149302;0.25442425,0.62247783,0.21276886;0.2555953,0.62247783,0.21246125;0.26715041,0.62247783,0.20773438;0.27281242,0.62247783,0.20514891;0.28070827,0.62247783,0.20161307;0.29237539,0.62247783,0.20057061;0.29404424,0.62247783,0.20038295;0.29542422,0.62247783,0.19999722;0.31017481,0.62247783,0.19491275;0.3134083,0.62247783,0.19449809;0.31533015,0.62247783,0.19349697;0.32799937,0.62247783,0.19103331;0.33249627,0.62247783,0.19151186;0.33744174,0.62247783,0.19442075;0.34609644,0.62247783,0.20288273;0.35084382,0.62247783,0.20518021;0.36065795,0.62247783,0.20968899;0.36613246,0.62247783,0.21507748;0.37401744,0.62247783,0.22074492;0.38635871,0.62247783,0.23028723;0.38797498,0.62247783,0.23210621;0.39645272,0.62247783,0.2446842;0.39776907,0.62247783,0.24651328;0.40816612,0.62247783,0.26086781;0.40901018,0.62247783,0.26216078;0.41773708,0.62247783,0.27766697;0.42179201,0.62247783,0.2874048;0.42609032,0.62247783,0.29945534;0.42742663,0.62247783,0.30260554;0.43145034,0.62247783,0.31127676;0.43717202,0.62247783,0.3234851;0.43838515,0.62247783,0.32998597;0.44113429,0.62247783,0.36076944;0.44292193,0.62247783,0.37884668;0.45240581,0.62247783,0.40519851;0.45933532,0.62247783,0.42100436;0.46967781,0.62247783,0.43944795;0.478512,0.62247783,0.45369664;0.48840594,0.62247783,0.46746818;0.50311199,0.62247783,0.48924188;0.50723488,0.62247783,0.49673424;0.51345351,0.62247783,0.5217391;0.51650742,0.62247783,0.53912421;0.52155646,0.62247783,0.55772025;0.52739578,0.62247783,0.56708022;0.53615042,0.62247783,0.57214996;0.55209738,0.62247783,0.57479852;0.57078787,0.62247783,0.57895404;0.58336928,0.62247783,0.5866476;0.59323211,0.62247783,0.59793672;0.60024763,0.62247783,0.61186856;0.60334746,0.62247783,0.62683398;0.60603104,0.62247783,0.64350221;0.60723951,0.62247783,0.6632135;0.60768574,0.62247783,0.67858224;0.60595258,0.62247783,0.73443553;0.60388285,0.62247783,0.74842802;0.5976154,0.62247783,0.76067381;0.57530405,0.62247783,0.76806234;0.56495722,0.62247783,0.76949971;0.55676788,0.62247783,0.77120281;0.53673566,0.62247783,0.77402061;0.52948058,0.62247783,0.77621667;0.52564399,0.62247783,0.78009486;0.52287113,0.62247783,0.78643624;0.51231328,0.62247783,0.80783831;0.49293634,0.62247783,0.81636879;0.48541384,0.62247783,0.81791297;0.4569983,0.62247783,0.81977042;0.44851812,0.62247783,0.82015284
-0.17116311,0.62247783,-0.3743965;-0.16084379,0.62247783,-0.37844969;-0.15048258,0.62247783,-0.3810491;-0.14435631,0.62247783,-0.38269562;-0.137972,0.62247783,-0.38526348;-0.12977751,0.62247783,-0.38841268;-0.11327365,0.62247783,-0.39348206;-0.108104,0.62247783,-0.3954288;-0.09926175,0.62247783,-0.39887738;-0.08778932,0.62247783,-0.40195294;-0.08329706,0.62247783,-0.40325389;-0.08040572,0.62247783,-0.40450204;-0.0686098,0.62247783,-0.40931415;-0.05515023,0.62247783,-0.41227982;-0.05226731,0.62247783,-0.41291841;-0.05116367,0.62247783,-0.41325149;-0.03652012,0.62247783,-0.41755688;-0.02242623,0.62247783,-0.42035209;-0.01742161,0.62247783,-0.42173366;-0.00766178,0.62247783,-0.42425212;-0.00134264,0.62247783,-0.42458318;0.00927545,0.62247783,-0.42393752;0.01612485,0.62247783,-0.42393197;0.0260687,0.62247783,-0.42350466;0.03065494,0.62247783,-0.42292436;0.04285464,0.62247783,-0.421137;0.04981273,0.62247783,-0.42044315;0.06021563,0.62247783,-0.41793494;0.06258955,0.62247783,-0.41700056;0.07868617,0.62247783,-0.40993101;0.07967997,0.62247783,-0.40966471;0.09396709,0.62247783,-0.40774701;0.09666291,0.62247783,-0.40666551;0.10792353,0.62247783,-0.40014745;0.10889691,0.62247783,-0.39963934;0.10999371,0.62247783,-0.39936196;0.12395849,0.62247783,-0.39599899;0.14049414,0.62247783,-0.38951128;0.14235524,0.62247783,-0.38906288;0.15593063,0.62247783,-0.38753452;0.16492478,0.62247783,-0.38561801;0.17127661,0.62247783,-0.38519316;0.18523863,0.62247783,-0.3874567;0.19374021,0.62247783,-0.3886065;0.19852418,0.62247783,-0.38905162;0.2132299,0.62247783,-0.39042237;0.22245615,0.62247783,-0.39229002;0.2286954,0.62247783,-0.39459332;0.24177779,0.62247783,-0.40064616;0.24465086,0.62247783,-0.4022074;0.25867185,0.62247783,-0.41003185;0.25970646,0.62247783,-0.41105272;0.26601224,0.62247783,-0.42391194;0.26584353,0.62247783,-0.43244281;0.26308803,0.62247783,-0.44536613;0.26201128,0.62247783,-0.44803631;0.25870982,0.62247783,-0.45011539;0.24927545,0.62247783,-0.45593475;0.23308719,0.62247783,-0.47161736;0.23086297,0.62247783,-0.47472019;0.22553801,0.62247783,-0.47994382;0.21458956,0.62247783,-0.49115034;0.20717601,0.62247783,-0.49451241;0.19169417,0.62247783,-0.5017782;0.18284845,0.62247783,-0.50524355;0.16587829,0.62247783,-0.50777179;0.15581642,0.62247783,-0.5099714;0.13657972,0.62247783,-0.508819;0.13391641,0.62247783,-0.50872143;0.13144943,0.62247783,-0.50860606;0.11299852,0.62247783,-0.50911121;0.10950779,0.62247783,-0.50956517;0.10512871,0.62247783,-0.51113437;0.09262945,0.62247783,-0.51510197;0.08127211,0.62247783,-0.5140916;0.07461759,0.62247783,-0.51285259;0.06804492,0.62247783,-0.51274434;0.05502208,0.62247783,-0.513256;0.0470931,0.62247783,-0.51423629;0.03102407,0.62247783,-0.51822155;0.02562988,0.62247783,-0.5180873;0.01513476,0.62247783,-0.51631908;0.00685468,0.62247783,-0.51610767;-0.00632445,0.62247783,-0.51718117;-0.0127657,0.62247783,-0.51839684;-0.01888753,0.62247783,-0.52050418;-0.03116787,0.62247783,-0.52397225;-0.04872438,0.62247783,-0.52466409;-0.05071246,0.62247783,-0.52501719;-0.0683877,0.62247783,-0.53014394;-0.08981358,0.62247783,-0.53661776;-0.09491461,0.62247783,-0.53764502;-0.09694762,0.62247783,-0.53789468;-0.12502516,0.62247783,-0.54052419;-0.13638521,0.62247783,-0.54109102;-0.15334303,0.62247783,-0.54109557;-0.17736608,0.62247783,-0.54144912;-0.18267388,0.62247783,-0.54090931;-0.21798218,0.62247783,-0.53418922;-0.24373249,0.62247783,-0.52592885;-0.24764964,0.62247783,-0.52417484;-0.27577896,0.62247783,-0.50833435;-0.27666212,0.62247783,-0.50780862;-0.286567,0.62247783,-0.500631;-0.3012439,0.62247783,-0.48829369;-0.30289211,0.62247783,-0.4858793;-0.31283679,0.62247783,-0.46147241;-0.31635134,0.62247783,-0.43764248;-0.31294872,0.62247783,-0.41613412;-0.31196369,0.62247783,-0.41269581;-0.3111311,0.62247783,-0.41191719;-0.29977837,0.62247783,-0.40342014;-0.29332184,0.62247783,-0.39932176;-0.2824654,0.62247783,-0.39382871;-0.27512905,0.62247783,-0.39081053;-0.26328062,0.62247783,-0.38584721;-0.25748071,0.62247783,-0.38357494;-0.24436694,0.62247783,-0.37854925;-0.22640998,0.62247783,-0.37321849;-0.22270436,0.62247783,-0.37236515;-0.22050751,0.62247783,-0.37225371;-0.20761837,0.62247783,-0.37233419;-0.19545711,0.62247783,-0.37233703;-0.19446358,0.62247783,-0.37236427;-0.17786419,0.62247783,-0.3728056;-0.17428078,0.62247783,-0.37320394
-0.18690692,0.62247783,-0.21901529;-0.2068011,0.62247783,-0.21588285;-0.22321595,0.62247783,-0.21451965;-0.23163246,0.62247783,-0.21420408;-0.23825524,0.62247783,-0.21312174;-0.24255149,0.62247783,-0.21041753;-0.25119562,0.62247783,-0.20215849;-0.25584949,0.62247783,-0.19969241;-0.26317462,0.62247783,-0.19815724;-0.27050948,0.62247783,-0.19784915;-0.28050134,0.62247783,-0.19896987;-0.29167307,0.62247783,-0.19863751;-0.29354808,0.62247783,-0.1986613;-0.29527514,0.62247783,-0.1991181;-0.30572883,0.62247783,-0.20307279;-0.31382273,0.62247783,-0.2074349;-0.31283602,0.62247783,-0.21315859;-0.31340158,0.62247783,-0.21667141;-0.32019995,0.62247783,-0.22195105;-0.32933955,0.62247783,-0.22678955;-0.3364263,0.62247783,-0.2321218;-0.34453155,0.62247783,-0.2388825;-0.35091004,0.62247783,-0.24458998;-0.35443461,0.62247783,-0.24938762;-0.35961708,0.62247783,-0.25729706;-0.36455507,0.62247783,-0.26282718;-0.37588282,0.62247783,-0.27544202;-0.37677557,0.62247783,-0.27653483;-0.38755548,0.62247783,-0.29054951;-0.39892914,0.62247783,-0.30497338;-0.40582348,0.62247783,-0.31429814;-0.41022809,0.62247783,-0.32084455;-0.4192915,0.62247783,-0.328861;-0.42860129,0.62247783,-0.33441609;-0.44965865,0.62247783,-0.3425853;-0.45759271,0.62247783,-0.3456736;-0.48469474,0.62247783,-0.35369784;-0.48948127,0.62247783,-0.35557332;-0.5087999,0.62247783,-0.36668939;-0.51693597,0.62247783,-0.37279235;-0.52075479,0.62247783,-0.37594107;-0.53886225,0.62247783,-0.39474294;-0.55183253,0.62247783,-0.41051735;-0.55873693,0.62247783,-0.42103812;-0.56286595,0.62247783,-0.43010864;-0.57145485,0.62247783,-0.45253375;-0.57892874,0.62247783,-0.47797315;-0.58097417,0.62247783,-0.4862072;-0.58610399,0.62247783,-0.5158168;-0.59113445,0.62247783,-0.55884781;-0.59150838,0.62247783,-0.56296795;-0.59411363,0.62247783,-0.5963784;-0.59455168,0.62247783,-0.60360002;-0.59654375,0.62247783,-0.63410666;-0.5970171,0.62247783,-0.64410774;-0.5985312,0.62247783,-0.67264092;-0.59882293,0.62247783,-0.68416224;-0.59917359,0.62247783,-0.71284388;-0.59883237,0.62247783,-0.7240793;-0.59618382,0.62247783,-0.75380635;-0.5923176,0.62247783,-0.78176145;-0.58912295,0.62247783,-0.78826947;-0.58000664,0.62247783,-0.79376719;-0.57544612,0.62247783,-0.79478709;-0.55721371,0.62247783,-0.79680629;-0.5445632,0.62247783,-0.79930881;-0.52871953,0.62247783,-0.80731684;-0.51743874,0.62247783,-0.82114403;-0.5090991,0.62247783,-0.83391019;-0.49602482,0.62247783,-0.83895027;-0.48005633,0.62247783,-0.84262877;-0.46027676,0.62247783,-0.84455559;-0.44388975,0.62247783,-0.84588783;-0.4209369,0.62247783,-0.84676735;-0.40694918,0.62247783,-0.84733732;-0.38187376,0.62247783,-0.84793925;-0.368175,0.62247783,-0.84846331;-0.34178478,0.62247783,-0.8490312;-0.3292802,0.62247783,-0.84945022;-0.30179971,0.62247783,-0.84996366;-0.29031213,0.62247783,-0.85030657;-0.26188404,0.62247783,-0.85077669;-0.25129313,0.62247783,-0.85106302;-0.22201691,0.62247783,-0.85148971;-0.21221427,0.62247783,-0.8517222;-0.1822103,0.62247783,-0.8520979;-0.17307933,0.62247783,-0.85228367;-0.14245971,0.62247783,-0.85260322;-0.13388863,0.62247783,-0.85274635;-0.10276467,0.62247783,-0.85299564;-0.09463442,0.62247783,-0.85309262;-0.06313315,0.62247783,-0.85322476;-0.05531963,0.62247783,-0.85324918;0.09478146,0.62247783,-0.85330009;0.10254073,0.62247783,-0.85328298;0.13411344,0.62247783,-0.85317372;0.14214649,0.62247783,-0.85309156;0.17339341,0.62247783,-0.85287808;0.18180308,0.62247783,-0.85275833;0.2126224,0.62247783,-0.85248492;0.22150623,0.62247783,-0.85233083;0.25180467,0.62247783,-0.85200815;0.26125858,0.62247783,-0.8518163;0.29093805,0.62247783,-0.85145035;0.30105637,0.62247783,-0.85121861;0.33002559,0.62247783,-0.8508176;0.34088582,0.62247783,-0.85054499;0.36907488,0.62247783,-0.85009869;0.38079453,0.62247783,-0.84975706;0.40802381,0.62247783,-0.84926434;0.42030786,0.62247783,-0.84886892;0.44595638,0.62247783,-0.84829932;0.46177289,0.62247783,-0.84765403;0.48306259,0.62247783,-0.84624577;0.49590008,0.62247783,-0.8438706;0.50930191,0.62247783,-0.83841003;0.51667542,0.62247783,-0.82403435;0.52200681,0.62247783,-0.81252056;0.52888841,0.62247783,-0.806122;0.54114139,0.62247783,-0.80232323;0.55735629,0.62247783,-0.80003257;0.58025273,0.62247783,-0.79658618;0.59512231,0.62247783,-0.79193255;0.59939795,0.62247783,-0.78332566;0.60327806,0.62247783,-0.76491459;0.60506968,0.62247783,-0.74659551;0.6067553,0.62247783,-0.72802687;0.60737452,0.62247783,-0.70710272;0.60737427,0.62247783,-0.68922895;0.60724938,0.62247783,-0.66719213;0.6069413,0.62247783,-0.64981431;0.60658115,0.62247783,-0.62840359;0.60595636,0.62247783,-0.6100674;0.60539878,0.62247783,-0.58990621;0.60441658,0.62247783,-0.57001104;0.60371307,0.62247783,-0.55171114;0.60232573,0.62247783,-0.52972195;0.60146625,0.62247783,-0.51378563;0.59929129,0.62247783,-0.48901855;0.59818245,0.62247783,-0.47640871;0.59408562,0.62247783,-0.44761305;0.59276116,0.62247783,-0.44034531;0.58420566,0.62247783,-0.41190066;0.58186712,0.62247783,-0.40813371;0.55756163,0.62247783,-0.38399181;0.52999635,0.62247783,-0.36229015;0.51973908,0.62247783,-0.3557162;0.50171613,0.62247783,-0.34492538;0.4641392,0.62247783,-0.33532678;0.44809592,0.62247783,-0.32994973;0.43845228,0.62247783,-0.32592168;0.43138314,0.62247783,-0.31902314;0.42251235,0.62247783,-0.3098118;0.41018781,0.62247783,-0.30355672;0.40235862,0.62247783,-0.29999553;0.39445041,0.62247783,-0.29277415;0.38058408,0.62247783,-0.27931324;0.37703217,0.62247783,-0.27612141;0.37288835,0.62247783,-0.27279409;0.3631988,0.62247783,-0.26494796;0.35560533,0.62247783,-0.25738935;0.35205051,0.62247783,-0.25313957;0.35091963,0.62247783,-0.25141924;0.3422175,0.62247783,-0.23778936;0.33972953,0.62247783,-0.23373941;0.33621726,0.62247783,-0.22762119;0.33147383,0.62247783,-0.21981334;0.32415855,0.62247783,-0.21360509;0.32007111,0.62247783,-0.21085955;0.31626988,0.62247783,-0.20763228;0.30667151,0.62247783,-0.20197873;0.29879435,0.62247783,-0.1999436;0.280471,0.62247783,-0.19809379;0.27057977,0.62247783,-0.19741161;0.2610347,0.62247783,-0.19731088;0.25031301,0.62247783,-0.19687197;0.24221046,0.62247783,-0.19738349;0.2380227,0.62247783,-0.20293982;0.23374048,0.62247783,-0.21361818;0.2328589,0.62247783,-0.21575831;0.23193201,0.62247783,-0.21652376;0.23010721,0.62247783,-0.21609288;0.22165532,0.62247783,-0.21141799;0.21473991,0.62247783,-0.20697077;0.21247043,0.62247783,-0.20588964;0.19616343,0.62247783,-0.19768329;0.18612591,0.62247783,-0.19564037;0.17502168,0.62247783,-0.19992417;0.17218927,0.62247783,-0.20129868;0.15776809,0.62247783,-0.20916753;0.15638257,0.62247783,-0.20983681;0.15453562,0.62247783,-0.21004538;0.14048209,0.62247783,-0.21086181;0.12839859,0.62247783,-0.21652892;0.1234286,0.62247783,-0.21874975;0.11130229,0.62247783,-0.22640645;0.1075084,0.62247783,-0.22845221;0.07647925,0.62247783,-0.24174972;0.07436289,0.62247783,-0.24223575;0.05532564,0.62247783,-0.24032227;0.03552557,0.62247783,-0.23841404;0.02740626,0.62247783,-0.23873331;0.014733,0.62247783,-0.2391197;0.00417438,0.62247783,-0.23953994;-0.01330491,0.62247783,-0.2411028;-0.02495106,0.62247783,-0.24106483;-0.0350941,0.62247783,-0.24002796;-0.04226777,0.62247783,-0.23983169;-0.05271145,0.62247783,-0.24003463;-0.06041632,0.62247783,-0.23962186;-0.07098241,0.62247783,-0.23898971;-0.07737614,0.62247783,-0.23789532;-0.09337214,0.62247783,-0.23532254;-0.09587433,0.62247783,-0.23491762;-0.0996215,0.62247783,-0.23441051;-0.10999302,0.62247783,-0.2326816;-0.11747613,0.62247783,-0.23141204;-0.12065619,0.62247783,-0.23081456;-0.13079803,0.62247783,-0.22907461;-0.13665583,0.62247783,-0.22821765;-0.13773219,0.62247783,-0.22813965;-0.15626386,0.62247783,-0.22767963;-0.17040804,0.62247783,-0.22490314;-0.17197549,0.62247783,-0.2244942;-0.18311537,0.62247783,-0.22008538
0.35140567,0.62247783,-0.04924637;0.34777173,0.62247783,-0.04065587;0.34641793,0.62247783,-0.0382516;0.34753371,0.62247783,-0.03583343;0.34809701,0.62247783,-0.03500509;0.3551419,0.62247783,-0.02460998;0.35815569,0.62247783,-0.01845504;0.35993393,0.62247783,-0.01265064;0.3626051,0.62247783,-0.00139526;0.35918839,0.62247783,0.00908387;0.3525328,0.62247783,0.01838605;0.35193316,0.62247783,0.01973105;0.35087238,0.62247783,0.03084025;0.34847903,0.62247783,0.03871801;0.34589523,0.62247783,0.04292886;0.33982113,0.62247783,0.04924084;0.32879029,0.62247783,0.05191624;0.3192895,0.62247783,0.05259563;0.31164471,0.62247783,0.05320775;0.29462632,0.62247783,0.05571724;0.2789319,0.62247783,0.0598141;0.26432116,0.62247783,0.05888749;0.26305752,0.62247783,0.05766503;0.2595638,0.62247783,0.04342561;0.25927503,0.62247783,0.04081415;0.25840552,0.62247783,0.02549116;0.25852928,0.62247783,0.01668836;0.26038976,0.62247783,-0.00025438;0.26132683,0.62247783,-0.0156124;0.26222032,0.62247783,-0.02162532;0.2656128,0.62247783,-0.03011919;0.26985423,0.62247783,-0.03599403;0.27716411,0.62247783,-0.04327286;0.28181023,0.62247783,-0.04716626;0.28334118,0.62247783,-0.05180104;0.28834366,0.62247783,-0.06073046;0.29684039,0.62247783,-0.06522973;0.30840019,0.62247783,-0.06865771;0.30932442,0.62247783,-0.0689194;0.32380256,0.62247783,-0.07259713;0.33585212,0.62247783,-0.06886754;0.34434981,0.62247783,-0.06408162;0.34722289,0.62247783,-0.06112181;0.35135951,0.62247783,-0.05410146
0.02762153,0.62247783,0.06059397;0.0436913,0.62247783,0.05466323;0.04635145,0.62247783,0.05351137;0.05770244,0.62247783,0.04745845;0.06419244,0.62247783,0.04491089;0.06830768,0.62247783,0.04379077;0.08168024,0.62247783,0.0415588;0.09635914,0.62247783,0.04341004;0.09898648,0.62247783,0.04372152;0.10085284,0.62247783,0.0433312;0.10613866,0.62247783,0.04136145;0.11433051,0.62247783,0.03713784;0.12355637,0.62247783,0.03286155;0.13441017,0.62247783,0.03555237;0.13527988,0.62247783,0.03599192;0.14382346,0.62247783,0.04364837;0.15321769,0.62247783,0.05035126;0.15585416,0.62247783,0.05315964;0.16156094,0.62247783,0.05811854;0.1675198,0.62247783,0.06233192;0.176855,0.62247783,0.07099972;0.17900701,0.62247783,0.0758656;0.18038545,0.62247783,0.08611919;0.17935441,0.62247783,0.09636625;0.17218404,0.62247783,0.10076644;0.16741256,0.62247783,0.10722463;0.16643784,0.62247783,0.10894914;0.16144579,0.62247783,0.11628057;0.15660294,0.62247783,0.12322272;0.15394333,0.62247783,0.12515108;0.14935793,0.62247783,0.1272045;0.13728591,0.62247783,0.132393;0.13278166,0.62247783,0.13445919;0.12188561,0.62247783,0.1381314;0.11166797,0.62247783,0.14170361;0.10827201,0.62247783,0.14244861;0.09543091,0.62247783,0.14395582;0.07739938,0.62247783,0.14582886;0.06387895,0.62247783,0.14660487;0.05872168,0.62247783,0.14676969;0.04698806,0.62247783,0.14787619;0.03797872,0.62247783,0.14855506;0.02934145,0.62247783,0.14895973;0.0168048,0.62247783,0.14999813;0.01259152,0.62247783,0.15007682;-0.00147097,0.62247783,0.14898036;-0.00426032,0.62247783,0.14894447;-0.01798633,0.62247783,0.15029601;-0.0309222,0.62247783,0.15249613;-0.03451484,0.62247783,0.15298749;-0.03813138,0.62247783,0.15248133;-0.04924462,0.62247783,0.15038635;-0.06188285,0.62247783,0.14942431;-0.06548218,0.62247783,0.14930322;-0.0834356,0.62247783,0.14886338;-0.08620518,0.62247783,0.14810136;-0.09954912,0.62247783,0.14171387;-0.1137433,0.62247783,0.13509977;-0.11495819,0.62247783,0.13451483;-0.13127329,0.62247783,0.12659024;-0.13830433,0.62247783,0.12167778;-0.14332398,0.62247783,0.11669427;-0.1467294,0.62247783,0.11284683;-0.14921791,0.62247783,0.10935739;-0.1553879,0.62247783,0.09844093;-0.15890604,0.62247783,0.0903914;-0.16143686,0.62247783,0.07718153;-0.1621514,0.62247783,0.07351478;-0.16107824,0.62247783,0.0702677;-0.15741644,0.62247783,0.06099212;-0.15476858,0.62247783,0.05486137;-0.15334773,0.62247783,0.05249447;-0.1444024,0.62247783,0.04252807;-0.14015536,0.62247783,0.04053905;-0.1314249,0.62247783,0.04080033;-0.12537726,0.62247783,0.04235341;-0.11988807,0.62247783,0.04240617;-0.10709257,0.62247783,0.04499962;-0.10014621,0.62247783,0.0457646;-0.0904667,0.62247783,0.04610952;-0.07927762,0.62247783,0.04835409;-0.07589786,0.62247783,0.04964624;-0.06622196,0.62247783,0.05369888;-0.05758052,0.62247783,0.05518668;-0.04406292,0.62247783,0.05874163;-0.03921817,0.62247783,0.05974803;-0.03648127,0.62247783,0.06031928;-0.01996194,0.62247783,0.06283531;-0.01262075,0.62247783,0.06406255;0.00076636,0.62247783,0.0647427;0.00743614,0.62247783,0.06453599;0.0210409,0.62247783,0.06210599
-0.28047472,0.62247783,-0.00969299;-0.27863342,0.62247783,-0.00709071;-0.27513012,0.62247783,-0.00705055;-0.26772579,0.62247783,-0.00643533;-0.26409865,0.62247783,-0.00237993;-0.26345733,0.62247783,0.00207442;-0.26831756,0.62247783,0.01349081;-0.27059046,0.62247783,0.01609409;-0.27258217,0.62247783,0.01872563;-0.28307471,0.62247783,0.02600994;-0.29209764,0.62247783,0.0304998;-0.29854604,0.62247783,0.03044836;-0.30520264,0.62247783,0.02875264;-0.30679008,0.62247783,0.02323403;-0.30985366,0.62247783,0.01540891;-0.31704869,0.62247783,0.00808071;-0.32129287,0.62247783,0.00442462;-0.33204535,0.62247783,-0.00566058;-0.33302763,0.62247783,-0.00690516;-0.33299431,0.62247783,-0.00782925;-0.33100944,0.62247783,-0.01284225;-0.3265569,0.62247783,-0.01860717;-0.31550909,0.62247783,-0.02372854;-0.30956808,0.62247783,-0.02611109;-0.29976993,0.62247783,-0.02997599;-0.29651607,0.62247783,-0.02990409;-0.28617017,0.62247783,-0.02564669;-0.28174803,0.62247783,-0.02069308;-0.28079633,0.62247783,-0.01240041
-0.62247783,-0.06105974,0.49305883;-0.62247783,-0.05300452,0.4905027;-0.62247783,-0.04489344,0.48813477;-0.62247783,-0.03016728,0.48469431;-0.62247783,-0.02826023,0.48442092;-0.62247783,-0.00960159,0.4832244;-0.62247783,-0.00824547,0.48318576;-0.62247783,0.00945437,0.4831584;-0.62247783,0.01109937,0.48322514;-0.62247783,0.02043075,0.48433832;-0.62247783,0.02835426,0.48558655;-0.62247783,0.03034077,0.48597919;-0.62247783,0.04460006,0.48947413;-0.62247783,0.05367858,0.49215557;-0.62247783,0.06079962,0.49470096;-0.62247783,0.06851126,0.49794867;-0.62247783,0.07566467,0.50125033;-0.62247783,0.08681414,0.50567574;-0.62247783,0.09192318,0.50795784;-0.62247783,0.09375469,0.50921664;-0.62247783,0.111022,0.52246535;-0.62247783,0.1136233,0.52448037;-0.62247783,0.11525435,0.52730135;-0.62247783,0.11276951,0.5298622;-0.62247783,0.1103262,0.53062421;-0.62247783,0.08084178,0.53899141;-0.62247783,0.0700385,0.54055553;-0.62247783,0.04590504,0.54248004;-0.62247783,-0.04361914,0.5430797;-0.62247783,-0.0696429,0.54168372;-0.62247783,-0.08058399,0.54053391;-0.62247783,-0.11070223,0.53420037;-0.62247783,-0.11408344,0.53334954;-0.62247783,-0.11703327,0.53048146;-0.62247783,-0.11491468,0.52667562;-0.62247783,-0.11027428,0.52235111;-0.62247783,-0.09224021,0.5102987;-0.62247783,-0.07714537,0.49892757;-0.62247783,-0.07518985,0.49788559
-0.62247783,-0.08401873,-0.23437941;-0.62247783,-0.07318727,-0.21629325;-0.62247783,-0.0717174,-0.21422385;-0.62247783,-0.05782592,-0.19722718;-0.62247783,-0.05679805,-0.19583612;-0.62247783,-0.05922936,-0.19622098;-0.62247783,-0.07476775,-0.20083167;-0.62247783,-0.08443567,-0.20355372;-0.62247783,-0.09181516,-0.21068026;-0.62247783,-0.09418691,-0.21241375;-0.62247783,-0.09832506,-0.21262505;-0.62247783,-0.10060877,-0.20964194;-0.62247783,-0.10572957,-0.20215252;-0.62247783,-0.10717418,-0.20128815;-0.62247783,-0.11543973,-0.20136337;-0.62247783,-0.11828481,-0.20288958;-0.62247783,-0.12312161,-0.20934433;-0.62247783,-0.12533955,-0.21606839;-0.62247783,-0.12601599,-0.22429829;-0.62247783,-0.12936941,-0.23286876;-0.62247783,-0.12938581,-0.23424165;-0.62247783,-0.12752882,-0.23501942;-0.62247783,-0.12221645,-0.23678453;-0.62247783,-0.11325009,-0.24231787;-0.62247783,-0.10858205,-0.25298572;-0.62247783,-0.10476168,-0.25900648;-0.62247783,-0.09879929,-0.26382621;-0.62247783,-0.09416247,-0.25715483;-0.62247783,-0.09354497,-0.25581277;-0.62247783,-0.08541684,-0.23715718
-0.62247783,0.100426,-0.19287157;-0.62247783,0.09251373,-0.18712566;-0.62247783,0.09098333,-0.18624888;-0.62247783,0.08219474,-0.18236246;-0.62247783,0.0777724,-0.18123553;-0.62247783,0.06535853,-0.179099;-0.62247783,0.06383827,-0.17883016;-0.62247783,0.06167033,-0.17875016;-0.62247783,0.04754243,-0.17975649;-0.62247783,0.04264238,-0.18056255;-0.62247783,0.03738045,-0.18369725;-0.62247783,0.04162917,-0.18871383;-0.62247783,0.04253001,-0.18954208;-0.62247783,0.0600894,-0.20587032;-0.62247783,0.07326489,-0.22064142;-0.62247783,0.07584533,-0.22408587;-0.62247783,0.08647795,-0.24123966;-0.62247783,0.08784272,-0.24401582;-0.62247783,0.09587031,-0.26406175;-0.62247783,0.09750417,-0.26771216;-0.62247783,0.09952921,-0.26698367;-0.62247783,0.10066983,-0.26524942;-0.62247783,0.10379542,-0.25906972;-0.62247783,0.10784331,-0.25029283;-0.62247783,0.11265037,-0.23978163;-0.62247783,0.11398145,-0.23641808;-0.62247783,0.11479518,-0.23296055;-0.62247783,0.11592606,-0.22502722;-0.62247783,0.11590758,-0.22236808;-0.62247783,0.11398917,-0.21396656;-0.62247783,0.10961,-0.20309902;-0.62247783,0.10212713,-0.1942914
-0.62247783,0.13016128,-0.73752269;-0.62247783,0.11303277,-0.72589235;-0.62247783,0.09360229,-0.71537463;-0.62247783,0.07418835,-0.70631912;-0.62247783,0.04791476,-0.69538308;-0.62247783,0.03897154,-0.6923371;-0.62247783,0.02243593,-0.68768031;-0.62247783,0.00085192,-0.68279457;-0.62247783,-0.01076618,-0.68148458;-0.62247783,-0.03264851,-0.68220985;-0.62247783,-0.04310512,-0.68376806;-0.62247783,-0.05541372,-0.6857831;-0.62247783,-0.07826384,-0.69112028;-0.62247783,-0.09961151,-0.69890609;-0.62247783,-0.10808324,-0.70280205;-0.62247783,-0.12367693,-0.71072354;-0.62247783,-0.13908685,-0.71937332;-0.62247783,-0.15038107,-0.72632952;-0.62247783,-0.16619512,-0.73886776;-0.62247783,-0.18693221,-0.75907396;-0.62247783,-0.18969153,-0.7640173;-0.62247783,-0.19664067,-0.79070069;-0.62247783,-0.19303428,-0.81679933;-0.62247783,-0.19106615,-0.8190776;-0.62247783,-0.15882616,-0.82847766;-0.62247783,-0.1539719,-0.82931806;-0.62247783,-0.12242587,-0.83263117;-0.62247783,-0.11374819,-0.83319639;-0.62247783,-0.08428976,-0.83476695;-0.62247783,-0.07338563,-0.83507664;-0.62247783,-0.04541848,-0.83559496;-0.62247783,0.00607866,-0.83577318;-0.62247783,0.03374875,-0.83547141;-0.62247783,0.04510817,-0.83524378;-0.62247783,0.07401399,-0.83408132;-0.62247783,0.08364179,-0.83365408;-0.62247783,0.11465641,-0.8315;-0.62247783,0.12141762,-0.83093861;-0.62247783,0.15488585,-0.82677541;-0.62247783,0.15742169,-0.82621354;-0.62247783,0.17266691,-0.81862761;-0.62247783,0.18084132,-0.80390711;-0.62247783,0.18255054,-0.79183014;-0.62247783,0.17823761,-0.78346146;-0.62247783,0.15980284,-0.76110292
-0.62247783,0.49271775,-0.6597329;-0.62247783,0.49408595,-0.65849237;-0.62247783,0.49467105,-0.65706616;-0.62247783,0.49284815,-0.65581435;-0.62247783,0.49196946,-0.65798382
0.08836654,-0.62247783,-0.27245317;0.09604362,-0.62247783,-0.26901811;0.10118073,-0.62247783,-0.26745184;0.10847603,-0.62247783,-0.26627534;0.11498967,-0.62247783,-0.26618486;0.12793853,-0.62247783,-0.26903671;0.13556308,-0.62247783,-0.27105112;0.14727535,-0.62247783,-0.27528796;0.15484909,-0.62247783,-0.27888484;0.16732668,-0.62247783,-0.28950638;0.16899331,-0.62247783,-0.29228595;0.1679639,-0.62247783,-0.29796094;0.16413638,-0.62247783,-0.30532053;0.15631729,-0.62247783,-0.31409562;0.15370622,-0.62247783,-0.31669635;0.14345105,-0.62247783,-0.32360398;0.11688653,-0.62247783,-0.3367747;0.11208273,-0.62247783,-0.33881707;0.10242589,-0.62247783,-0.34330823;0.10000107,-0.62247783,-0.34465491;0.08786784,-0.62247783,-0.35224943;0.08562861,-0.62247783,-0.35336048;0.06968548,-0.62247783,-0.35904476;0.05643146,-0.62247783,-0.36218536;0.05405077,-0.62247783,-0.3628615;0.04450313,-0.62247783,-0.36628915;0.0416489,-0.62247783,-0.36746169;0.03267529,-0.62247783,-0.37085769;0.02669826,-0.62247783,-0.37101122;0.01584665,-0.62247783,-0.37244521;0.00944565,-0.62247783,-0.37354311;0.00039124,-0.62247783,-0.37276389;-0.00264488,-0.62247783,-0.37234327;-0.01277105,-0.62247783,-0.37239199;-0.0153029,-0.62247783,-0.37276246;-0.02428125,-0.62247783,-0.3737888;-0.03167878,-0.62247783,-0.37202049;-0.04150016,-0.62247783,-0.37125982;-0.04949616,-0.62247783,-0.37099739;-0.05653301,-0.62247783,-0.36884443;-0.06159782,-0.62247783,-0.36660535;-0.07185585,-0.62247783,-0.36351609;-0.07582345,-0.62247783,-0.3628353;-0.08698251,-0.62247783,-0.36026115;-0.09001888,-0.62247783,-0.35893606;-0.10162456,-0.62247783,-0.35317243;-0.11281714,-0.62247783,-0.34608625;-0.11818423,-0.62247783,-0.34241406;-0.12308912,-0.62247783,-0.33947888;-0.13080915,-0.62247783,-0.33633782;-0.13569545,-0.62247783,-0.33406842;-0.14151924,-0.62247783,-0.32915475;-0.14786631,-0.62247783,-0.3253063;-0.15427083,-0.62247783,-0.32077122;-0.15710439,-0.62247783,-0.31674887;-0.15780919,-0.62247783,-0.31408686;-0.15531221,-0.62247783,-0.30721148;-0.14802142,-0.62247783,-0.30534297;-0.14497592,-0.62247783,-0.3045035;-0.14268499,-0.62247783,-0.30125611;-0.13808329,-0.62247783,-0.29551263;-0.13260151,-0.62247783,-0.28904251;-0.13064792,-0.62247783,-0.28788327;-0.12891489,-0.62247783,-0.28789349;-0.11622022,-0.62247783,-0.28913908;-0.10559415,-0.62247783,-0.28740929;-0.10192593,-0.62247783,-0.28651372;-0.10070334,-0.62247783,-0.28631066;-0.08014522,-0.62247783,-0.28449173;-0.07204741,-0.62247783,-0.28398535;-0.06319363,-0.62247783,-0.28287012;-0.05690762,-0.62247783,-0.28216754;-0.04397273,-0.62247783,-0.28241683;-0.0410133,-0.62247783,-0.28265754;-0.02478396,-0.62247783,-0.28349273;-0.02300338,-0.62247783,-0.28367693;-0.00841246,-0.62247783,-0.28573628;-0.00199859,-0.62247783,-0.28577361;0.00879322,-0.62247783,-0.28384475;0.01592663,-0.62247783,-0.28312917;0.02273685,-0.62247783,-0.28266829;0.03923784,-0.62247783,-0.28046729;0.04122197,-0.62247783,-0.2802646;0.05781556,-0.62247783,-0.27898711;0.05915687,-0.62247783,-0.27884662;0.07524109,-0.62247783,-0.27634164
-0.24323647,-0.62247783,0.2590421;-0.25576376,-0.62247783,0.25569822;-0.26748325,-0.62247783,0.25345262;-0.27040851,-0.62247783,0.25313895;-0.27657846,-0.62247783,0.25266952;-0.28445903,-0.62247783,0.25243933;-0.28807104,-0.62247783,0.25258476;-0.30007587,-0.62247783,0.25390385;-0.30830982,-0.62247783,0.25452779;-0.3212925,-0.62247783,0.25792124;-0.32569581,-0.62247783,0.2597813;-0.33907751,-0.62247783,0.26733555;-0.34207949,-0.62247783,0.26971212;-0.35170183,-0.62247783,0.28116336;-0.35552889,-0.62247783,0.286796;-0.36045889,-0.62247783,0.29656448;-0.36424924,-0.62247783,0.30539411;-0.36712599,-0.62247783,0.31545715;-0.36879595,-0.62247783,0.32300987;-0.37181868,-0.62247783,0.33676541;-0.3726245,-0.62247783,0.3421065;-0.37064947,-0.62247783,0.34877948;-0.36544682,-0.62247783,0.35805659;-0.35848102,-0.62247783,0.36680379;-0.35216273,-0.62247783,0.37431073;-0.34648922,-0.62247783,0.38463615;-0.34439322,-0.62247783,0.38743723;-0.34139226,-0.62247783,0.3884818;-0.32971831,-0.62247783,0.3899322;-0.31713124,-0.62247783,0.38896985;-0.30989441,-0.62247783,0.38795731;-0.29576211,-0.62247783,0.38630238;-0.2925545,-0.62247783,0.38574243;-0.27632917,-0.62247783,0.38230128;-0.27070877,-0.62247783,0.38128278;-0.24445589,-0.62247783,0.37749034;-0.242142,-0.62247783,0.37727327;-0.22971983,-0.62247783,0.37650131;-0.21881082,-0.62247783,0.37498504;-0.21480371,-0.62247783,0.37460757;-0.21145281,-0.62247783,0.37483529;-0.20053754,-0.62247783,0.37598811;-0.18746233,-0.62247783,0.37659552;-0.18624864,-0.62247783,0.37660894;-0.17302648,-0.62247783,0.37622994;-0.17092568,-0.62247783,0.3762075;-0.16504478,-0.62247783,0.37599251;-0.1526452,-0.62247783,0.3752031;-0.14974285,-0.62247783,0.37520821;-0.13663955,-0.62247783,0.3756066;-0.13294436,-0.62247783,0.37568989;-0.1229701,-0.62247783,0.37667176;-0.11816366,-0.62247783,0.37767989;-0.10725181,-0.62247783,0.37919968;-0.10318335,-0.62247783,0.37984574;-0.09356882,-0.62247783,0.38237524;-0.08797017,-0.62247783,0.3843515;-0.07717666,-0.62247783,0.38646995;-0.07417049,-0.62247783,0.38699651;-0.06279366,-0.62247783,0.38965205;-0.05761384,-0.62247783,0.39085311;-0.0459696,-0.62247783,0.3921036;-0.04337708,-0.62247783,0.39235086;-0.0316585,-0.62247783,0.39396651;-0.02726968,-0.62247783,0.39463985;-0.0001634,-0.62247783,0.39630644;0.00368316,-0.62247783,0.39640545;0.01634531,-0.62247783,0.39506882;0.0178901,-0.62247783,0.39491535;0.0304248,-0.62247783,0.39434242;0.03468751,-0.62247783,0.39425418;0.04698947,-0.62247783,0.39240568;0.04820366,-0.62247783,0.39218436;0.06071748,-0.62247783,0.39008568;0.06596912,-0.62247783,0.38913164;0.07640648,-0.62247783,0.38613037;0.08040212,-0.62247783,0.38493006;0.09030437,-0.62247783,0.38322237;0.09593866,-0.62247783,0.38260004;0.10700345,-0.62247783,0.37970599;0.10929327,-0.62247783,0.37907167;0.12185317,-0.62247783,0.37674378;0.12640155,-0.62247783,0.37602563;0.13730069,-0.62247783,0.3738277;0.13996029,-0.62247783,0.37343274;0.15526501,-0.62247783,0.37137241;0.15650678,-0.62247783,0.37127367;0.1600281,-0.62247783,0.37121881;0.17252702,-0.62247783,0.37121744;0.17798263,-0.62247783,0.37178052;0.18485177,-0.62247783,0.37360567;0.19409314,-0.62247783,0.37489724;0.1997243,-0.62247783,0.37469756;0.20783117,-0.62247783,0.37365697;0.21839709,-0.62247783,0.37322923;0.22306161,-0.62247783,0.37304952;0.22761521,-0.62247783,0.3723496;0.23948677,-0.62247783,0.36922015;0.25036057,-0.62247783,0.36828663;0.25799791,-0.62247783,0.3680714;0.27067537,-0.62247783,0.36715908;0.28416177,-0.62247783,0.36497286;0.28620063,-0.62247783,0.36430883;0.30216999,-0.62247783,0.3573122;0.30502936,-0.62247783,0.35538491;0.30742827,-0.62247783,0.35042008;0.31075182,-0.62247783,0.34161921;0.31312548,-0.62247783,0.33401195;0.31561192,-0.62247783,0.32692235;0.31830812,-0.62247783,0.31639499;0.31920985,-0.62247783,0.31205734;0.3194468,-0.62247783,0.30621339;0.31903121,-0.62247783,0.29757377;0.31821648,-0.62247783,0.29327895;0.31402277,-0.62247783,0.28246863;0.31135127,-0.62247783,0.27799657;0.30155363,-0.62247783,0.26596532;0.28988783,-0.62247783,0.26174036;0.28265555,-0.62247783,0.2592805;0.27414994,-0.62247783,0.25719914;0.26816332,-0.62247783,0.25564674;0.25987854,-0.62247783,0.25373406;0.25057734,-0.62247783,0.25541686;0.23643772,-0.62247783,0.26103406;0.2341396,-0.62247783,0.26205118;0.2296294,-0.62247783,0.26265667;0.20712208,-0.62247783,0.26632208;0.20528936,-0.62247783,0.26677944;0.20290806,-0.62247783,0.268133;0.18894373,-0.62247783,0.27658167;0.18288893,-0.62247783,0.2777146;0.17552388,-0.62247783,0.27902572;0.17100509,-0.62247783,0.27996607;0.16107563,-0.62247783,0.28229913;0.15097204,-0.62247783,0.28444215;0.1453117,-0.62247783,0.28525708;0.1312832,-0.62247783,0.28457996;0.11803585,-0.62247783,0.2813345;0.11561264,-0.62247783,0.28039924;0.10626268,-0.62247783,0.2768453;0.09911595,-0.62247783,0.27629191;0.08888046,-0.62247783,0.27617197;0.08218305,-0.62247783,0.27529265;0.07369689,-0.62247783,0.27230527;0.06308272,-0.62247783,0.26895974;0.05553187,-0.62247783,0.26770253;0.04062357,-0.62247783,0.2639589;0.03868698,-0.62247783,0.26357526;0.03560049,-0.62247783,0.26323003;0.02080805,-0.62247783,0.26300679;0.01738239,-0.62247783,0.26294777;-0.000464,-0.62247783,0.2620966;-0.0038787,-0.62247783,0.2619277;-0.01958763,-0.62247783,0.26163424;-0.02431459,-0.62247783,0.26162729;-0.04307067,-0.62247783,0.26146289;-0.04416355,-0.62247783,0.26153011;-0.06031494,-0.62247783,0.26385864;-0.06448503,-0.62247783,0.26430289;-0.08059059,-0.62247783,0.26865946;-0.08186141,-0.62247783,0.26892809;-0.09667043,-0.62247783,0.27082818;-0.10792681,-0.62247783,0.26865975;-0.11053215,-0.62247783,0.26838955;-0.11578959,-0.62247783,0.26908855;-0.12604938,-0.62247783,0.27175587;-0.12791763,-0.62247783,0.27234655;-0.14136326,-0.62247783,0.27744011;-0.1473476,-0.62247783,0.27868837;-0.15533383,-0.62247783,0.27922428;-0.1604054,-0.62247783,0.27809926;-0.17147005,-0.62247783,0.27417637;-0.1782946,-0.62247783,0.27221258;-0.18793739,-0.62247783,0.27071905;-0.19723477,-0.62247783,0.26993109;-0.20368536,-0.62247783,0.26967925;-0.21320352,-0.62247783,0.268467;-0.21853355,-0.62247783,0.26709894;-0.22704331,-0.62247783,0.26394654;-0.22996955,-0.62247783,0.26295606
0.05322658,-0.62247783,0.08950039;0.03743868,-0.62247783,0.08717698;0.03483646,-0.62247783,0.08704138;0.03099711,-0.62247783,0.08857401;0.02181917,-0.62247783,0.09414767;0.01053795,-0.62247783,0.09261684;0.00652284,-0.62247783,0.09242717;0.00225198,-0.62247783,0.09332342;-0.00878302,-0.62247783,0.09760403;-0.01953812,-0.62247783,0.09226036;-0.02310894,-0.62247783,0.0912598;-0.02558936,-0.62247783,0.09139308;-0.04128204,-0.62247783,0.09360568;-0.04570033,-0.62247783,0.09248065;-0.0549108,-0.62247783,0.08970189;-0.06417071,-0.62247783,0.09041741;-0.0721318,-0.62247783,0.09186354;-0.08023482,-0.62247783,0.09607369;-0.08340568,-0.62247783,0.10151514;-0.08200774,-0.62247783,0.10918853;-0.07311498,-0.62247783,0.10921709;-0.06336178,-0.62247783,0.10742459;-0.05898059,-0.62247783,0.10606058;-0.0489761,-0.62247783,0.10578742;-0.04233844,-0.62247783,0.10811627;-0.03334464,-0.62247783,0.11075561;-0.02687949,-0.62247783,0.11055378;-0.00931119,-0.62247783,0.11027665;0.00623208,-0.62247783,0.11223527;0.00827606,-0.62247783,0.11236578;0.02122307,-0.62247783,0.11077548;0.02629114,-0.62247783,0.1096254;0.03940551,-0.62247783,0.10975826;0.04957574,-0.62247783,0.11366434;0.05313505,-0.62247783,0.11419216;0.05567696,-0.62247783,0.1133818;0.05730034,-0.62247783,0.10897484;0.05814405,-0.62247783,0.09504622;0.05810138,-0.62247783,0.09194206;0.05622783,-0.62247783,0.08954375
-0.58462009,-0.62247783,-0.60057048;-0.57718691,-0.62247783,-0.56645089;-0.57303889,-0.62247783,-0.5534122;-0.56539669,-0.62247783,-0.53448844;-0.55178582,-0.62247783,-0.50794647;-0.5496434,-0.62247783,-0.50493098;-0.52651582,-0.62247783,-0.4802627;-0.51807084,-0.62247783,-0.47397249;-0.49633661,-0.62247783,-0.4616064;-0.48482752,-0.62247783,-0.45800102;-0.46776521,-0.62247783,-0.45933869;-0.45281079,-0.62247783,-0.4632916;-0.43133891,-0.62247783,-0.46828494;-0.42447296,-0.62247783,-0.47059529;-0.42149542,-0.62247783,-0.47294521;-0.3981282,-0.62247783,-0.4947374;-0.39520227,-0.62247783,-0.49695314;-0.37406687,-0.62247783,-0.50880821;-0.36256224,-0.62247783,-0.51641919;-0.34562383,-0.62247783,-0.52646751;-0.31974393,-0.62247783,-0.54011991;-0.31525263,-0.62247783,-0.54242941;-0.31118086,-0.62247783,-0.54413099;-0.27214414,-0.62247783,-0.56001505;-0.25138491,-0.62247783,-0.56664581;-0.24299372,-0.62247783,-0.56835346;-0.21480285,-0.62247783,-0.57321657;-0.2103082,-0.62247783,-0.57386757;-0.20894364,-0.62247783,-0.57387448;-0.17737548,-0.62247783,-0.57252337;-0.16245585,-0.62247783,-0.57151872;-0.14750142,-0.62247783,-0.57123893;-0.12253181,-0.62247783,-0.57200921;-0.11418866,-0.62247783,-0.5716225;-0.0989897,-0.62247783,-0.56913305;-0.08621637,-0.62247783,-0.56702959;-0.07975693,-0.62247783,-0.56690464;-0.05176901,-0.62247783,-0.56833023;-0.0448751,-0.62247783,-0.56788913;-0.02329519,-0.62247783,-0.56420439;-0.00750404,-0.62247783,-0.56351663;0.01067247,-0.62247783,-0.56403029;0.02440554,-0.62247783,-0.56397144;0.04359547,-0.62247783,-0.56337219;0.05603427,-0.62247783,-0.56406332;0.0841415,-0.62247783,-0.56723679;0.08759736,-0.62247783,-0.56749;0.10153047,-0.62247783,-0.56771709;0.11804402,-0.62247783,-0.5678371;0.15066116,-0.62247783,-0.56885213;0.16507662,-0.62247783,-0.56788739;0.18128318,-0.62247783,-0.56526398;0.20136045,-0.62247783,-0.56285001;0.21356109,-0.62247783,-0.56152773;0.24365718,-0.62247783,-0.55664288;0.24571679,-0.62247783,-0.55615839;0.25723337,-0.62247783,-0.55297678;0.27884231,-0.62247783,-0.54598189;0.28298428,-0.62247783,-0.54400683;0.30843833,-0.62247783,-0.52721712;0.31030147,-0.62247783,-0.5258767;0.33704948,-0.62247783,-0.50450967;0.33884704,-0.62247783,-0.5028176;0.35814436,-0.62247783,-0.48016152;0.36718,-0.62247783,-0.46524845;0.37470939,-0.62247783,-0.45629358;0.39293153,-0.62247783,-0.44171073;0.42049747,-0.62247783,-0.42256938;0.44985156,-0.62247783,-0.41232805;0.45279385,-0.62247783,-0.41174639;0.45659052,-0.62247783,-0.41190568;0.48695272,-0.62247783,-0.41747249;0.50133604,-0.62247783,-0.42224986;0.51991405,-0.62247783,-0.43411032;0.52853836,-0.62247783,-0.44187065;0.54924002,-0.62247783,-0.46601738;0.55209859,-0.62247783,-0.47016034;0.56538691,-0.62247783,-0.49529822;0.57282466,-0.62247783,-0.51406927;0.57717314,-0.62247783,-0.5275993;0.58528496,-0.62247783,-0.55963241;0.58579712,-0.62247783,-0.56193232;0.5870555,-0.62247783,-0.57208813;0.58888597,-0.62247783,-0.59932029;0.58893772,-0.62247783,-0.60068577;0.58963469,-0.62247783,-0.63776593;0.58958896,-0.62247783,-0.67960416;0.58849475,-0.62247783,-0.71716983;0.58837847,-0.62247783,-0.71859604;0.5855731,-0.62247783,-0.72841249;0.57535123,-0.62247783,-0.74949299;0.56173202,-0.62247783,-0.76967411;0.55450269,-0.62247783,-0.77760003;0.54983535,-0.62247783,-0.77974579;0.52114903,-0.62247783,-0.79138163;0.50283832,-0.62247783,-0.80536852;0.4938869,-0.62247783,-0.81546156;0.47292396,-0.62247783,-0.82865671;0.47025341,-0.62247783,-0.83002428;0.46728306,-0.62247783,-0.83054989;0.43624625,-0.62247783,-0.83283953;0.4287523,-0.62247783,-0.83324503;0.39978834,-0.62247783,-0.83486044;0.38903457,-0.62247783,-0.83531266;0.36144637,-0.62247783,-0.83673303;0.34851381,-0.62247783,-0.83720906;0.32294661,-0.62247783,-0.83838841;0.30813343,-0.62247783,-0.83886364;0.28434465,-0.62247783,-0.83986374;0.26785078,-0.62247783,-0.84033106;0.24565361,-0.62247783,-0.84117994;0.22765534,-0.62247783,-0.84162353;0.20685279,-0.62247783,-0.84231927;0.18757073,-0.62247783,-0.8427199;0.16794905,-0.62247783,-0.84327587;0.14758851,-0.62247783,-0.84361099;0.12893073,-0.62247783,-0.84401168;0.10772003,-0.62247783,-0.84421025;0.08978226,-0.62247783,-0.84433892;-0.05045722,-0.62247783,-0.84458204;-0.06808381,-0.62247783,-0.84452606;-0.08968348,-0.62247783,-0.84438491;-0.10786177,-0.62247783,-0.84407687;-0.12879078,-0.62247783,-0.84379575;-0.14776118,-0.62247783,-0.84333883;-0.16777744,-0.62247783,-0.84298633;-0.18775525,-0.62247783,-0.84240829;-0.20666954,-0.62247783,-0.84201391;-0.22783132,-0.62247783,-0.8413219;-0.24547975,-0.62247783,-0.84090494;-0.26797933,-0.62247783,-0.84010308;-0.28421847,-0.62247783,-0.83968251;-0.30816853,-0.62247783,-0.83878542;-0.32291346,-0.62247783,-0.83836777;-0.34842971,-0.62247783,-0.83733909;-0.36153435,-0.62247783,-0.83692129;-0.38881638,-0.62247783,-0.83570644;-0.40002442,-0.62247783,-0.83531502;-0.42911877,-0.62247783,-0.8339999;-0.43716514,-0.62247783,-0.83354948;-0.46754491,-0.62247783,-0.83081547;-0.47132375,-0.62247783,-0.83025849;-0.49321644,-0.62247783,-0.82436942;-0.50082846,-0.62247783,-0.8210182;-0.50391839,-0.62247783,-0.81856185;-0.52298798,-0.62247783,-0.79918042;-0.54975224,-0.62247783,-0.7840284;-0.55260555,-0.62247783,-0.78267416;-0.55864719,-0.62247783,-0.77940589;-0.57245477,-0.62247783,-0.76483074;-0.57888219,-0.62247783,-0.75328252;-0.58743081,-0.62247783,-0.72681496;-0.58860192,-0.62247783,-0.71867301;-0.58982216,-0.62247783,-0.67789403;-0.58920679,-0.62247783,-0.64033964;-0.58906024,-0.62247783,-0.63803758
0.31136362,-0.62247783,0.5351984;0.28473598,-0.62247783,0.54176032;0.26463051,-0.62247783,0.54687882;0.25056253,-0.62247783,0.55077128;0.22622127,-0.62247783,0.559542;0.21811206,-0.62247783,0.5621065;0.21544974,-0.62247783,0.56282551;0.18494809,-0.62247783,0.57109332;0.12406018,-0.62247783,0.58195295;0.07601782,-0.62247783,0.58875177;0.04011571,-0.62247783,0.59276254;0.03866676,-0.62247783,0.59287615;0.00051146,-0.62247783,0.594877;-0.00054842,-0.62247783,0.59489503;-0.03980204,-0.62247783,0.59419628;-0.07802081,-0.62247783,0.59235948;-0.07975283,-0.62247783,0.59219286;-0.11469771,-0.62247783,0.58727947;-0.15033932,-0.62247783,0.5807635;-0.16773963,-0.62247783,0.57656376;-0.18456262,-0.62247783,0.57200908;-0.2157066,-0.62247783,0.56209567;-0.21770459,-0.62247783,0.56144081;-0.2210627,-0.62247783,0.5599749;-0.25040932,-0.62247783,0.5467232;-0.2732084,-0.62247783,0.53727583;-0.28419598,-0.62247783,0.53309767;-0.30626679,-0.62247783,0.52437875;-0.31527797,-0.62247783,0.52015928;-0.32063329,-0.62247783,0.51763793;-0.34330775,-0.62247783,0.50619287;-0.36708914,-0.62247783,0.4916266;-0.37125047,-0.62247783,0.48785376;-0.37765948,-0.62247783,0.48865286;-0.39125757,-0.62247783,0.49103959;-0.41407581,-0.62247783,0.49418601;-0.41599556,-0.62247783,0.49455272;-0.45040589,-0.62247783,0.50215116;-0.45597881,-0.62247783,0.50497067;-0.4783853,-0.62247783,0.52452141;-0.48760077,-0.62247783,0.53367041;-0.49653693,-0.62247783,0.5444781;-0.5036477,-0.62247783,0.55826605;-0.51845537,-0.62247783,0.57723922;-0.53645486,-0.62247783,0.58916378;-0.54996925,-0.62247783,0.59521919;-0.56474334,-0.62247783,0.61021283;-0.57483828,-0.62247783,0.62759807;-0.58281814,-0.62247783,0.65598634;-0.58475989,-0.62247783,0.68989421;-0.57996331,-0.62247783,0.72223179;-0.57506765,-0.62247783,0.73968421;-0.57231389,-0.62247783,0.74569093;-0.56943892,-0.62247783,0.74733142;-0.54968591,-0.62247783,0.75721123;-0.54071111,-0.62247783,0.76037221;-0.5250678,-0.62247783,0.76787865;-0.51619526,-0.62247783,0.77785441;-0.50995463,-0.62247783,0.79380865;-0.50554333,-0.62247783,0.80293163;-0.49705069,-0.62247783,0.80624463;-0.48009226,-0.62247783,0.80963293;-0.46371253,-0.62247783,0.81091773;-0.44459349,-0.62247783,0.81173825;-0.42232791,-0.62247783,0.81240481;-0.40654044,-0.62247783,0.81321132;-0.38227025,-0.62247783,0.81390002;-0.36780318,-0.62247783,0.81448669;-0.34215272,-0.62247783,0.81505938;-0.32891302,-0.62247783,0.81549657;-0.30216262,-0.62247783,0.81596642;-0.28988952,-0.62247783,0.8162834;-0.26230351,-0.62247783,0.81665373;-0.25075606,-0.62247783,0.81688156;-0.22255466,-0.62247783,0.81717743;-0.21157054,-0.62247783,0.81735565;-0.18285496,-0.62247783,0.81759447;-0.17232425,-0.62247783,0.817726;-0.14321625,-0.62247783,0.81790159;-0.13302302,-0.62247783,0.8179878;-0.10363228,-0.62247783,0.81806998;-0.09369733,-0.62247783,0.81808267;0.13307905,-0.62247783,0.8179459;0.14315844,-0.62247783,0.8179181;0.17237996,-0.62247783,0.81778557;0.18281834,-0.62247783,0.81765005;0.21160547,-0.62247783,0.81738448;0.22256113,-0.62247783,0.81717758;0.25074729,-0.62247783,0.81682265;0.26238263,-0.62247783,0.8165406;0.28980673,-0.62247783,0.81608231;0.3023476,-0.62247783,0.81567716;0.32872209,-0.62247783,0.81508636;0.34249221,-0.62247783,0.81450426;0.36745318,-0.62247783,0.81376211;0.38284324,-0.62247783,0.81292233;0.40594437,-0.62247783,0.81197158;0.42303378,-0.62247783,0.81067549;0.44310642,-0.62247783,0.8094193;0.46296529,-0.62247783,0.80715624;0.47821018,-0.62247783,0.80505662;0.49909855,-0.62247783,0.79909328;0.50615944,-0.62247783,0.79617963;0.51013474,-0.62247783,0.78862881;0.52182923,-0.62247783,0.76491846;0.53766705,-0.62247783,0.74463094;0.53966899,-0.62247783,0.7364049;0.53939315,-0.62247783,0.70959189;0.53823545,-0.62247783,0.68670348;0.53678559,-0.62247783,0.67861465;0.53248696,-0.62247783,0.67003156;0.52367662,-0.62247783,0.65213266;0.51750526,-0.62247783,0.63921291;0.51251461,-0.62247783,0.62567178;0.50335447,-0.62247783,0.61460449;0.48729678,-0.62247783,0.59577268;0.47901475,-0.62247783,0.58613792;0.457259,-0.62247783,0.5671513;0.45213769,-0.62247783,0.56286363;0.44911254,-0.62247783,0.560832;0.42200343,-0.62247783,0.54422663;0.39653158,-0.62247783,0.53374982;0.3915301,-0.62247783,0.53273019;0.35472482,-0.62247783,0.53087034;0.31917597,-0.62247783,0.53389814
0.08658274,-0.62247783,0.09375884;0.09057375,-0.62247783,0.09284381;0.08793922,-0.62247783,0.08877742;0.08511358,-0.62247783,0.08695246;0.08273814,-0.62247783,0.08960167;0.08379238,-0.62247783,0.0930997
-0.00990109,-0.62247783,-0.0739456;-0.00843481,-0.62247783,-0.07476527;-0.00351259,-0.62247783,-0.07863196;0.00278395,-0.62247783,-0.08532044;0.00336418,-0.62247783,-0.08617913;0.00260136,-0.62247783,-0.08705049;0.00141129,-0.62247783,-0.08707295;-0.01191686,-0.62247783,-0.08626035;-0.01495566,-0.62247783,-0.08567944;-0.02115273,-0.62247783,-0.08311605;-0.02454014,-0.62247783,-0.08064477;-0.02587663,-0.62247783,-0.07559695;-0.02082649,-0.62247783,-0.07238254
-0.33857692,-0.62247783,0.4279256;-0.33825267,-0.62247783,0.42653942;-0.33944706,-0.62247783,0.4239226;-0.34224118,-0.62247783,0.42481869;-0.34309376,-0.62247783,0.42739921;-0.342742,-0.62247783,0.43289313
-0.17425677,-0.62247783,-0.2975355;-0.17697363,-0.62247783,-0.29956113;-0.1782066,-0.62247783,-0.29933757;-0.17822683,-0.62247783,-0.298402;-0.17671942,-0.62247783,-0.29569875
0.62247783,0.09865359,-0.2312347;0.62247783,0.0993597,-0.23780405;0.62247783,0.09876154,-0.24204455;0.62247783,0.09528412,-0.24776405;0.62247783,0.0894757,-0.23985136;0.62247783,0.08882421,-0.2388969;0.62247783,0.07691537,-0.22192038;0.62247783,0.07502833,-0.21964055;0.62247783,0.06036237,-0.20480667;0.62247783,0.05767109,-0.20261271;0.62247783,0.04020738,-0.19102226;0.62247783,0.03770071,-0.18980424;0.62247783,0.01692266,-0.18249645;0.62247783,0.01520318,-0.18215629;0.62247783,-0.00782441,-0.18059065;0.62247783,-0.00892224,-0.18067874;0.62247783,-0.03197169,-0.18583501;0.62247783,-0.03307479,-0.1862596;0.62247783,-0.05329488,-0.19769217;0.62247783,-0.05492271,-0.19890574;0.62247783,-0.07075566,-0.21426931;0.62247783,-0.07255489,-0.21643877;0.62247783,-0.08432189,-0.23403979;0.62247783,-0.08548847,-0.23617956;0.62247783,-0.09349606,-0.25380686;0.62247783,-0.09693376,-0.26049785;0.62247783,-0.10026056,-0.25766977;0.62247783,-0.1016316,-0.25448872;0.62247783,-0.10157487,-0.24959313;0.62247783,-0.10290256,-0.23714504;0.62247783,-0.10766054,-0.22395044;0.62247783,-0.10823896,-0.22281269;0.62247783,-0.10951685,-0.2193419;0.62247783,-0.10665115,-0.2183919;0.62247783,-0.10494611,-0.21823288;0.62247783,-0.09562314,-0.21422033;0.62247783,-0.09277404,-0.21003123;0.62247783,-0.09163418,-0.20012212;0.62247783,-0.09159714,-0.19702216;0.62247783,-0.09106351,-0.1943593;0.62247783,-0.08851956,-0.19393311;0.62247783,-0.08587022,-0.19388328;0.62247783,-0.07532934,-0.19276659;0.62247783,-0.06873317,-0.19003459;0.62247783,-0.06079671,-0.18531684;0.62247783,-0.05159379,-0.1810665;0.62247783,-0.04272786,-0.17816716;0.62247783,-0.0358665,-0.17638672;0.62247783,-0.02088199,-0.16923859;0.62247783,-0.00795613,-0.16880819;0.62247783,0.00830885,-0.16336352;0.62247783,0.00929171,-0.16332081;0.62247783,0.02103095,-0.16714799;0.62247783,0.03748844,-0.16818202;0.62247783,0.04152975,-0.16892025;0.62247783,0.05027254,-0.17248861;0.62247783,0.06168285,-0.18015107;0.62247783,0.06335566,-0.18100297;0.62247783,0.06595435,-0.18123485;0.62247783,0.077022,-0.18205561;0.62247783,0.08092708,-0.18338278;0.62247783,0.08435766,-0.18802638;0.62247783,0.08525414,-0.19770381;0.62247783,0.0855117,-0.1993465;0.62247783,0.08624401,-0.19999793;0.62247783,0.09006428,-0.20097964;0.62247783,0.09872624,-0.2007836;0.62247783,0.10427988,-0.20442972;0.62247783,0.10187184,-0.21140049;0.62247783,0.1007874,-0.21384671;0.62247783,0.09857696,-0.22341307
0.62247783,-0.05753625,0.50188569;0.62247783,-0.06210465,0.50233833;0.62247783,-0.0748351,0.50456904;0.62247783,-0.08971525,0.50999083;0.62247783,-0.09155045,0.51069475;0.62247783,-0.09361791,0.51159311;0.62247783,-0.10940562,0.52094052;0.62247783,-0.11455167,0.52524589;0.62247783,-0.1167322,0.53012241;0.62247783,-0.11302731,0.53313008;0.62247783,-0.10999182,0.53393978;0.62247783,-0.08019933,0.5409654;0.62247783,-0.06961949,0.54232592;0.62247783,-0.04280969,0.54472164;0.62247783,-0.02977729,0.54528715;0.62247783,-0.00495055,0.54591324;0.62247783,0.00866375,0.5457655;0.62247783,0.03357661,0.54440171;0.62247783,0.04491495,0.54344942;0.62247783,0.0683769,0.53937389;0.62247783,0.07477846,0.53764333;0.62247783,0.09065942,0.52708704;0.62247783,0.08289196,0.51562793;0.62247783,0.07853259,0.51128136;0.62247783,0.07222706,0.5079604;0.62247783,0.06541003,0.50596594;0.62247783,0.05641494,0.50450142;0.62247783,0.04051276,0.50126475;0.62247783,0.03902585,0.50103722;0.62247783,0.00407694,0.49672475;0.62247783,-0.00357476,0.49623415;0.62247783,-0.01621063,0.49663237;0.62247783,-0.02213905,0.4969511;0.62247783,-0.0368745,0.49790339;0.62247783,-0.04057093,0.49838493;0.62247783,-0.04791751,0.4999756
0.62247783,-0.04609064,-0.83649845;0.62247783,-0.07287168,-0.83601954;0.62247783,-0.08485682,-0.83569286;0.62247783,-0.11340729,-0.83419753;0.62247783,-0.12311443,-0.83366702;0.62247783,-0.15432308,-0.83108061;0.62247783,-0.16056417,-0.83048417;0.62247783,-0.1947503,-0.82577755;0.62247783,-0.19615608,-0.82544738;0.62247783,-0.20163679,-0.82051681;0.62247783,-0.20590037,-0.80136785;0.62247783,-0.20475998,-0.792375;0.62247783,-0.1893898,-0.76663444;0.62247783,-0.18328226,-0.75955542;0.62247783,-0.16236157,-0.74466816;0.62247783,-0.13556669,-0.72675936;0.62247783,-0.13428197,-0.72594339;0.62247783,-0.1329772,-0.72547826;0.62247783,-0.07980537,-0.7074827;0.62247783,-0.0759989,-0.70630275;0.62247783,-0.04503302,-0.69864425;0.62247783,-0.03876763,-0.69736389;0.62247783,-0.00547057,-0.69105184;0.62247783,-0.00133563,-0.69042088;0.62247783,0.0004628,-0.69060889;0.62247783,0.03752018,-0.69584396;0.62247783,0.05078758,-0.69788205;0.62247783,0.07777296,-0.70316558;0.62247783,0.09068111,-0.70615887;0.62247783,0.1110857,-0.71136297;0.62247783,0.138103,-0.71961508;0.62247783,0.14143412,-0.72078384;0.62247783,0.14628481,-0.7232662;0.62247783,0.16989497,-0.73722122;0.62247783,0.19690466,-0.75525324;0.62247783,0.2012902,-0.75927948;0.62247783,0.21806016,-0.78365794;0.62247783,0.22163619,-0.79158121;0.62247783,0.22032816,-0.80372678;0.62247783,0.2127636,-0.81846711;0.62247783,0.19700102,-0.82655747;0.62247783,0.19400758,-0.82725075;0.62247783,0.16125198,-0.83159785;0.62247783,0.15367345,-0.83226047;0.62247783,0.12360108,-0.83451781;0.62247783,0.11293191,-0.83502348;0.62247783,0.08516572,-0.83625983;0.62247783,0.07257048,-0.83652566;0.62247783,0.0462443,-0.83680222
0.42050693,0.62247783,0.81287548;0.40498946,0.62247783,0.81360432;0.38089057,0.62247783,0.81417147;0.36777096,0.62247783,0.81455384;0.3421951,0.62247783,0.81500124;0.32882805,0.62247783,0.81538773;0.30225045,0.62247783,0.81580519;0.28976976,0.62247783,0.81609963;0.26242526,0.62247783,0.81644469;0.25063052,0.62247783,0.8166699;0.22268073,0.62247783,0.81695751;0.21144501,0.62247783,0.81713779;0.18298054,0.62247783,0.817372;0.17219569,0.62247783,0.81750419;0.14334497,0.62247783,0.81767611;0.13289579,0.62247783,0.81776343;0.10375955,0.62247783,0.81783917;0.09357132,0.62247783,0.81784586;-0.17232683,0.62247783,0.81755984;-0.18282601,0.62247783,0.81752556;-0.21159756,0.62247783,0.8173811;-0.22251148,0.62247783,0.81722788;-0.25079898,0.62247783,0.81695805;-0.2622484,0.62247783,0.81674414;-0.28994534,0.62247783,0.81639311;-0.30208161,0.62247783,0.81609696;-0.3289943,0.62247783,0.81564836;-0.3420436,0.62247783,0.81523624;-0.3679117,0.62247783,0.81467911;-0.38214462,0.62247783,0.81411529;-0.40666633,0.62247783,0.81343723;-0.42187411,0.62247783,0.81267363;-0.44424052,0.62247783,0.81167964;-0.46225646,0.62247783,0.81007827;-0.48086729,0.62247783,0.80810692;-0.49716969,0.62247783,0.80409755;-0.50885844,0.62247783,0.79947254;-0.51615699,0.62247783,0.78779765;-0.52765487,0.62247783,0.77194687;-0.5466133,0.62247783,0.75949042;-0.56785795,0.62247783,0.74841492;-0.581635,0.62247783,0.72868204;-0.58208971,0.62247783,0.72616545;-0.57868463,0.62247783,0.69551199;-0.57490948,0.62247783,0.67854891;-0.56917827,0.62247783,0.66261375;-0.55750262,0.62247783,0.64001741;-0.55147014,0.62247783,0.62979682;-0.54654695,0.62247783,0.62352145;-0.53378473,0.62247783,0.60835993;-0.51983808,0.62247783,0.59509112;-0.51238556,0.62247783,0.58987802;-0.50291355,0.62247783,0.58197076;-0.48736603,0.62247783,0.57070794;-0.47149466,0.62247783,0.56120507;-0.45816077,0.62247783,0.55435944;-0.42637017,0.62247783,0.54318721;-0.38997113,0.62247783,0.53739795;-0.3482095,0.62247783,0.53630245;-0.32419003,0.62247783,0.53778313;-0.30876343,0.62247783,0.54015406;-0.28808224,0.62247783,0.54490561;-0.26229874,0.62247783,0.5524911;-0.25393795,0.62247783,0.55540035;-0.24072048,0.62247783,0.55967892;-0.2202657,0.62247783,0.5656235;-0.2124774,0.62247783,0.56746871;-0.18514982,0.62247783,0.57337877;-0.16781495,0.62247783,0.57687672;-0.14981663,0.62247783,0.5803295;-0.11399862,0.62247783,0.58636183;-0.08038039,0.62247783,0.59106055;-0.07746802,0.62247783,0.59133364;-0.0015624,0.62247783,0.59644357;0.00164346,0.62247783,0.59657877;0.03798368,0.62247783,0.59643086;0.04078084,0.62247783,0.5963163;0.07893513,0.62247783,0.59335951;0.11577002,0.62247783,0.58882468;0.15130853,0.62247783,0.58259745;0.16623727,0.62247783,0.57925639;0.18580069,0.62247783,0.57435163;0.21276999,0.62247783,0.56676501;0.21965225,0.62247783,0.56463607;0.23354152,0.62247783,0.55915591;0.25115037,0.62247783,0.55085215;0.26840769,0.62247783,0.54217067;0.28138462,0.62247783,0.53605882;0.30240995,0.62247783,0.52647129;0.31277871,0.62247783,0.52097638;0.32619594,0.62247783,0.51351891;0.34263727,0.62247783,0.50665003;0.37151865,0.62247783,0.50187304;0.41051543,0.62247783,0.50035749;0.41354325,0.62247783,0.50083992;0.4389814,0.62247783,0.51179531;0.46814008,0.62247783,0.52997397;0.46906431,0.62247783,0.53062374;0.49250326,0.62247783,0.54950504;0.50015522,0.62247783,0.5599388;0.51701983,0.62247783,0.58052486;0.53661755,0.62247783,0.59577589;0.54315507,0.62247783,0.60000673;0.56286986,0.62247783,0.62074327;0.57062219,0.62247783,0.63004171;0.58325729,0.62247783,0.65169628;0.585343,0.62247783,0.65656388;0.59035174,0.62247783,0.67867576;0.5916066,0.62247783,0.689652;0.59105534,0.62247783,0.70422811;0.58750133,0.62247783,0.72322071;0.57708968,0.62247783,0.74563458;0.56687377,0.62247783,0.75124345;0.54974896,0.62247783,0.75826083;0.5406611,0.62247783,0.76101807;0.52510136,0.62247783,0.76808006;0.51666936,0.62247783,0.77779007;0.51057038,0.62247783,0.79339478;0.50588053,0.62247783,0.80301067;0.49685,0.62247783,0.80643218;0.47865867,0.62247783,0.80974164;0.46201646,0.62247783,0.81104684;0.44247176,0.62247783,0.81214585
-0.28490782,0.62247783,0.25656572;-0.27091461,0.62247783,0.25666161;-0.2639386,0.62247783,0.25712605;-0.2576948,0.62247783,0.25811073;-0.24342379,0.62247783,0.26055765;-0.23055429,0.62247783,0.26440022;-0.22482267,0.62247783,0.26592245;-0.21770699,0.62247783,0.26773856;-0.2106974,0.62247783,0.26913753;-0.20356394,0.62247783,0.2705735;-0.19561589,0.62247783,0.27214482;-0.1852309,0.62247783,0.27440608;-0.17148704,0.62247783,0.27543476;-0.15785847,0.62247783,0.27398592;-0.15491582,0.62247783,0.27359305;-0.15130034,0.62247783,0.27351907;-0.14070937,0.62247783,0.27436392;-0.12634124,0.62247783,0.27597075;-0.12269491,0.62247783,0.27583093;-0.11283608,0.62247783,0.27525673;-0.09682076,0.62247783,0.27394301;-0.0860288,0.62247783,0.27350841;-0.08151158,0.62247783,0.27365669;-0.07515377,0.62247783,0.2738678;-0.06637006,0.62247783,0.27399413;-0.05465659,0.62247783,0.27238989;-0.05090404,0.62247783,0.27209344;-0.04041324,0.62247783,0.27184942;-0.02929244,0.62247783,0.27214306;-0.02265812,0.62247783,0.27241775;-0.01731397,0.62247783,0.27181681;-0.00482958,0.62247783,0.27068742;0.00024897,0.62247783,0.27047411;0.01636023,0.62247783,0.27062799;0.02024782,0.62247783,0.27077736;0.02418968,0.62247783,0.27033406;0.03717352,0.62247783,0.26938929;0.04415689,0.62247783,0.26932519;0.05481779,0.62247783,0.26975488;0.06485366,0.62247783,0.27056594;0.0775805,0.62247783,0.26894742;0.07884014,0.62247783,0.2688803;0.09180665,0.62247783,0.26912388;0.09437264,0.62247783,0.26955198;0.10704758,0.62247783,0.2725364;0.11438262,0.62247783,0.27244172;0.12728271,0.62247783,0.27114282;0.13004344,0.62247783,0.27098946;0.13295063,0.62247783,0.27080418;0.14640426,0.62247783,0.27025436;0.15491375,0.62247783,0.26922002;0.16084972,0.62247783,0.26830495;0.16954547,0.62247783,0.26840788;0.17620698,0.62247783,0.26940741;0.18496753,0.62247783,0.26904356;0.18950092,0.62247783,0.26838105;0.20430819,0.62247783,0.26569911;0.20544672,0.62247783,0.26548878;0.20650815,0.62247783,0.26521038;0.23038863,0.62247783,0.25808021;0.24137396,0.62247783,0.25482876;0.24684714,0.62247783,0.25365018;0.24977635,0.62247783,0.25307644;0.26027653,0.62247783,0.25198127;0.2689207,0.62247783,0.25022965;0.27342021,0.62247783,0.24915084;0.28547356,0.62247783,0.24801868;0.29396419,0.62247783,0.2426164;0.2961114,0.62247783,0.24182418;0.29765139,0.62247783,0.24196921;0.30815965,0.62247783,0.2444468;0.31229098,0.62247783,0.24588463;0.31442916,0.62247783,0.24636016;0.32705529,0.62247783,0.25093815;0.33159831,0.62247783,0.25305469;0.34030876,0.62247783,0.25931064;0.34418063,0.62247783,0.2649449;0.34848524,0.62247783,0.27117518;0.35408373,0.62247783,0.2774695;0.36222688,0.62247783,0.29050004;0.36347987,0.62247783,0.29337342;0.36792107,0.62247783,0.30660211;0.36962394,0.62247783,0.31278653;0.37204005,0.62247783,0.32483793;0.37225957,0.62247783,0.34122566;0.37395293,0.62247783,0.3565039;0.37361161,0.62247783,0.36038253;0.36918973,0.62247783,0.36400418;0.36050111,0.62247783,0.3689911;0.34315867,0.62247783,0.37713685;0.32521673,0.62247783,0.37856659;0.31812675,0.62247783,0.37863899;0.30815088,0.62247783,0.37821614;0.30412453,0.62247783,0.37742359;0.28961927,0.62247783,0.37525147;0.28116919,0.62247783,0.37375832;0.27302186,0.62247783,0.37280136;0.25903213,0.62247783,0.37143811;0.25473366,0.62247783,0.3708464;0.24018837,0.62247783,0.367933;0.2317903,0.62247783,0.36773149;0.22416425,0.62247783,0.36799439;0.21982656,0.62247783,0.3684293;0.20736549,0.62247783,0.36772307;0.20082751,0.62247783,0.36744312;0.190258,0.62247783,0.36716625;0.18020583,0.62247783,0.36856204;0.17350225,0.62247783,0.37031566;0.16382855,0.62247783,0.37216725;0.15731275,0.62247783,0.37317143;0.15429545,0.62247783,0.37393608;0.14200131,0.62247783,0.37749385;0.12939345,0.62247783,0.37949843;0.1266407,0.62247783,0.37986478;0.12505094,0.62247783,0.38021252;0.12059796,0.62247783,0.38151904;0.1107008,0.62247783,0.38414996;0.10363412,0.62247783,0.38526051;0.09655726,0.62247783,0.38626072;0.09360155,0.62247783,0.38690181;0.08501593,0.62247783,0.38939194;0.07988773,0.62247783,0.39073547;0.07469884,0.62247783,0.39165063;0.06578789,0.62247783,0.39293673;0.06288079,0.62247783,0.39341746;0.05550557,0.62247783,0.39490214;0.04910522,0.62247783,0.39588705;0.03494919,0.62247783,0.39694875;0.03223433,0.62247783,0.39724174;0.02482582,0.62247783,0.3983624;0.01773192,0.62247783,0.39928031;0.00817834,0.62247783,0.40000083;0.00298257,0.62247783,0.40017827;-0.00313454,0.62247783,0.40012453;-0.01348183,0.62247783,0.39964609;-0.02774536,0.62247783,0.39834032;-0.02969237,0.62247783,0.39819968;-0.04480804,0.62247783,0.39731934;-0.05468499,0.62247783,0.39627337;-0.05973311,0.62247783,0.3954908;-0.07596833,0.62247783,0.39247633;-0.08486003,0.62247783,0.39056441;-0.08979026,0.62247783,0.3894098;-0.0968136,0.62247783,0.38778007;-0.10640873,0.62247783,0.38553068;-0.11600853,0.62247783,0.3829337;-0.12086929,0.62247783,0.3815222;-0.12224556,0.62247783,0.38113552;-0.12595939,0.62247783,0.38014619;-0.13695833,0.62247783,0.37706061;-0.15182358,0.62247783,0.37248038;-0.16678174,0.62247783,0.36782918;-0.17795464,0.62247783,0.36524831;-0.18190413,0.62247783,0.36470097;-0.2013589,0.62247783,0.36327601;-0.21572438,0.62247783,0.36157682;-0.21862631,0.62247783,0.36120663;-0.22925668,0.62247783,0.35931644;-0.24037203,0.62247783,0.35770638;-0.2434766,0.62247783,0.35733615;-0.24682661,0.62247783,0.35726426;-0.25813807,0.62247783,0.35708816;-0.270024,0.62247783,0.35569923;-0.27252259,0.62247783,0.35522576;-0.27661054,0.62247783,0.35453875;-0.28727108,0.62247783,0.35214447;-0.29359879,0.62247783,0.34972218;-0.30205088,0.62247783,0.34493634;-0.31210986,0.62247783,0.33904172;-0.31554968,0.62247783,0.33624831;-0.32367897,0.62247783,0.32655076;-0.32720878,0.62247783,0.32024467;-0.33000477,0.62247783,0.31271594;-0.33149911,0.62247783,0.29759937;-0.32682456,0.62247783,0.28024035;-0.31874208,0.62247783,0.26819422;-0.31131085,0.62247783,0.26282806;-0.30473891,0.62247783,0.26003588;-0.30054115,0.62247783,0.2587044
-0.07268065,0.62247783,0.08092652;-0.07094242,0.62247783,0.08067961;-0.06949465,0.62247783,0.0807145;-0.06816228,0.62247783,0.08155247;-0.0572661,0.62247783,0.08804933;-0.04635574,0.62247783,0.09049474;-0.03755379,0.62247783,0.09019898;-0.0309097,0.62247783,0.09558025;-0.02466058,0.62247783,0.09925004;-0.01340998,0.62247783,0.10085192;-0.00751506,0.62247783,0.09952989;-0.00016623,0.62247783,0.10045744;0.0066291,0.62247783,0.10091064;0.01796904,0.62247783,0.1000699;0.02153723,0.62247783,0.09861783;0.02967749,0.62247783,0.09023253;0.03464091,0.62247783,0.08793181;0.03751835,0.62247783,0.08811028;0.04597106,0.62247783,0.09305238;0.04789745,0.62247783,0.09641789;0.04639765,0.62247783,0.10892827;0.03941786,0.62247783,0.11650912;0.03560995,0.62247783,0.11749832;0.0218596,0.62247783,0.11294318;0.00834333,0.62247783,0.11457355;0.00348404,0.62247783,0.11501886;-0.00773185,0.62247783,0.11373907;-0.01306727,0.62247783,0.11354946;-0.02553629,0.62247783,0.11503056;-0.04322392,0.62247783,0.11743013;-0.06018375,0.62247783,0.11682569;-0.06931447,0.62247783,0.11516729;-0.07436648,0.62247783,0.11309461;-0.08240964,0.62247783,0.10908884;-0.09644298,0.62247783,0.10489946;-0.0976524,0.62247783,0.10442312;-0.09868146,0.62247783,0.10332181;-0.09834159,0.62247783,0.10180155;-0.09482048,0.62247783,0.0896615;-0.09219312,0.62247783,0.08547728;-0.08854965,0.62247783,0.0842277
-0.03142345,0.62247783,-0.37184022;-0.02412708,0.62247783,-0.37416899;-0.01783558,0.62247783,-0.37495878;-0.01136141,0.62247783,-0.3748469;-0.00349815,0.62247783,-0.37473136;0.00226146,0.62247783,-0.37498643;0.00936457,0.62247783,-0.37498876;0.01759522,0.62247783,-0.37397805;0.02641432,0.62247783,-0.37278093;0.03292114,0.62247783,-0.37219439;0.04517005,0.62247783,-0.36948881;0.0556145,0.62247783,-0.36728315;0.05787929,0.62247783,-0.366755;0.06905405,0.62247783,-0.36404272;0.07250269,0.62247783,-0.36265903;0.08692159,0.62247783,-0.35537689;0.08800398,0.62247783,-0.35480348;0.09992956,0.62247783,-0.34842059;0.10572363,0.62247783,-0.34508787;0.11254233,0.62247783,-0.33902468;0.11593814,0.62247783,-0.33582454;0.12173326,0.62247783,-0.32508914;0.12331523,0.62247783,-0.31080858;0.12553695,0.62247783,-0.29308927;0.12665516,0.62247783,-0.27850174;0.12624429,0.62247783,-0.27746023;0.11452549,0.62247783,-0.26781669;0.10712938,0.62247783,-0.26694428;0.09594863,0.62247783,-0.26886176;0.0878657,0.62247783,-0.27221289;0.07508511,0.62247783,-0.27717576;0.06116676,0.62247783,-0.28084503;0.05654267,0.62247783,-0.28142701;0.04118782,0.62247783,-0.28189623;0.03895047,0.62247783,-0.28180448;0.03634764,0.62247783,-0.28126549;0.02283463,0.62247783,-0.27829441;0.00814559,0.62247783,-0.27690536;-0.01054919,0.62247783,-0.27524549;-0.02047688,0.62247783,-0.27476218;-0.02962859,0.62247783,-0.27488457;-0.03857722,0.62247783,-0.27584045;-0.04762409,0.62247783,-0.27637073;-0.05605694,0.62247783,-0.27707398;-0.06708294,0.62247783,-0.27862254;-0.07057745,0.62247783,-0.27912003;-0.08337916,0.62247783,-0.27955162;-0.08597107,0.62247783,-0.27991575;-0.10219081,0.62247783,-0.28392734;-0.10344792,0.62247783,-0.28428518;-0.11591104,0.62247783,-0.28875528;-0.12557738,0.62247783,-0.29128037;-0.12766785,0.62247783,-0.29281205;-0.13393809,0.62247783,-0.30252242;-0.13139101,0.62247783,-0.31103054;-0.12827798,0.62247783,-0.31425824;-0.12191695,0.62247783,-0.32076622;-0.11632881,0.62247783,-0.32831602;-0.10696239,0.62247783,-0.33476322;-0.10507632,0.62247783,-0.33597755;-0.0943171,0.62247783,-0.34392165;-0.08900347,0.62247783,-0.34729725;-0.08351999,0.62247783,-0.35072681;-0.07148238,0.62247783,-0.35782022;-0.0693306,0.62247783,-0.35883945;-0.05851314,0.62247783,-0.36297447;-0.0459136,0.62247783,-0.3679545;-0.04084875,0.62247783,-0.36939739
0.06388886,0.62247783,0.10731666;0.0624983,0.62247783,0.09462535;0.06430491,0.62247783,0.09053879;0.06912284,0.62247783,0.08478714;0.07407297,0.62247783,0.08417378;0.0850295,0.62247783,0.08254959;0.09836032,0.62247783,0.07703219;0.10035056,0.62247783,0.07627846;0.10214399,0.62247783,0.07623972;0.10409007,0.62247783,0.07810828;0.10653743,0.62247783,0.08596989;0.10230721,0.62247783,0.09301239;0.09995294,0.62247783,0.09736265;0.09875634,0.62247783,0.09987495;0.09161533,0.62247783,0.10815841;0.08545369,0.62247783,0.11322222;0.08127465,0.62247783,0.11445981;0.07250598,0.62247783,0.11282305
0.14367576,0.62247783,-0.30598866;0.14125454,0.62247783,-0.30929727;0.13882069,0.62247783,-0.31651512;0.13667646,0.62247783,-0.32201946;0.14243486,0.62247783,-0.32313605;0.14415296,0.62247783,-0.3228075;0.15550273,0.62247783,-0.31909741;0.15759819,0.62247783,-0.3177727;0.15918231,0.62247783,-0.31509245;0.16314963,0.62247783,-0.30449598;0.16907963,0.62247783,-0.29572676;0.17102165,0.62247783,-0.29203712;0.16998301,0.62247783,-0.28904255;0.16771591,0.62247783,-0.28819963;0.16263537,0.62247783,-0.28892772;0.15495116,0.62247783,-0.29307224;0.15049436,0.62247783,-0.29812743
0.43722462,0.62247783,-0.44169346;0.43027411,0.62247783,-0.43433027;0.42183211,0.62247783,-0.43284673;0.4158126,0.62247783,-0.43847991;0.3998003,0.62247783,-0.46258942;0.3987483,0.62247783,-0.4643183;0.39777723,0.62247783,-0.46523508;0.37485598,0.62247783,-0.4867741;0.37137558,0.62247783,-0.48927093;0.34055649,0.62247783,-0.50996175;0.31193573,0.62247783,-0.52661347;0.31009273,0.62247783,-0.52764923;0.28333299,0.62247783,-0.54342043;0.28013636,0.62247783,-0.54490283;0.27193105,0.62247783,-0.54634647;0.24666887,0.62247783,-0.54992346;0.23834315,0.62247783,-0.55214564;0.21401292,0.62247783,-0.55765918;0.18187834,0.62247783,-0.56262232;0.16361128,0.62247783,-0.5657427;0.15127827,0.62247783,-0.56688568;0.12296455,0.62247783,-0.56737799;0.11878388,0.62247783,-0.56734653;0.10423743,0.62247783,-0.56700712;0.0893502,0.62247783,-0.56641527;0.0847177,0.62247783,-0.56628756;0.05553427,0.62247783,-0.56521119;0.04652003,0.62247783,-0.56523597;0.02534536,0.62247783,-0.56604586;0.01446346,0.62247783,-0.56659461;-0.00998409,0.62247783,-0.56762488;-0.01996378,0.62247783,-0.56831484;-0.04597874,0.62247783,-0.57099903;-0.05000854,0.62247783,-0.57143757;-0.06433124,0.62247783,-0.5727463;-0.08058865,0.62247783,-0.57445658;-0.08686452,0.62247783,-0.575355;-0.10974846,0.62247783,-0.57896389;-0.12893906,0.62247783,-0.58118123;-0.14090282,0.62247783,-0.58229176;-0.16996268,0.62247783,-0.58560118;-0.17342039,0.62247783,-0.58595074;-0.17499892,0.62247783,-0.58600231;-0.20737324,0.62247783,-0.58624966;-0.22623017,0.62247783,-0.58572942;-0.26635556,0.62247783,-0.58115973;-0.26968573,0.62247783,-0.58047024;-0.30252937,0.62247783,-0.57146951;-0.33638235,0.62247783,-0.55958661;-0.35249927,0.62247783,-0.55467653;-0.37931417,0.62247783,-0.54756172;-0.41375567,0.62247783,-0.54322168;-0.42201349,0.62247783,-0.54316288;-0.44823328,0.62247783,-0.54413776;-0.474334,0.62247783,-0.54935115;-0.48061653,0.62247783,-0.55254659;-0.4994715,0.62247783,-0.57362506;-0.51522682,0.62247783,-0.60250123;-0.52755671,0.62247783,-0.63551212;-0.53585964,0.62247783,-0.66999148;-0.53865945,0.62247783,-0.68950612;-0.538667,0.62247783,-0.70991907;-0.53761973,0.62247783,-0.71829811;-0.5320192,0.62247783,-0.74268605;-0.52832776,0.62247783,-0.75269589;-0.51630664,0.62247783,-0.77196533;-0.5098035,0.62247783,-0.78124197;-0.5059544,0.62247783,-0.78523927;-0.48824274,0.62247783,-0.80008831;-0.47363749,0.62247783,-0.81058819;-0.46253692,0.62247783,-0.81741178;-0.44445218,0.62247783,-0.82526932;-0.43162936,0.62247783,-0.82847203;-0.42959042,0.62247783,-0.82871811;-0.39771941,0.62247783,-0.83124213;-0.39106559,0.62247783,-0.83166047;-0.35979016,0.62247783,-0.83380147;-0.35015889,0.62247783,-0.8342966;-0.32159494,0.62247783,-0.83598594;-0.30948075,0.62247783,-0.83650496;-0.28323473,0.62247783,-0.83788733;-0.26895905,0.62247783,-0.83841506;-0.24475912,0.62247783,-0.83957433;-0.22854817,0.62247783,-0.84009314;-0.2061466,0.62247783,-0.84104002;-0.18827531,0.62247783,-0.84152519;-0.16740606,0.62247783,-0.84228695;-0.14813032,0.62247783,-0.84271948;-0.12853825,0.62247783,-0.84331094;-0.10811226,0.62247783,-0.84366185;-0.0895253,0.62247783,-0.84406769;-0.0682395,0.62247783,-0.84426417;-0.05037414,0.62247783,-0.84437913;0.08986026,0.62247783,-0.84448246;0.10760177,0.62247783,-0.84440127;0.12905041,0.62247783,-0.84423841;0.14741608,0.62247783,-0.84389411;0.16812183,0.62247783,-0.84359111;0.18734667,0.62247783,-0.84309527;0.2070768,0.62247783,-0.84271991;0.22738362,0.62247783,-0.8420863;0.24592509,0.62247783,-0.84166005;0.26753276,0.62247783,-0.84087587;0.28466145,0.62247783,-0.84041513;0.30778508,0.62247783,-0.83947231;0.32329192,0.62247783,-0.83899551;0.34810508,0.62247783,-0.83788331;0.36182934,0.62247783,-0.83737758;0.38857106,0.62247783,-0.83592528;0.40009547,0.62247783,-0.8353435;0.42790722,0.62247783,-0.8332137;0.43583981,0.62247783,-0.83229238;0.47028585,0.62247783,-0.82556395;0.49343203,0.62247783,-0.81489813;0.50308816,0.62247783,-0.80512653;0.52148369,0.62247783,-0.79155058;0.54980631,0.62247783,-0.78094425;0.55121253,0.62247783,-0.7804235;0.5550672,0.62247783,-0.77817097;0.56015388,0.62247783,-0.77080695;0.57259914,0.62247783,-0.74684138;0.58174739,0.62247783,-0.7215731;0.58322435,0.62247783,-0.71439365;0.58641688,0.62247783,-0.6802665;0.58641715,0.62247783,-0.67509681;0.5834981,0.62247783,-0.64124665;0.58286936,0.62247783,-0.63676734;0.57690122,0.62247783,-0.60595558;0.57346484,0.62247783,-0.59201525;0.5679791,0.62247783,-0.57208644;0.55953142,0.62247783,-0.54501547;0.55749136,0.62247783,-0.53903923;0.55239745,0.62247783,-0.52739997;0.54223695,0.62247783,-0.50880565;0.52878161,0.62247783,-0.48842173;0.52352104,0.62247783,-0.48114847;0.52008385,0.62247783,-0.47699392;0.50438359,0.62247783,-0.46150971;0.4898576,0.62247783,-0.45361309;0.47618583,0.62247783,-0.45658686;0.46264169,0.62247783,-0.45849101;0.44947223,0.62247783,-0.45531669
-0.07034178,0.62247783,-0.08340699;-0.07954434,0.62247783,-0.08802269;-0.0804022,0.62247783,-0.08938487;-0.08163897,0.62247783,-0.09911657;-0.08109553,0.62247783,-0.10150889;-0.07917925,0.62247783,-0.10132966;-0.06277774,0.62247783,-0.09131793;-0.06245744,0.62247783,-0.08515272;-0.06509369,0.62247783,-0.08172856
-0.01047478,0.62247783,-0.0963588;-0.01060132,0.62247783,-0.09670607
0.07141255,0.62247783,-0.09946105;0.07415921,0.62247783,-0.10004344;0.07516808,0.62247783,-0.09744215;0.07344611,0.62247783,-0.0937378;0.0710683,0.62247783,-0.09638969
-0.62247783,-0.0108803,0.52318003;-0.62247783,0.00345242,0.52235477;-0.62247783,0.01751735,0.52482758;-0.62247783,0.03001314,0.53394753;-0.62247783,0.02662786,0.53482389;-0.62247783,-0.03168618,0.53643669;-0.62247783,-0.03641045,0.53617387;-0.62247783,-0.03521362,0.5344366;-0.62247783,-0.03258291,0.53288973
-0.62247783,0.08383388,-0.21740555;-0.62247783,0.08196667,-0.21608272;-0.62247783,0.07713815,-0.21414874;-0.62247783,0.08046463,-0.2196692;-0.62247783,0.08291493,-0.22232066;-0.62247783,0.08376538,-0.21983354
-0.45082838,-0.62247783,-0.78745375;-0.47478841,-0.62247783,-0.77180135;-0.49295419,-0.62247783,-0.75863312;-0.49684065,-0.62247783,-0.75537028;-0.50151557,-0.62247783,-0.74967356;-0.51350369,-0.62247783,-0.7300967;-0.52078515,-0.62247783,-0.71531297;-0.52619557,-0.62247783,-0.69818517;-0.52853623,-0.62247783,-0.68549538;-0.52849131,-0.62247783,-0.67594184;-0.52479567,-0.62247783,-0.64447424;-0.52360201,-0.62247783,-0.63908706;-0.51808066,-0.62247783,-0.62730604;-0.50595907,-0.62247783,-0.61012572;-0.48189902,-0.62247783,-0.5885327;-0.4775944,-0.62247783,-0.58615047;-0.44703239,-0.62247783,-0.57821973;-0.42818854,-0.62247783,-0.57700727;-0.39908202,-0.62247783,-0.58038892;-0.384117,-0.62247783,-0.58536915;-0.37109307,-0.62247783,-0.59065319;-0.36271228,-0.62247783,-0.59326942;-0.33314113,-0.62247783,-0.60181251;-0.32488707,-0.62247783,-0.60385669;-0.30339053,-0.62247783,-0.60932007;-0.28652724,-0.62247783,-0.61237122;-0.27280992,-0.62247783,-0.61450107;-0.26311274,-0.62247783,-0.61495767;-0.20332828,-0.62247783,-0.61523891;-0.16441962,-0.62247783,-0.612798;-0.15307684,-0.62247783,-0.61218717;-0.13068281,-0.62247783,-0.61077962;-0.10958855,-0.62247783,-0.60954573;-0.0976085,-0.62247783,-0.60874348;-0.06378516,-0.62247783,-0.60639973;-0.03162439,-0.62247783,-0.6056801;-0.02863595,-0.62247783,-0.60549194;0.00038223,-0.62247783,-0.60376116;0.00779084,-0.62247783,-0.60362497;0.04289272,-0.62247783,-0.60251779;0.07087888,-0.62247783,-0.60410056;0.07558192,-0.62247783,-0.60443543;0.07705802,-0.62247783,-0.6045299;0.10845976,-0.62247783,-0.60624012;0.11711369,-0.62247783,-0.606639;0.16176089,-0.62247783,-0.60915313;0.17534272,-0.62247783,-0.60903605;0.20431063,-0.62247783,-0.60812865;0.20777297,-0.62247783,-0.6079847;0.21481155,-0.62247783,-0.60772355;0.23868568,-0.62247783,-0.606719;0.25584469,-0.62247783,-0.60509339;0.27861828,-0.62247783,-0.6015361;0.31314397,-0.62247783,-0.59597217;0.34684459,-0.62247783,-0.58605695;0.3515596,-0.62247783,-0.5846488;0.38213773,-0.62247783,-0.57481685;0.39650332,-0.62247783,-0.57058829;0.41554256,-0.62247783,-0.56513267;0.44761406,-0.62247783,-0.56223751;0.44923175,-0.62247783,-0.56232383;0.47778661,-0.62247783,-0.5678231;0.49107396,-0.62247783,-0.58053228;0.50716495,-0.62247783,-0.60755894;0.51763512,-0.62247783,-0.63450615;0.51873895,-0.62247783,-0.63957989;0.52201188,-0.62247783,-0.67484469;0.52203835,-0.62247783,-0.67840866;0.52022167,-0.62247783,-0.68717019;0.51256801,-0.62247783,-0.7112026;0.50135618,-0.62247783,-0.73654166;0.4987857,-0.62247783,-0.74122504;0.4978238,-0.62247783,-0.74233968;0.47564181,-0.62247783,-0.76521752;0.47424231,-0.62247783,-0.76649916;0.47004948,-0.62247783,-0.76918704;0.44560734,-0.62247783,-0.78351504;0.42865542,-0.62247783,-0.79228817;0.41377302,-0.62247783,-0.79838056;0.3835321,-0.62247783,-0.80901759;0.35913354,-0.62247783,-0.81648789;0.35128016,-0.62247783,-0.8185531;0.32883798,-0.62247783,-0.8227783;0.27780986,-0.62247783,-0.82819604;0.2742304,-0.62247783,-0.82848791;0.23961076,-0.62247783,-0.83062481;0.23367101,-0.62247783,-0.83090659;0.20118193,-0.62247783,-0.83243554;0.19323584,-0.62247783,-0.8327197;0.16258217,-0.62247783,-0.83390484;0.15295302,-0.62247783,-0.83416802;0.12380174,-0.62247783,-0.83501759;0.11284697,-0.62247783,-0.83518845;0.08481778,-0.62247783,-0.83548082;-0.04555873,-0.62247783,-0.83582872;-0.07310218,-0.62247783,-0.83569987;-0.08466385,-0.62247783,-0.83557555;-0.11306757,-0.62247783,-0.83492451;-0.1235834,-0.62247783,-0.83469323;-0.1532225,-0.62247783,-0.8337264;-0.16231426,-0.62247783,-0.83345947;-0.1935244,-0.62247783,-0.83222722;-0.20089604,-0.62247783,-0.83196154;-0.23394857,-0.62247783,-0.83044394;-0.23934199,-0.62247783,-0.83019911;-0.2744476,-0.62247783,-0.8281976;-0.27763199,-0.62247783,-0.82796356;-0.32906866,-0.62247783,-0.8231455;-0.35174719,-0.62247783,-0.81941666;-0.35903136,-0.62247783,-0.81773924;-0.38609189,-0.62247783,-0.81041371;-0.41716006,-0.62247783,-0.80059441;-0.44477532,-0.62247783,-0.79048818
-0.0951946,-0.62247783,0.30421677;-0.10339656,-0.62247783,0.30735975;-0.10968189,-0.62247783,0.3086333;-0.1225346,-0.62247783,0.30749499;-0.12432466,-0.62247783,0.30749962;-0.12825247,-0.62247783,0.30912542;-0.12774129,-0.62247783,0.3128081;-0.12491287,-0.62247783,0.31720961;-0.12125949,-0.62247783,0.32219038;-0.1205346,-0.62247783,0.3284073;-0.11728849,-0.62247783,0.33877354;-0.1113995,-0.62247783,0.34834211;-0.11054541,-0.62247783,0.34909958;-0.10017262,-0.62247783,0.35294689;-0.09056439,-0.62247783,0.35546761;-0.08694833,-0.62247783,0.35636502;-0.08587506,-0.62247783,0.35691962;-0.07399831,-0.62247783,0.36335903;-0.06967116,-0.62247783,0.36483872;-0.05982775,-0.62247783,0.36885491;-0.0541404,-0.62247783,0.37075005;-0.04692922,-0.62247783,0.3720578;-0.04197545,-0.62247783,0.37256081;-0.03319922,-0.62247783,0.37386804;-0.02345066,-0.62247783,0.37730226;-0.02064082,-0.62247783,0.37776479;-0.0091441,-0.62247783,0.37715521;-0.00297819,-0.62247783,0.37741387;0.00581205,-0.62247783,0.37766554;0.01079531,-0.62247783,0.37698242;0.01754749,-0.62247783,0.37555491;0.02581581,-0.62247783,0.3743183;0.03482087,-0.62247783,0.37494421;0.03927958,-0.62247783,0.37449669;0.04856191,-0.62247783,0.37157484;0.05677431,-0.62247783,0.36972602;0.06194942,-0.62247783,0.36823875;0.07025956,-0.62247783,0.36373341;0.07131006,-0.62247783,0.36308809;0.08375764,-0.62247783,0.35521785;0.08608894,-0.62247783,0.3540057;0.09986013,-0.62247783,0.35065474;0.11140463,-0.62247783,0.34567447;0.12018856,-0.62247783,0.33530296;0.12095723,-0.62247783,0.3341072;0.12083193,-0.62247783,0.33145114;0.11814294,-0.62247783,0.32056336;0.1161363,-0.62247783,0.31635488;0.11276612,-0.62247783,0.31491207;0.11020279,-0.62247783,0.31450988;0.09686345,-0.62247783,0.3137409;0.09260987,-0.62247783,0.31272603;0.08400517,-0.62247783,0.30924662;0.07624737,-0.62247783,0.30602984;0.07116086,-0.62247783,0.3022128;0.06560051,-0.62247783,0.29709037;0.05954979,-0.62247783,0.29426315;0.04155899,-0.62247783,0.29210564;0.04046898,-0.62247783,0.29181766;0.02590704,-0.62247783,0.28494213;0.02110388,-0.62247783,0.28348319;0.01169364,-0.62247783,0.28404216;0.00673396,-0.62247783,0.28480333;0.00246433,-0.62247783,0.28532234;-0.00717596,-0.62247783,0.28528829;-0.01525514,-0.62247783,0.28313299;-0.02271272,-0.62247783,0.28179741;-0.03142278,-0.62247783,0.2834824;-0.03764419,-0.62247783,0.28564503;-0.05280422,-0.62247783,0.29070237;-0.05461282,-0.62247783,0.29089882;-0.06823631,-0.62247783,0.2911775;-0.07786704,-0.62247783,0.29300753;-0.08081378,-0.62247783,0.29438924;-0.0907491,-0.62247783,0.30201349
-0.5383349,-0.62247783,0.74040869;-0.53676563,-0.62247783,0.74325258;-0.51747015,-0.62247783,0.7571887;-0.50325939,-0.62247783,0.77335254;-0.49462384,-0.62247783,0.78855934;-0.48535651,-0.62247783,0.79661954;-0.4734813,-0.62247783,0.80110782;-0.46939649,-0.62247783,0.80166093;-0.43960614,-0.62247783,0.803411;-0.42691766,-0.62247783,0.80402239;-0.40227878,-0.62247783,0.8057275;-0.38651913,-0.62247783,0.80642715;-0.36392672,-0.62247783,0.807667;-0.3460245,-0.62247783,0.80828232;-0.32534419,-0.62247783,0.80920883;-0.30572823,-0.62247783,0.80973397;-0.28655477,-0.62247783,0.81040789;-0.26563602,-0.62247783,0.81083312;-0.24759423,-0.62247783,0.81131885;-0.22571546,-0.62247783,0.81166505;-0.20855296,-0.62247783,0.81204637;-0.18587162,-0.62247783,0.81233028;-0.16941682,-0.62247783,0.81261254;-0.14612299,-0.62247783,0.81282403;-0.13019496,-0.62247783,0.81301011;-0.10645984,-0.62247783,0.81311131;-0.09093501,-0.62247783,0.81314121;0.13028249,-0.62247783,0.81293724;0.14603292,-0.62247783,0.81287244;0.16950406,-0.62247783,0.81270961;0.18581431,-0.62247783,0.81241748;0.20860797,-0.62247783,0.81210048;0.2257252,-0.62247783,0.81165753;0.24758135,-0.62247783,0.81124221;0.26575885,-0.62247783,0.81064104;0.28642688,-0.62247783,0.81011731;0.3060156,-0.62247783,0.80925681;0.3250482,-0.62247783,0.80860463;0.34655092,-0.62247783,0.80737251;0.36338236,-0.62247783,0.80659529;0.38740068,-0.62247783,0.80482012;0.40134248,-0.62247783,0.80390397;0.42795365,-0.62247783,0.80114904;0.43723072,-0.62247783,0.80017225;0.46783836,-0.62247783,0.79536939;0.47022228,-0.62247783,0.79477811;0.47625872,-0.62247783,0.78995888;0.48741882,-0.62247783,0.77137538;0.4922695,-0.62247783,0.75491454;0.49580435,-0.62247783,0.71903575;0.49473763,-0.62247783,0.7013874;0.49245573,-0.62247783,0.68845882;0.49040233,-0.62247783,0.67752359;0.48695371,-0.62247783,0.66278142;0.48154353,-0.62247783,0.65339692;0.46477576,-0.62247783,0.63032782;0.45987823,-0.62247783,0.62462725;0.44195701,-0.62247783,0.60700907;0.43331717,-0.62247783,0.59933945;0.42945772,-0.62247783,0.59674048;0.40251276,-0.62247783,0.58168803;0.381364,-0.62247783,0.57466369;0.36874888,-0.62247783,0.57189929;0.3390319,-0.62247783,0.56853343;0.33188184,-0.62247783,0.56835839;0.30200675,-0.62247783,0.57133749;0.28912913,-0.62247783,0.57277457;0.2655946,-0.62247783,0.57642633;0.24575589,-0.62247783,0.57964772;0.22996852,-0.62247783,0.58282957;0.20108635,-0.62247783,0.58836692;0.19467132,-0.62247783,0.58971036;0.15842885,-0.62247783,0.59569278;0.15695226,-0.62247783,0.59592145;0.12223122,-0.62247783,0.60107221;0.11390409,-0.62247783,0.60210043;0.08523731,-0.62247783,0.60527062;0.07206053,-0.62247783,0.6063583;0.04747007,-0.62247783,0.60813009;0.00931743,-0.62247783,0.61011958;-0.00961118,-0.62247783,0.61053068;-0.0486972,-0.62247783,0.6101553;-0.07021203,-0.62247783,0.60944663;-0.08724272,-0.62247783,0.60858672;-0.11130833,-0.62247783,0.60646534;-0.12461062,-0.62247783,0.60501322;-0.15411635,-0.62247783,0.60068384;-0.16081609,-0.62247783,0.59959483;-0.18814321,-0.62247783,0.59424956;-0.1960756,-0.62247783,0.59250612;-0.19877121,-0.62247783,0.59175085;-0.23002038,-0.62247783,0.58274476;-0.24780705,-0.62247783,0.57695107;-0.29541457,-0.62247783,0.56324158;-0.33202317,-0.62247783,0.55421123;-0.34050279,-0.62247783,0.55236214;-0.36797715,-0.62247783,0.5487754;-0.38361434,-0.62247783,0.54707091;-0.40474977,-0.62247783,0.54753646;-0.4207573,-0.62247783,0.55064724;-0.45125104,-0.62247783,0.56059823;-0.45302174,-0.62247783,0.56122836;-0.4540365,-0.62247783,0.56196772;-0.47794114,-0.62247783,0.58050588;-0.50061313,-0.62247783,0.59981509;-0.50873318,-0.62247783,0.60845353;-0.52136265,-0.62247783,0.62437271;-0.53837765,-0.62247783,0.65430289;-0.5418014,-0.62247783,0.66287433;-0.54531303,-0.62247783,0.67858008;-0.54544987,-0.62247783,0.70319076;-0.54395389,-0.62247783,0.71469465
0.62247783,-0.02856988,-0.76116004;0.62247783,-0.00163592,-0.75574611;0.62247783,0.00219364,-0.75551732;0.62247783,0.03856056,-0.75714854;0.62247783,0.03957861,-0.75724869;0.62247783,0.04160729,-0.75882275;0.62247783,0.06067204,-0.77878437;0.62247783,0.06638146,-0.78996521;0.62247783,0.05951153,-0.79988093;0.62247783,0.04549207,-0.80811559;0.62247783,0.0322734,-0.81232511;0.62247783,0.00359387,-0.81590379;0.62247783,-0.00361543,-0.8154248;0.62247783,-0.03005477,-0.80830984;0.62247783,-0.05255364,-0.79815373;0.62247783,-0.05884246,-0.79422434;0.62247783,-0.06090857,-0.79080882;0.62247783,-0.05871373,-0.78679955;0.62247783,-0.0449963,-0.77145717;0.62247783,-0.03646813,-0.76435321
0.62247783,0.06314004,-0.20040527;0.62247783,0.06426841,-0.20174924;0.62247783,0.0627399,-0.2003333;0.62247783,0.06185401,-0.19961255
0.42407795,0.62247783,0.80476965;0.39985455,0.62247783,0.80632441;0.38436712,0.62247783,0.80690274;0.3638734,0.62247783,0.80772179;0.34609175,0.62247783,0.80820345;0.32521041,0.62247783,0.80902379;0.30586592,0.62247783,0.80948802;0.28636716,0.62247783,0.81011378;0.26582635,0.62247783,0.81050702;0.24739793,0.62247783,0.8109868;0.22591248,0.62247783,0.81132086;0.20835677,0.62247783,0.81170616;0.18606788,0.62247783,0.81198256;0.1692159,0.62247783,0.81226584;0.14632413,0.62247783,0.81247134;0.12999613,0.62247783,0.81265947;0.10665873,0.62247783,0.81275171;0.09073812,0.62247783,0.8127677;-0.16942061,0.62247783,0.81233842;-0.18582696,0.62247783,0.81225822;-0.20859507,0.62247783,0.81208247;-0.22564819,0.62247783,0.81175275;-0.24766119,0.62247783,0.8114353;-0.26555007,0.62247783,0.8109786;-0.28664179,0.62247783,0.810574;-0.30560209,0.62247783,0.80994407;-0.32547129,0.62247783,0.80944014;-0.34585554,0.62247783,0.8085668;-0.36409889,0.62247783,0.8079645;-0.38633133,0.62247783,0.80677628;-0.40249383,0.62247783,0.80608755;-0.42626632,0.62247783,0.80449996;-0.43919239,0.62247783,0.80363181;-0.46751768,0.62247783,0.80051872;-0.47535773,0.62247783,0.7994136;-0.50230095,0.62247783,0.79297799;-0.50366893,0.62247783,0.79259072;-0.50442931,0.62247783,0.79125457;-0.52032797,0.62247783,0.76245923;-0.53565751,0.62247783,0.74456405;-0.53944989,0.62247783,0.73355424;-0.53996884,0.62247783,0.71097544;-0.53743756,0.62247783,0.68597108;-0.53597733,0.62247783,0.67961147;-0.53085964,0.62247783,0.66854798;-0.52123897,0.62247783,0.65269162;-0.50815055,0.62247783,0.63717323;-0.50046487,0.62247783,0.6292826;-0.49766364,0.62247783,0.62674112;-0.47005585,0.62247783,0.60327661;-0.4608116,0.62247783,0.59696542;-0.43940635,0.62247783,0.58554509;-0.42327153,0.62247783,0.57929939;-0.40684365,0.62247783,0.57524278;-0.37037788,0.62247783,0.57140252;-0.33108649,0.62247783,0.57164121;-0.28810792,0.62247783,0.57606032;-0.26720785,0.62247783,0.57955872;-0.24304979,0.62247783,0.5841062;-0.23209043,0.62247783,0.58647674;-0.19799616,0.62247783,0.59321969;-0.19657847,0.62247783,0.59349596;-0.19095595,0.62247783,0.59446421;-0.16059607,0.62247783,0.59935875;-0.15448227,0.62247783,0.60023716;-0.12413359,0.62247783,0.60436856;-0.11181887,0.62247783,0.6057257;-0.08690514,0.62247783,0.60811832;-0.07030684,0.62247783,0.60919174;-0.01065474,0.62247783,0.61240614;0.01090679,0.62247783,0.61307489;0.02863623,0.62247783,0.61305546;0.04984983,0.62247783,0.61250492;0.06903143,0.62247783,0.61166149;0.08835686,0.62247783,0.61061624;0.11003158,0.62247783,0.60871817;0.12575596,0.62247783,0.60702624;0.15267968,0.62247783,0.6031287;0.16201258,0.62247783,0.60160214;0.19744094,0.62247783,0.59472145;0.20014893,0.62247783,0.59411377;0.23186716,0.62247783,0.5859439;0.243791,0.62247783,0.58245836;0.26567206,0.62247783,0.57630169;0.29128649,0.62247783,0.56876803;0.29947374,0.62247783,0.56660125;0.32195632,0.62247783,0.56062069;0.33952229,0.62247783,0.55633165;0.36899662,0.62247783,0.55215431;0.38086387,0.62247783,0.55191386;0.4094746,0.62247783,0.55509592;0.41665558,0.62247783,0.55683506;0.44877711,0.62247783,0.56890717;0.45824674,0.62247783,0.57416657;0.47414285,0.62247783,0.58574679;0.4843641,0.62247783,0.59421917;0.49874365,0.62247783,0.60697229;0.51634652,0.62247783,0.62421842;0.52053088,0.62247783,0.6286871;0.52260898,0.62247783,0.63163328;0.53777389,0.62247783,0.65589199;0.54108524,0.62247783,0.66262717;0.54570683,0.62247783,0.67924681;0.54826742,0.62247783,0.705393;0.54762245,0.62247783,0.71374088;0.53929653,0.62247783,0.74185366;0.53815038,0.62247783,0.74366106;0.5179685,0.62247783,0.75750199;0.50445654,0.62247783,0.77326234;0.49501158,0.62247783,0.78995738;0.48667598,0.62247783,0.79629634;0.47126583,0.62247783,0.80112144;0.46677137,0.62247783,0.80174162;0.43630163,0.62247783,0.80410441
-0.23701391,0.62247783,-0.63328047;-0.26404638,0.62247783,-0.6373882;-0.28417769,0.62247783,-0.63978675;-0.30627149,0.62247783,-0.64123787;-0.34468205,0.62247783,-0.64616165;-0.37693626,0.62247783,-0.65359995;-0.38251839,0.62247783,-0.65506499;-0.3899994,0.62247783,-0.6593109;-0.408199,0.62247783,-0.67376501;-0.42566868,0.62247783,-0.69481379;-0.42956471,0.62247783,-0.70442238;-0.42883096,0.62247783,-0.72700356;-0.42270977,0.62247783,-0.74577303;-0.41742984,0.62247783,-0.75411721;-0.40000246,0.62247783,-0.76927728;-0.37205057,0.62247783,-0.7875364;-0.34162009,0.62247783,-0.80217342;-0.324227,0.62247783,-0.80896812;-0.30921226,0.62247783,-0.8138669;-0.27714986,0.62247783,-0.8219817;-0.23808592,0.62247783,-0.82759879;-0.23495381,0.62247783,-0.82791609;-0.20005807,0.62247783,-0.83039614;-0.1943173,0.62247783,-0.83070547;-0.16173202,0.62247783,-0.83239507;-0.15379501,0.62247783,-0.83270366;-0.12318952,0.62247783,-0.8339669;-0.11345762,0.62247783,-0.83424469;-0.08441737,0.62247783,-0.83510551;-0.07334515,0.62247783,-0.8352755;-0.04542915,0.62247783,-0.83553726;0.08493953,0.62247783,-0.8356845;0.11266232,0.62247783,-0.83549877;0.12398836,0.62247783,-0.83535657;0.15268431,0.62247783,-0.8346283;0.16285194,0.62247783,-0.83438368;0.19288782,0.62247783,-0.83333367;0.20153357,0.62247783,-0.83305811;0.23325657,0.62247783,-0.83170746;0.2400477,0.62247783,-0.83143715;0.2737953,0.62247783,-0.82973227;0.27838116,0.62247783,-0.82950165;0.31446401,0.62247783,-0.82728468;0.31651769,0.62247783,-0.82713322;0.34520484,0.62247783,-0.82429522;0.35354853,0.62247783,-0.82281304;0.35647808,0.62247783,-0.82194468;0.38611267,0.62247783,-0.81212706;0.40526171,0.62247783,-0.80460665;0.41666622,0.62247783,-0.79996125;0.43825571,0.62247783,-0.79107319;0.44739276,0.62247783,-0.78627169;0.46566829,0.62247783,-0.77368775;0.47422145,0.62247783,-0.76697677;0.47574847,0.62247783,-0.76533067;0.49448469,0.62247783,-0.7407418;0.49557448,0.62247783,-0.73855968;0.50379071,0.62247783,-0.70827644;0.50646141,0.62247783,-0.67032739;0.50406227,0.62247783,-0.64459683;0.4968299,0.62247783,-0.62626083;0.49062914,0.62247783,-0.61587193;0.48265172,0.62247783,-0.60771109;0.46375708,0.62247783,-0.59700586;0.43159767,0.62247783,-0.58879319;0.41767647,0.62247783,-0.58672701;0.40256612,0.62247783,-0.58735638;0.38452647,0.62247783,-0.58854669;0.37063959,0.62247783,-0.59019529;0.34999251,0.62247783,-0.59194904;0.3145908,0.62247783,-0.59647026;0.31054856,0.62247783,-0.59694732;0.27905089,0.62247783,-0.5988041;0.2418146,0.62247783,-0.60040899;0.22943693,0.62247783,-0.60141146;0.20878167,0.62247783,-0.60379166;0.20208106,0.62247783,-0.6042997;0.17622094,0.62247783,-0.60539971;0.15929137,0.62247783,-0.60613651;0.1424502,0.62247783,-0.60588188;0.11697267,0.62247783,-0.60469956;0.11068419,0.62247783,-0.60439302;0.08171852,0.62247783,-0.6026604;0.07699966,0.62247783,-0.6025127;0.04329315,0.62247783,-0.60255148;0.03819286,0.62247783,-0.60284909;0.00805193,0.62247783,-0.60649187;-0.02877293,0.62247783,-0.60867658;-0.03122087,0.62247783,-0.60882015;-0.05945346,0.62247783,-0.61101488;-0.09267713,0.62247783,-0.61457151;-0.15878465,0.62247783,-0.62037687;-0.16059486,0.62247783,-0.62055568;-0.16561734,0.62247783,-0.62162291;-0.19479232,0.62247783,-0.62864803;-0.20840284,0.62247783,-0.63102961
-0.033959,0.62247783,0.37617398;-0.04778814,0.62247783,0.37355083;-0.05451133,0.62247783,0.37170059;-0.05996308,0.62247783,0.37037342;-0.06805355,0.62247783,0.36837709;-0.07498017,0.62247783,0.36659091;-0.08369013,0.62247783,0.36389751;-0.08994064,0.62247783,0.36167094;-0.10096346,0.62247783,0.35647192;-0.1021983,0.62247783,0.3556742;-0.10961019,0.62247783,0.3492973;-0.11221304,0.62247783,0.34718196;-0.12030763,0.62247783,0.34147414;-0.12372042,0.62247783,0.33806772;-0.12861462,0.62247783,0.33131931;-0.12876868,0.62247783,0.32247647;-0.12359903,0.62247783,0.31575203;-0.11937985,0.62247783,0.31188989;-0.10836002,0.62247783,0.30627218;-0.09538191,0.62247783,0.30216147;-0.09400292,0.62247783,0.30189556;-0.08068277,0.62247783,0.30031922;-0.06870736,0.62247783,0.29684864;-0.0655039,0.62247783,0.29615966;-0.05189942,0.62247783,0.29434763;-0.03615549,0.62247783,0.29437326;-0.03145623,0.62247783,0.29425369;-0.02236079,0.62247783,0.29281189;-0.01562106,0.62247783,0.29143786;-0.00772977,0.62247783,0.28997105;0.00115994,0.62247783,0.28960645;0.01818644,0.62247783,0.29121227;0.02357007,0.62247783,0.29117061;0.03098755,0.62247783,0.2904134;0.03813675,0.62247783,0.28955101;0.04370106,0.62247783,0.28994079;0.0576635,0.62247783,0.29306719;0.0593921,0.62247783,0.29331638;0.0720878,0.62247783,0.29322923;0.07664157,0.62247783,0.2932532;0.08599547,0.62247783,0.29421146;0.09514491,0.62247783,0.29501009;0.10119914,0.62247783,0.29594388;0.11440858,0.62247783,0.29764163;0.11537845,0.62247783,0.29806847;0.12825372,0.62247783,0.30728617;0.12980366,0.62247783,0.30820165;0.14084072,0.62247783,0.31373826;0.14579361,0.62247783,0.31857814;0.14562138,0.62247783,0.32733159;0.14217474,0.62247783,0.33627703;0.14030653,0.62247783,0.33917119;0.13869967,0.62247783,0.34014777;0.13190155,0.62247783,0.34332177;0.12598261,0.62247783,0.34500294;0.11749804,0.62247783,0.34791017;0.11499243,0.62247783,0.34944601;0.11271477,0.62247783,0.35089449;0.10360485,0.62247783,0.35618054;0.10014193,0.62247783,0.35794746;0.09095399,0.62247783,0.36226486;0.0838701,0.62247783,0.36435272;0.07060778,0.62247783,0.36760773;0.06236239,0.62247783,0.3690461;0.05812084,0.62247783,0.3698784;0.04960884,0.62247783,0.37217361;0.04130079,0.62247783,0.37419445;0.03541105,0.62247783,0.37550111;0.02526321,0.62247783,0.37679056;0.01054141,0.62247783,0.37778119;0.00537397,0.62247783,0.37775687;-0.00212353,0.62247783,0.37770983;-0.00823829,0.62247783,0.3777652;-0.01892769,0.62247783,0.37754003;-0.02353129,0.62247783,0.37731728
-0.48082474,-0.62247783,0.63827956;-0.50022811,-0.62247783,0.66591203;-0.5017599,-0.62247783,0.66969661;-0.50609529,-0.62247783,0.69721423;-0.50567517,-0.62247783,0.70895861;-0.50239204,-0.62247783,0.73451981;-0.5001264,-0.62247783,0.74026027;-0.48455623,-0.62247783,0.75896239;-0.47841109,-0.62247783,0.76565209;-0.46129552,-0.62247783,0.77948251;-0.44450265,-0.62247783,0.79088754;-0.43428141,-0.62247783,0.79417088;-0.43119422,-0.62247783,0.79461772;-0.39795521,-0.62247783,0.79816463;-0.39071645,-0.62247783,0.79871084;-0.3600418,-0.62247783,0.80089384;-0.34988641,-0.62247783,0.80140813;-0.32177548,-0.62247783,0.80297398;-0.30929112,-0.62247783,0.80344509;-0.28322095,-0.62247783,0.80457385;-0.26896743,-0.62247783,0.80497501;-0.24443308,-0.62247783,0.80578698;-0.22887563,-0.62247783,0.80612445;-0.20553587,-0.62247783,0.80676161;-0.18888792,-0.62247783,0.80704539;-0.16650968,-0.62247783,0.80751731;-0.14902953,-0.62247783,0.80773266;-0.12736706,-0.62247783,0.80804452;-0.10928734,-0.62247783,0.80815005;-0.0881728,-0.62247783,0.80820376;0.12748605,-0.62247783,0.80793705;0.14890731,-0.62247783,0.80782153;0.1666285,-0.62247783,0.80765253;0.18880982,-0.62247783,0.80716291;0.20561109,-0.62247783,0.80684449;0.22888827,-0.62247783,0.80610394;0.24441619,-0.62247783,0.80569892;0.26913267,-0.62247783,0.80469288;0.28304703,-0.62247783,0.80420188;0.30967444,-0.62247783,0.80275372;0.3213658,-0.62247783,0.80217716;0.35056063,-0.62247783,0.80005032;0.35924666,-0.62247783,0.79941268;0.39165108,-0.62247783,0.79600317;0.39636456,-0.62247783,0.79532771;0.42321348,-0.62247783,0.78907808;0.42830132,-0.62247783,0.78635851;0.43973718,-0.62247783,0.77527941;0.44950741,-0.62247783,0.76363808;0.45190563,-0.62247783,0.75877027;0.46225423,-0.62247783,0.72672394;0.46278023,-0.62247783,0.72450355;0.46218026,-0.62247783,0.72202812;0.45439343,-0.62247783,0.69580034;0.44671093,-0.62247783,0.67357327;0.44432234,-0.62247783,0.66704218;0.4402176,-0.62247783,0.66172104;0.42849233,-0.62247783,0.65153371;0.40219398,-0.62247783,0.63093312;0.38185978,-0.62247783,0.61708163;0.36137168,-0.62247783,0.60873975;0.34966111,-0.62247783,0.60537223;0.31795962,-0.62247783,0.60061429;0.31322607,-0.62247783,0.60027859;0.27952792,-0.62247783,0.60116804;0.27269763,-0.62247783,0.60151291;0.24226142,-0.62247783,0.60447668;0.23074656,-0.62247783,0.60560313;0.20548708,-0.62247783,0.60880513;0.18832005,-0.62247783,0.61065477;0.16848294,-0.62247783,0.61321043;0.14566407,-0.62247783,0.6159;0.13166844,-0.62247783,0.61759864;0.10349737,-0.62247783,0.62037752;0.09430517,-0.62247783,0.62119622;0.06245052,-0.62247783,0.62327618;0.05617937,-0.62247783,0.62365258;0.01813203,-0.62247783,0.62544754;-0.01867333,-0.62247783,0.6262433;-0.05757263,-0.62247783,0.62601721;-0.06083798,-0.62247783,0.62594557;-0.09638142,-0.62247783,0.62471138;-0.10104597,-0.62247783,0.62441158;-0.13402892,-0.62247783,0.62157499;-0.14279183,-0.62247783,0.62054415;-0.17069535,-0.62247783,0.61687633;-0.18596745,-0.62247783,0.61449628;-0.20709925,-0.62247783,0.61138146;-0.22959458,-0.62247783,0.6072364;-0.24274125,-0.62247783,0.60495098;-0.27404306,-0.62247783,0.59878895;-0.27801644,-0.62247783,0.59810616;-0.29624959,-0.62247783,0.59516998;-0.3183984,-0.62247783,0.59217008;-0.3596197,-0.62247783,0.58947105;-0.39019415,-0.62247783,0.59004824;-0.39771496,-0.62247783,0.59104965;-0.43070778,-0.62247783,0.60083619;-0.43595977,-0.62247783,0.60324395;-0.45640522,-0.62247783,0.6167532;-0.4746497,-0.62247783,0.63151772
-0.24681817,-0.62247783,-0.67471738;-0.22817537,-0.62247783,-0.67253027;-0.20981735,-0.62247783,-0.66896215;-0.1759637,-0.62247783,-0.66124445;-0.15468222,-0.62247783,-0.6568753;-0.1424677,-0.62247783,-0.65476591;-0.13851785,-0.62247783,-0.65421938;-0.10869596,-0.62247783,-0.65035956;-0.07551207,-0.62247783,-0.64687857;-0.04221875,-0.62247783,-0.64397288;-0.01643322,-0.62247783,-0.64384382;-0.01171863,-0.62247783,-0.64379701;-0.0000844,-0.62247783,-0.64270704;0.03094278,-0.62247783,-0.6401475;0.05396151,-0.62247783,-0.63957921;0.06460325,-0.62247783,-0.63988558;0.0695935,-0.62247783,-0.64047908;0.11460156,-0.62247783,-0.6471475;0.12868542,-0.62247783,-0.64877888;0.14975969,-0.62247783,-0.65140159;0.15272108,-0.62247783,-0.65177458;0.1605995,-0.62247783,-0.65262844;0.176545,-0.62247783,-0.65430467;0.18427205,-0.62247783,-0.65488994;0.20157594,-0.62247783,-0.65685051;0.22407808,-0.62247783,-0.66002508;0.22655267,-0.62247783,-0.66043054;0.22972178,-0.62247783,-0.66122236;0.25163061,-0.62247783,-0.66713687;0.26351833,-0.62247783,-0.66982045;0.28617593,-0.62247783,-0.67307847;0.31883504,-0.62247783,-0.68187723;0.34493242,-0.62247783,-0.68941012;0.34853389,-0.62247783,-0.69059546;0.3512121,-0.62247783,-0.69490609;0.35678613,-0.62247783,-0.71784558;0.35631136,-0.62247783,-0.72360014;0.34262879,-0.62247783,-0.74609004;0.33603251,-0.62247783,-0.75422022;0.31931391,-0.62247783,-0.76481694;0.28955939,-0.62247783,-0.78058537;0.27042737,-0.62247783,-0.78986407;0.25831549,-0.62247783,-0.79446433;0.25325067,-0.62247783,-0.79599886;0.22446811,-0.62247783,-0.80392693;0.19007142,-0.62247783,-0.81237772;0.15516213,-0.62247783,-0.81960364;0.13376248,-0.62247783,-0.82242782;0.07966873,-0.62247783,-0.82480275;-0.04066652,-0.62247783,-0.82646275;-0.07807332,-0.62247783,-0.82632178;-0.07959282,-0.62247783,-0.82625941;-0.12028505,-0.62247783,-0.82306929;-0.15378588,-0.62247783,-0.81802351;-0.16280929,-0.62247783,-0.81622966;-0.18859479,-0.62247783,-0.81028832;-0.2230329,-0.62247783,-0.80165381;-0.25500943,-0.62247783,-0.79313524;-0.25715943,-0.62247783,-0.79252305;-0.26290873,-0.62247783,-0.7903012;-0.28827166,-0.62247783,-0.77869126;-0.31840818,-0.62247783,-0.76401544;-0.33625251,-0.62247783,-0.75361544;-0.34368482,-0.62247783,-0.74432121;-0.35228857,-0.62247783,-0.72406098;-0.34699795,-0.62247783,-0.70546248;-0.33842057,-0.62247783,-0.69658163;-0.32058694,-0.62247783,-0.68784477;-0.3129401,-0.62247783,-0.68639265
-0.0448291,-0.62247783,0.33625479;-0.04207481,-0.62247783,0.33907845;-0.03694132,-0.62247783,0.3398198;-0.02913983,-0.62247783,0.34086216;-0.02146387,-0.62247783,0.3416633;-0.01335185,-0.62247783,0.34290279;-0.0046194,-0.62247783,0.34917741;-0.00199758,-0.62247783,0.35023232;0.01050671,-0.62247783,0.35184322;0.01196174,-0.62247783,0.35136002;0.020048,-0.62247783,0.3445378;0.0239673,-0.62247783,0.34114976;0.0284448,-0.62247783,0.33636237;0.03019564,-0.62247783,0.33212023;0.02715458,-0.62247783,0.3296398;0.01403578,-0.62247783,0.32597459;0.00400325,-0.62247783,0.32307071;-0.00166415,-0.62247783,0.3234477;-0.00959137,-0.62247783,0.32434502;-0.01671679,-0.62247783,0.32461274;-0.03873031,-0.62247783,0.32925935;-0.04252979,-0.62247783,0.33032706;-0.04500277,-0.62247783,0.33278714
0.42739678,0.62247783,0.79585366;0.39467151,0.62247783,0.79901014;0.38780437,0.62247783,0.79945043;0.35996805,0.62247783,0.80092006;0.34998052,0.62247783,0.80132193;0.32159285,0.62247783,0.80270849;0.30947915,0.62247783,0.8031192;0.28296537,0.62247783,0.80416731;0.26922645,0.62247783,0.80453257;0.24416599,0.62247783,0.80533448;0.22914362,0.62247783,0.80565566;0.205269,0.62247783,0.80629933;0.18915487,0.62247783,0.80657224;0.1662364,0.62247783,0.80704567;0.1493031,0.62247783,0.80725246;0.12709664,0.62247783,0.8075674;0.10955784,0.62247783,0.80766222;0.08790503,0.62247783,0.80769138;-0.16651455,0.62247783,0.80712752;-0.18882778,0.62247783,0.80698413;-0.20559298,0.62247783,0.80680501;-0.22878435,0.62247783,0.80625265;-0.24452397,0.62247783,0.80594143;-0.26885067,0.62247783,0.80517792;-0.28333888,0.62247783,0.80479381;-0.30911965,0.62247783,0.80373918;-0.32194719,0.62247783,0.80328231;-0.34965509,0.62247783,0.80180959;-0.36027053,0.62247783,0.80129846;-0.3904471,0.62247783,0.7992288;-0.39821386,0.62247783,0.79868414;-0.43021011,0.62247783,0.79550859;-0.43355007,0.62247783,0.79498652;-0.45173556,0.62247783,0.78949484;-0.46284853,0.62247783,0.78177077;-0.48308199,0.62247783,0.76025498;-0.48616872,0.62247783,0.75540723;-0.49736235,0.62247783,0.72750766;-0.49911324,0.62247783,0.71992152;-0.49792803,0.62247783,0.70491013;-0.49517876,0.62247783,0.69239701;-0.49031269,0.62247783,0.67994843;-0.4830467,0.62247783,0.66597687;-0.47875704,0.62247783,0.66049854;-0.46460452,0.62247783,0.64659775;-0.45206368,0.62247783,0.63587335;-0.44396363,0.62247783,0.63045336;-0.42169111,0.62247783,0.61817806;-0.40259628,0.62247783,0.61035917;-0.38868413,0.62247783,0.60622668;-0.35789921,0.62247783,0.60119334;-0.35228978,0.62247783,0.60063476;-0.31811044,0.62247783,0.59996881;-0.31316779,0.62247783,0.60008246;-0.28074062,0.62247783,0.60297423;-0.27120476,0.62247783,0.6039235;-0.24415514,0.62247783,0.60752866;-0.2284368,0.62247783,0.60939176;-0.20746963,0.62247783,0.61223044;-0.18596751,0.62247783,0.61467264;-0.17047379,0.62247783,0.6166878;-0.14324741,0.62247783,0.61992574;-0.13361729,0.62247783,0.62101712;-0.10136748,0.62247783,0.62397359;-0.09612646,0.62247783,0.62437131;-0.06057658,0.62247783,0.62622771;-0.01962927,0.62247783,0.62792373;0.0201985,0.62247783,0.6282731;0.09765836,0.62247783,0.62671312;0.0995866,0.62247783,0.62663372;0.13530479,0.62247783,0.62380056;0.14124022,0.62247783,0.62314354;0.17196526,0.62247783,0.61915093;0.18437594,0.62247783,0.61728101;0.20848641,0.62247783,0.61385167;0.22777422,0.62247783,0.61045132;0.24431516,0.62247783,0.60773397;0.27204026,0.62247783,0.60257162;0.27979885,0.62247783,0.60142703;0.31593182,0.62247783,0.59663518;0.35294991,0.62247783,0.59373735;0.35676165,0.62247783,0.593859;0.39295731,0.62247783,0.60012491;0.42550167,0.62247783,0.61128409;0.45436794,0.62247783,0.62673148;0.46315072,0.62247783,0.63369431;0.47999836,0.62247783,0.65271577;0.48994833,0.62247783,0.66591494;0.49948476,0.62247783,0.68474685;0.50366939,0.62247783,0.69813393;0.50410352,0.62247783,0.70564223;0.50195347,0.62247783,0.72706659;0.49860537,0.62247783,0.73947706;0.48621536,0.62247783,0.76098108;0.48324712,0.62247783,0.76429054;0.45936587,0.62247783,0.78027211;0.43930804,0.62247783,0.79241369;0.42987723,0.62247783,0.79550836
0.15391351,0.62247783,-0.65139712;0.1474328,0.62247783,-0.65057891;0.13057172,0.62247783,-0.64624956;0.11433164,0.62247783,-0.64403554;0.09819489,0.62247783,-0.64191486;0.06954837,0.62247783,-0.63726346;0.06511603,0.62247783,-0.63695015;0.05470782,0.62247783,-0.63719021;0.03012933,0.62247783,-0.63956673;0.02439506,0.62247783,-0.64041253;0.01256107,0.62247783,-0.6427181;-0.00773846,0.62247783,-0.64661395;-0.02110971,0.62247783,-0.64710947;-0.03944864,0.62247783,-0.64732492;-0.05546859,0.62247783,-0.64865788;-0.07180982,0.62247783,-0.65090484;-0.0976616,0.62247783,-0.65522569;-0.10379482,0.62247783,-0.65631482;-0.11785291,0.62247783,-0.65987431;-0.13387892,0.62247783,-0.66483511;-0.19421591,0.62247783,-0.68356501;-0.19862419,0.62247783,-0.68496423;-0.21109006,0.62247783,-0.6896934;-0.22936235,0.62247783,-0.69850069;-0.24518534,0.62247783,-0.70777597;-0.25718419,0.62247783,-0.7161216;-0.26336309,0.62247783,-0.72516267;-0.26411247,0.62247783,-0.74611409;-0.26080356,0.62247783,-0.75265772;-0.21976724,0.62247783,-0.78979001;-0.21710454,0.62247783,-0.79188801;-0.2154323,0.62247783,-0.7925129;-0.18424455,0.62247783,-0.80284367;-0.16761655,0.62247783,-0.80779698;-0.15054972,0.62247783,-0.81237196;-0.11595141,0.62247783,-0.81994124;-0.09761883,0.62247783,-0.8223738;-0.04028359,0.62247783,-0.82485378;0.08003934,0.62247783,-0.82639607;0.11769563,0.62247783,-0.82625496;0.11889794,0.62247783,-0.82621879;0.14868951,0.62247783,-0.82426894;0.15682583,0.62247783,-0.82310822;0.1920497,0.62247783,-0.8160032;0.22673392,0.62247783,-0.80792607;0.2499562,0.62247783,-0.80182989;0.2607841,0.62247783,-0.79871564;0.28715647,0.62247783,-0.79002716;0.29349646,0.62247783,-0.78737161;0.29838172,0.62247783,-0.78466133;0.32103321,0.62247783,-0.77014095;0.34760367,0.62247783,-0.74832022;0.36037129,0.62247783,-0.7228592;0.36018201,0.62247783,-0.71643626;0.35191292,0.62247783,-0.69337358;0.35122262,0.62247783,-0.69190919;0.35006212,0.62247783,-0.69133272;0.32302275,0.62247783,-0.67708869;0.29918197,0.62247783,-0.65821465;0.29721368,0.62247783,-0.65680113;0.29513193,0.62247783,-0.65674447;0.28428257,0.62247783,-0.65870619;0.26178978,0.62247783,-0.66324116;0.25570129,0.62247783,-0.66310732;0.24973786,0.62247783,-0.66114634;0.22948482,0.62247783,-0.65502479;0.21268536,0.62247783,-0.65276712;0.2024871,0.62247783,-0.65195109;0.19446559,0.62247783,-0.65062905;0.17591269,0.62247783,-0.64940137
0.01416969,0.62247783,0.32217395;0.02037271,0.62247783,0.33444896;0.0228081,0.62247783,0.34128409;0.02288306,0.62247783,0.3445139;0.02068727,0.62247783,0.34477358;0.00980834,0.62247783,0.3419465;0.00553158,0.62247783,0.34197212;-0.00274447,0.62247783,0.34222241;-0.01204415,0.62247783,0.34083664;-0.01798758,0.62247783,0.33094649;-0.01791591,0.62247783,0.32752106;-0.01389859,0.62247783,0.3175441;-0.01251884,0.62247783,0.31599132;-0.01148652,0.62247783,0.31581415;0.00117831,0.62247783,0.31554321;0.00303751,0.62247783,0.31600407
-0.43929323,-0.62247783,0.6669965;-0.45196342,-0.62247783,0.69253944;-0.4539878,-0.62247783,0.69944507;-0.45334163,-0.62247783,0.70586204;-0.44805833,-0.62247783,0.73089448;-0.4404084,-0.62247783,0.74596262;-0.4294416,-0.62247783,0.75979684;-0.41838223,-0.62247783,0.76930968;-0.39945182,-0.62247783,0.78174947;-0.39095671,-0.62247783,0.7864282;-0.3812575,-0.62247783,0.78966305;-0.35600526,-0.62247783,0.79376542;-0.35360464,-0.62247783,0.79401705;-0.31817997,-0.62247783,0.79671831;-0.31283015,-0.62247783,0.79702426;-0.27988334,-0.62247783,0.79876826;-0.27229436,-0.62247783,0.799063;-0.24127179,-0.62247783,0.80028309;-0.23203461,-0.62247783,0.80055108;-0.20251909,-0.62247783,0.80149952;-0.19190373,-0.62247783,0.80173795;-0.16360279,-0.62247783,0.80243833;-0.15193584,-0.62247783,0.80262618;-0.1245393,-0.62247783,0.80308849;-0.11211474,-0.62247783,0.80318366;-0.08541069,-0.62247783,0.80326766;0.12468948,-0.62247783,0.80294071;0.15178124,-0.62247783,0.80276072;0.16375277,-0.62247783,0.80260966;0.19180327,-0.62247783,0.80188029;0.20261202,-0.62247783,0.80160776;0.23204002,-0.62247783,0.80048923;0.24123461,-0.62247783,0.80015255;0.27243532,-0.62247783,0.79853043;0.27956319,-0.62247783,0.7981005;0.31286971,-0.62247783,0.79511418;0.31708376,-0.62247783,0.79446719;0.35720828,-0.62247783,0.78490471;0.38181961,-0.62247783,0.77232305;0.40141907,-0.62247783,0.75637977;0.40384175,-0.62247783,0.75243384;0.40965088,-0.62247783,0.7269356;0.40519274,-0.62247783,0.69971249;0.40360377,-0.62247783,0.69565074;0.38907552,-0.62247783,0.67297755;0.38210233,-0.62247783,0.66551688;0.36270788,-0.62247783,0.6509939;0.33906726,-0.62247783,0.63785756;0.33235068,-0.62247783,0.63492962;0.31343493,-0.62247783,0.63035572;0.297198,-0.62247783,0.62762551;0.2942889,-0.62247783,0.62749051;0.25789815,-0.62247783,0.62734037;0.25503735,-0.62247783,0.62745669;0.17883168,-0.62247783,0.63178216;0.17619786,-0.62247783,0.63195574;0.14161997,-0.62247783,0.63517708;0.1342457,-0.62247783,0.63578269;0.10405438,-0.62247783,0.63827614;0.09289661,-0.62247783,0.6389659;0.05221344,-0.62247783,0.64128629;0.02769677,-0.62247783,0.64268675;0.01127125,-0.62247783,0.64329451;-0.02856985,-0.62247783,0.64395307;-0.05067384,-0.62247783,0.64386302;-0.06766485,-0.62247783,0.64370043;-0.09045809,-0.62247783,0.64314139;-0.10665607,-0.62247783,0.6425716;-0.13120127,-0.62247783,0.64087532;-0.1444643,-0.62247783,0.6398218;-0.17333237,-0.62247783,0.63667473;-0.18148952,-0.62247783,0.63588999;-0.2151805,-0.62247783,0.63223433;-0.21863183,-0.62247783,0.63186804;-0.25534096,-0.62247783,0.62747199;-0.25776343,-0.62247783,0.6272009;-0.29261966,-0.62247783,0.62410242;-0.29980145,-0.62247783,0.62364804;-0.33188167,-0.62247783,0.62388702;-0.33884515,-0.62247783,0.62414215;-0.37339332,-0.62247783,0.62777466;-0.37554918,-0.62247783,0.6280776;-0.38117067,-0.62247783,0.63011002;-0.4068848,-0.62247783,0.6412557;-0.42254252,-0.62247783,0.65073445;-0.43252933,-0.62247783,0.65848459
0.0840644,-0.62247783,-0.69370451;0.10914677,-0.62247783,-0.70100685;0.12305073,-0.62247783,-0.70669571;0.13855227,-0.62247783,-0.71496058;0.15334818,-0.62247783,-0.72572918;0.16023827,-0.62247783,-0.7395703;0.16001829,-0.62247783,-0.75256739;0.14792568,-0.62247783,-0.7627722;0.12651885,-0.62247783,-0.77332138;0.09526799,-0.62247783,-0.78509974;0.07977192,-0.62247783,-0.78925076;0.06028657,-0.62247783,-0.79210436;0.02259778,-0.62247783,-0.79528532;0.01665599,-0.62247783,-0.79548076;-0.01710227,-0.62247783,-0.79481941;-0.02201768,-0.62247783,-0.79450295;-0.05911589,-0.62247783,-0.79042852;-0.06360813,-0.62247783,-0.7895933;-0.09236304,-0.62247783,-0.78120839;-0.10383644,-0.62247783,-0.77673867;-0.11983551,-0.62247783,-0.76761535;-0.13620387,-0.62247783,-0.75085179;-0.1347604,-0.62247783,-0.72545476;-0.13278335,-0.62247783,-0.72309364;-0.1064968,-0.62247783,-0.7101397;-0.0832523,-0.62247783,-0.70113575;-0.07660846,-0.62247783,-0.69925386;-0.04547649,-0.62247783,-0.69318658;-0.0403347,-0.62247783,-0.69235308;-0.03893622,-0.62247783,-0.69227243;-0.00722236,-0.62247783,-0.69106972;0.00440165,-0.62247783,-0.68950052;0.02596645,-0.62247783,-0.68543328;0.03587211,-0.62247783,-0.68435738;0.0406667,-0.62247783,-0.68484359;0.07341043,-0.62247783,-0.69131616;0.07505001,-0.62247783,-0.6916484
-0.40290594,0.62247783,0.65320519;-0.38271509,0.62247783,0.64338559;-0.37024565,0.62247783,0.63866839;-0.33743936,0.62247783,0.63073911;-0.33475509,0.62247783,0.6303413;-0.29727062,0.62247783,0.62786869;-0.29446823,0.62247783,0.62787232;-0.25563084,0.62247783,0.62982617;-0.21879802,0.62247783,0.63235915;-0.21509369,0.62247783,0.63260792;-0.18104908,0.62247783,0.63534013;-0.17384893,0.62247783,0.63591976;-0.1438523,0.62247783,0.63893297;-0.13184078,0.62247783,0.63990715;-0.10617361,0.62247783,0.64190447;-0.09073865,0.62247783,0.64272123;-0.05022968,0.62247783,0.64466285;-0.02944267,0.62247783,0.64560367;0.00937055,0.62247783,0.64664072;0.03005983,0.62247783,0.64678024;0.04920423,0.62247783,0.64650483;0.06904685,0.62247783,0.64618347;0.0890678,0.62247783,0.64562751;0.1079925,0.62247783,0.64495087;0.12972514,0.62247783,0.64348298;0.14584919,0.62247783,0.64224792;0.1717469,0.62247783,0.63950114;0.18298164,0.62247783,0.6384818;0.21348621,0.62247783,0.63530514;0.22028986,0.62247783,0.63464863;0.25577287,0.62247783,0.63053553;0.25701287,0.62247783,0.63041331;0.29419436,0.62247783,0.62712501;0.29782243,0.62247783,0.62694908;0.33345748,0.62247783,0.62755707;0.33680442,0.62247783,0.62783356;0.37247679,0.62247783,0.63409971;0.376315,0.62247783,0.63528853;0.40464085,0.62247783,0.64807246;0.43177617,0.62247783,0.66493598;0.4354904,0.62247783,0.66755264;0.43711546,0.62247783,0.66962417;0.44022187,0.62247783,0.67603505;0.44909023,0.62247783,0.69945634;0.45128487,0.62247783,0.71377743;0.45068174,0.62247783,0.72410575;0.44663448,0.62247783,0.73531351;0.43930724,0.62247783,0.74963828;0.43424035,0.62247783,0.75522696;0.41347708,0.62247783,0.77038566;0.39439807,0.62247783,0.78117236;0.37484691,0.62247783,0.78945022;0.35580465,0.62247783,0.79339072;0.35363619,0.62247783,0.79363701;0.31792933,0.62247783,0.79630564;0.31305479,0.62247783,0.79657673;0.27955649,0.62247783,0.7982378;0.27262001,0.62247783,0.79849763;0.24093338,0.62247783,0.79970913;0.23237325,0.62247783,0.79995584;0.20218147,0.62247783,0.80091554;0.19224133,0.62247783,0.80113858;0.16325712,0.62247783,0.80184189;0.15228183,0.62247783,0.80201784;0.12419729,0.62247783,0.80248459;0.11245685,0.62247783,0.80256803;0.08507203,0.62247783,0.80261434;-0.16360847,0.62247783,0.80192166;-0.19182825,0.62247783,0.80169789;-0.20259101,0.62247783,0.80154458;-0.23191917,0.62247783,0.80072229;-0.24138615,0.62247783,0.8004721;-0.2721454,0.62247783,0.79932401;-0.28002959,0.62247783,0.79903464;-0.3126035,0.62247783,0.7973918;-0.31838104,0.62247783,0.79707246;-0.3532447,0.62247783,0.79443577;-0.35620426,0.62247783,0.79411203;-0.38754147,0.62247783,0.7889104;-0.39181481,0.62247783,0.78724434;-0.4182551,0.62247783,0.77062551;-0.43373312,0.62247783,0.75750215;-0.43966084,0.62247783,0.74803467;-0.44733163,0.62247783,0.72373483;-0.44837082,0.62247783,0.69529607;-0.44811955,0.62247783,0.69222831;-0.44675093,0.62247783,0.69045282;-0.42947643,0.62247783,0.67201125;-0.42109742,0.62247783,0.66480528
0.03703884,0.62247783,-0.6820204;0.02603194,0.62247783,-0.68430875;0.00599156,0.62247783,-0.69107139;-0.00725637,0.62247783,-0.69426482;-0.04844206,0.62247783,-0.70484547;-0.06602153,0.62247783,-0.70906672;-0.09295145,0.62247783,-0.7183268;-0.09826549,0.62247783,-0.72070073;-0.10459056,0.62247783,-0.72628131;-0.11803887,0.62247783,-0.74895667;-0.11972077,0.62247783,-0.75513689;-0.11587533,0.62247783,-0.75848835;-0.08773062,0.62247783,-0.77395095;-0.06105294,0.62247783,-0.78619615;-0.05723135,0.62247783,-0.78767831;-0.04825241,0.62247783,-0.78968945;-0.0216766,0.62247783,-0.79320455;0.01611765,0.62247783,-0.79596607;0.02328234,0.62247783,-0.79598835;0.06109049,0.62247783,-0.7934434;0.09765464,0.62247783,-0.78906968;0.09868761,0.62247783,-0.78880217;0.14216859,0.62247783,-0.77220364;0.18273971,0.62247783,-0.75118026;0.18531089,0.62247783,-0.74703926;0.18284814,0.62247783,-0.72464922;0.17710971,0.62247783,-0.71799922;0.17254466,0.62247783,-0.71586794;0.14515272,0.62247783,-0.70685415;0.12284137,0.62247783,-0.70002329;0.11254738,0.62247783,-0.69735225;0.08896261,0.62247783,-0.69221997;0.07551559,0.62247783,-0.68985573;0.07332582,0.62247783,-0.68945975;0.04291318,0.62247783,-0.68265249
0.33584715,-0.62247783,0.76052313;0.34256917,-0.62247783,0.75539487;0.35697586,-0.62247783,0.73722198;0.36126248,-0.62247783,0.72658884;0.35815522,-0.62247783,0.71410813;0.34849191,-0.62247783,0.69721337;0.33928344,-0.62247783,0.68757642;0.31302419,-0.62247783,0.6678905;0.3097865,-0.62247783,0.66628931;0.28027035,-0.62247783,0.65772917;0.27092327,-0.62247783,0.65628734;0.24288495,-0.62247783,0.65374139;0.23064808,-0.62247783,0.65338656;0.20379111,-0.62247783,0.65285031;0.19110209,-0.62247783,0.65309031;0.16373067,-0.62247783,0.65381039;0.15254931,-0.62247783,0.65444382;0.12268724,-0.62247783,0.65604787;0.11441227,-0.62247783,0.65651908;0.0821441,-0.62247783,0.65792678;0.04164342,-0.62247783,0.65972091;0.03741549,-0.62247783,0.65990178;0.00102649,-0.62247783,0.66116106;-0.03858369,-0.62247783,0.66188898;-0.04033522,-0.62247783,0.66190377;-0.07802854,-0.62247783,0.66195173;-0.079767,-0.62247783,0.66194034;-0.11731547,-0.62247783,0.66147219;-0.11942772,-0.62247783,0.66140515;-0.15566493,-0.62247783,0.6597623;-0.16023421,-0.62247783,0.65951269;-0.19405419,-0.62247783,0.65800501;-0.20082379,-0.62247783,0.65766922;-0.23275587,-0.62247783,0.65667173;-0.24119941,-0.62247783,0.65633474;-0.27152878,-0.62247783,0.65614208;-0.28109987,-0.62247783,0.65627802;-0.31229083,-0.62247783,0.65910064;-0.31816294,-0.62247783,0.65990818;-0.33912314,-0.62247783,0.6651046;-0.35135838,-0.62247783,0.66939246;-0.35895173,-0.62247783,0.67376011;-0.37666959,-0.62247783,0.68683327;-0.38538149,-0.62247783,0.69833176;-0.39095258,-0.62247783,0.71899395;-0.38961714,-0.62247783,0.72529537;-0.36880516,-0.62247783,0.75467225;-0.36735085,-0.62247783,0.7560045;-0.3411345,-0.62247783,0.76955929;-0.3101979,-0.62247783,0.7819123;-0.28915625,-0.62247783,0.7875505;-0.23791449,-0.62247783,0.79400351;-0.23503021,-0.62247783,0.7942622;-0.1994687,-0.62247783,0.79612356;-0.19489345,-0.62247783,0.79629501;-0.16069049,-0.62247783,0.79735373;-0.15483789,-0.62247783,0.79748329;-0.12171079,-0.62247783,0.79813691;-0.11494146,-0.62247783,0.79820517;-0.0826488,-0.62247783,0.79832544;0.12188788,-0.62247783,0.79792667;0.1546477,-0.62247783,0.79766075;0.1608676,-0.62247783,0.79754911;0.19475472,-0.62247783,0.79642823;0.19955911,-0.62247783,0.79621928;0.23492825,-0.62247783,0.79395631;0.23774663,-0.62247783,0.79362732;0.27952059,-0.62247783,0.78622892;0.30658056,-0.62247783,0.77613632
-0.34983982,0.62247783,0.67414532;-0.33119309,0.62247783,0.66553367;-0.31734154,0.62247783,0.66112802;-0.31289009,0.62247783,0.66041501;-0.28052104,0.62247783,0.65698713;-0.27181943,0.62247783,0.65662416;-0.24141005,0.62247783,0.65594322;-0.23233217,0.62247783,0.65604588;-0.20166992,0.62247783,0.65633789;-0.19318495,0.62247783,0.65663878;-0.16126804,0.62247783,0.65787838;-0.15474958,0.62247783,0.65825186;-0.12029607,0.62247783,0.66006852;-0.1165461,0.62247783,0.66024932;-0.08004796,0.62247783,0.66153278;-0.00066941,0.62247783,0.66428036;0.00070011,0.62247783,0.66431326;0.03879515,0.62247783,0.66441141;0.04011092,0.62247783,0.66439838;0.1184944,0.62247783,0.6630331;0.15682715,0.62247783,0.66178319;0.15887103,0.62247783,0.66169738;0.19525983,0.62247783,0.66019161;0.19944942,0.62247783,0.6600157;0.2340934,0.62247783,0.65910453;0.2396305,0.62247783,0.65894106;0.27308592,0.62247783,0.65885219;0.27940551,0.62247783,0.65896491;0.31381854,0.62247783,0.66168316;0.31678667,0.62247783,0.66204121;0.32714023,0.62247783,0.66498825;0.34853738,0.62247783,0.67340208;0.36339847,0.62247783,0.68190132;0.37293491,0.62247783,0.6890124;0.37698391,0.62247783,0.69480507;0.38751681,0.62247783,0.72028281;0.38892244,0.62247783,0.72769546;0.38587903,0.62247783,0.73169643;0.35922155,0.62247783,0.75504204;0.33842348,0.62247783,0.7670318;0.30842793,0.62247783,0.77900665;0.27738768,0.62247783,0.78769889;0.2375003,0.62247783,0.79329164;0.23542675,0.62247783,0.79348574;0.19905901,0.62247783,0.79541387;0.19529936,0.62247783,0.79555809;0.16027213,0.62247783,0.79663195;0.15525586,0.62247783,0.79674389;0.12129708,0.62247783,0.79740572;0.11535501,0.62247783,0.79746182;0.0822389,0.62247783,0.79752958;-0.16069919,0.62247783,0.79670363;-0.19482391,0.62247783,0.79637723;-0.19958381,0.62247783,0.79628334;-0.23502816,0.62247783,0.79507023;-0.23821899,0.62247783,0.79493804;-0.27528348,0.62247783,0.79290215;-0.2765571,0.62247783,0.79278881;-0.29606907,0.62247783,0.78960884;-0.31136667,0.62247783,0.78447525;-0.34186418,0.62247783,0.77031347;-0.36943969,0.62247783,0.75296537;-0.39164545,0.62247783,0.73090565;-0.39460806,0.62247783,0.72618273;-0.39317766,0.62247783,0.72045091;-0.38182112,0.62247783,0.69764653;-0.37596417,0.62247783,0.69145175
0.25078537,-0.62247783,0.68931878;0.22490759,-0.62247783,0.68379032;0.20763197,-0.62247783,0.6816014;0.18790743,-0.62247783,0.67980038;0.16710912,-0.62247783,0.67909593;0.14909998,-0.62247783,0.67863117;0.12781694,-0.62247783,0.67901233;0.10900611,-0.62247783,0.67920115;0.08875153,-0.62247783,0.67975706;0.06880496,-0.62247783,0.68029783;0.05014824,-0.62247783,0.68097995;0.02853851,-0.62247783,0.68159748;0.01150794,-0.62247783,0.68220244;-0.02745307,-0.62247783,0.68322518;-0.05199617,-0.62247783,0.68386299;-0.09176783,-0.62247783,0.68454498;-0.10549383,-0.62247783,0.68470183;-0.13164885,-0.62247783,0.68512615;-0.14491163,-0.62247783,0.68513624;-0.17142165,-0.62247783,0.6858049;-0.18387141,-0.62247783,0.68601227;-0.21146352,-0.62247783,0.68730584;-0.22231999,-0.62247783,0.68796334;-0.25291641,-0.62247783,0.69148553;-0.25899645,-0.62247783,0.69244506;-0.28066171,-0.62247783,0.69863895;-0.29058397,-0.62247783,0.70359484;-0.30549517,-0.62247783,0.71599362;-0.31293986,-0.62247783,0.72410192;-0.31334558,-0.62247783,0.72678156;-0.3060427,-0.62247783,0.73583273;-0.29019035,-0.62247783,0.7499997;-0.28289326,-0.62247783,0.75475881;-0.25959382,-0.62247783,0.76319922;-0.20205349,-0.62247783,0.77911845;-0.15826985,-0.62247783,0.78821758;-0.11876522,-0.62247783,0.79235105;-0.11765891,-0.62247783,0.79241002;-0.07986422,-0.62247783,0.79251549;0.11869501,-0.62247783,0.79028907;0.16883569,-0.62247783,0.78831657;0.19322097,-0.62247783,0.78462708;0.20154284,-0.62247783,0.78246194;0.22554056,-0.62247783,0.77397171;0.25538111,-0.62247783,0.76067022;0.26437995,-0.62247783,0.75399836;0.28326385,-0.62247783,0.72581552;0.28003613,-0.62247783,0.70937807;0.27057402,-0.62247783,0.698472;0.25862091,-0.62247783,0.69159351
-0.31290413,0.62247783,0.72654209;-0.31258506,0.62247783,0.72252961;-0.30230494,0.62247783,0.71060183;-0.29180009,0.62247783,0.70151854;-0.28539324,0.62247783,0.69837734;-0.25995768,0.62247783,0.69094004;-0.25165684,0.62247783,0.68949712;-0.22356793,0.62247783,0.68593587;-0.2099775,0.62247783,0.68498846;-0.1853331,0.62247783,0.68375968;-0.16997505,0.62247783,0.68357569;-0.14615272,0.62247783,0.68325464;-0.13057324,0.62247783,0.68354307;-0.10615327,0.62247783,0.68383157;-0.06609397,0.62247783,0.6846766;-0.05260339,0.62247783,0.68502485;-0.02613742,0.62247783,0.68553206;-0.01365627,0.62247783,0.68586026;0.01401181,0.62247783,0.68643842;0.02544499,0.62247783,0.68661636;0.05397452,0.62247783,0.68719941;0.06440831,0.62247783,0.68730938;0.09359464,0.62247783,0.68761976;0.10368967,0.62247783,0.68769072;0.13338837,0.62247783,0.68809038;0.14306338,0.62247783,0.68812591;0.17327587,0.62247783,0.68892221;0.1819301,0.62247783,0.68910294;0.21335371,0.62247783,0.69060046;0.22024561,0.62247783,0.69105569;0.25460065,0.62247783,0.69492262;0.25649858,0.62247783,0.69522071;0.26178049,0.62247783,0.69780077;0.27731958,0.62247783,0.71035091;0.28278798,0.62247783,0.7261698;0.26120265,0.62247783,0.75308867;0.2526695,0.62247783,0.75771667;0.20441119,0.62247783,0.77228365;0.1536775,0.62247783,0.78362626;0.12307581,0.62247783,0.78776722;0.07917666,0.62247783,0.7881706;-0.15856995,0.62247783,0.78164285;-0.20049709,0.62247783,0.77721637;-0.2593681,0.62247783,0.76295989;-0.28615372,0.62247783,0.75291144;-0.29978112,0.62247783,0.74268505
-0.01078288,-0.62247783,0.71057805;-0.07073664,-0.62247783,0.71436648;-0.08646177,-0.62247783,0.71537762;-0.11167988,-0.62247783,0.71763988;-0.12344388,-0.62247783,0.7190207;-0.15327154,-0.62247783,0.72439234;-0.15658775,-0.62247783,0.72525071;-0.16301529,-0.62247783,0.73005526;-0.15904933,-0.62247783,0.73758706;-0.14529002,-0.62247783,0.75274188;-0.13596083,-0.62247783,0.75631808;-0.09184242,-0.62247783,0.76486784;-0.05068894,-0.62247783,0.77015954;-0.0284252,-0.62247783,0.77174799;0.02930939,-0.62247783,0.7731208;0.04999683,-0.62247783,0.77279107;0.06741405,-0.62247783,0.77153931;0.0910231,-0.62247783,0.76856862;0.13969116,-0.62247783,0.75981456;0.16029775,-0.62247783,0.75413783;0.17116061,-0.62247783,0.74791643;0.19118591,-0.62247783,0.73400997;0.19689909,-0.62247783,0.72938222;0.19836863,-0.62247783,0.72749155;0.1968857,-0.62247783,0.72598658;0.1947984,-0.62247783,0.72534246;0.16443671,-0.62247783,0.71722502;0.14909294,-0.62247783,0.71433919;0.12907868,-0.62247783,0.71130531;0.106859,-0.62247783,0.70965103;0.09082119,-0.62247783,0.70894546;0.06733453,-0.62247783,0.70886419;0.05120302,-0.62247783,0.70882437;0.02804713,-0.62247783,0.70916781;0.01148288,-0.62247783,0.70950441
-0.03206832,0.62247783,0.71551596;-0.0075068,0.62247783,0.7157391;0.0071217,0.62247783,0.71623329;0.03338131,0.62247783,0.71773421;0.0448501,0.62247783,0.71843993;0.07402855,0.62247783,0.72053485;0.08186992,0.62247783,0.72115269;0.11137564,0.62247783,0.72443808;0.1144935,0.62247783,0.725215;0.11823977,0.62247783,0.73155476;0.09458896,0.62247783,0.75281866;0.09148813,0.62247783,0.75378461;0.02214658,0.62247783,0.76233392;-0.02576918,0.62247783,0.76512718;-0.05420152,0.62247783,0.7650474;-0.09453213,0.62247783,0.76281112;-0.13615432,0.62247783,0.75872;-0.13799174,0.62247783,0.75844037;-0.14499233,0.62247783,0.75540683;-0.16007874,0.62247783,0.74330785;-0.1687978,0.62247783,0.73134016;-0.15613497,0.62247783,0.72292693;-0.15025271,0.62247783,0.72142054;-0.12416696,0.62247783,0.71758546;-0.11084322,0.62247783,0.71664044;-0.08630093,0.62247783,0.71570725;-0.07152595,0.62247783,0.71559668;-0.04693074,0.62247783,0.71544114
