-0.62247783,-0.03398511,0.46844165;-0.62247783,-0.05278505,0.46889146;-0.62247783,-0.05788801,0.46921301;-0.62247783,-0.06858809,0.47047028;-0.62247783,-0.0864172,0.47153216;-0.62247783,-0.10227888,0.47278795;-0.62247783,-0.1038194,0.47299223;-0.62247783,-0.10720755,0.47398824;-0.62247783,-0.11592848,0.47910412;-0.62247783,-0.12176006,0.48492441;-0.62247783,-0.11641869,0.49135501;-0.62247783,-0.10732489,0.49845971;-0.62247783,-0.09576271,0.49919252;-0.62247783,-0.08279819,0.50305987;-0.62247783,-0.07343436,0.50958438;-0.62247783,-0.07191206,0.51036599;-0.62247783,-0.070261,0.51005268;-0.62247783,-0.05752883,0.50651842;-0.62247783,-0.0436682,0.50793248;-0.62247783,-0.03571262,0.5121599;-0.62247783,-0.03327593,0.5129752;-0.62247783,-0.03004296,0.51233125;-0.62247783,-0.0176751,0.5083423;-0.62247783,-0.00332504,0.50768973;-0.62247783,0.00673082,0.50908358;-0.62247783,0.02205123,0.50639142;-0.62247783,0.03730852,0.50486063;-0.62247783,0.04167794,0.50479934;-0.62247783,0.05617139,0.50610504;-0.62247783,0.06683869,0.5093877;-0.62247783,0.07127839,0.51004948;-0.62247783,0.07541292,0.50843545;-0.62247783,0.08361186,0.50376863;-0.62247783,0.09532784,0.50158457;-0.62247783,0.10876292,0.50324478;-0.62247783,0.11399483,0.50097413;-0.62247783,0.12153021,0.49505863;-0.62247783,0.13302802,0.48999037;-0.62247783,0.14142647,0.48878881;-0.62247783,0.14371108,0.4813131;-0.62247783,0.13449465,0.47733121;-0.62247783,0.12529814,0.47338762;-0.62247783,0.12156714,0.47213072;-0.62247783,0.11860325,0.47129492;-0.62247783,0.10564571,0.46984473;-0.62247783,0.10152841,0.46954603;-0.62247783,0.08845685,0.46910512;-0.62247783,0.07988587,0.468727;-0.62247783,0.05749692,0.46797653;-0.62247783,0.05363349,0.46794491;-0.62247783,0.03879286,0.46748206;-0.62247783,0.01946619,0.46718795;-0.62247783,0.00198037,0.46733515;-0.62247783,-0.0117716,0.46719677;-0.62247783,-0.0181432,0.46722045;-0.62247783,-0.02000241,0.46731947
0.62247783,-0.00153456,0.51403093;0.62247783,-0.00671774,0.51182628;0.62247783,-0.01616826,0.51137161;0.62247783,-0.02379387,0.51354794;0.62247783,-0.03321702,0.51479249;0.62247783,-0.04113732,0.51279011;0.62247783,-0.04635825,0.51027685;0.62247783,-0.05547031,0.50938334;0.62247783,-0.06243326,0.51131941;0.62247783,-0.0717761,0.51248789;0.62247783,-0.08118247,0.50940797;0.62247783,-0.08632849,0.50652996;0.62247783,-0.09455468,0.50504842;0.62247783,-0.10129914,0.50644987;0.62247783,-0.11015789,0.50723936;0.62247783,-0.12166344,0.50369442;0.62247783,-0.12653175,0.5010043;0.62247783,-0.13407579,0.4987413;0.62247783,-0.14346598,0.50086529;0.62247783,-0.15375739,0.50110345;0.62247783,-0.15788438,0.49902695;0.62247783,-0.16362962,0.49150257;0.62247783,-0.1631819,0.4857467;0.62247783,-0.15969767,0.47809963;0.62247783,-0.15456617,0.47518883;0.62247783,-0.14906032,0.47385686;0.62247783,-0.13799957,0.47248677;0.62247783,-0.12367563,0.4698162;0.62247783,-0.1211036,0.46962505;0.62247783,-0.10433096,0.46964634;0.62247783,-0.09958218,0.46963388;0.62247783,-0.08707195,0.46984128;0.62247783,-0.06844538,0.47054981;0.62247783,-0.05844401,0.47071604;0.62247783,-0.03297444,0.47130448;0.62247783,-0.01994653,0.47133367;0.62247783,-0.01573063,0.47141838;0.62247783,-0.00136811,0.47215089;0.62247783,0.00456611,0.4723343;0.62247783,0.01715987,0.47229123;0.62247783,0.03465376,0.47228204;0.62247783,0.05248784,0.47195352;0.62247783,0.06108965,0.47172819;0.62247783,0.0703201,0.47181754;0.62247783,0.08268694,0.47173025;0.62247783,0.10268092,0.47132644;0.62247783,0.10529578,0.47134096;0.62247783,0.11452915,0.4717522;0.62247783,0.12161126,0.47278204;0.62247783,0.12650031,0.473282;0.62247783,0.13819531,0.47474474;0.62247783,0.15155844,0.4757458;0.62247783,0.15443853,0.4763016;0.62247783,0.15714383,0.47796651;0.62247783,0.15630992,0.48201049;0.62247783,0.15168361,0.49490574;0.62247783,0.14902523,0.49792128;0.62247783,0.14549722,0.49765843;0.62247783,0.13474853,0.4955602;0.62247783,0.12477751,0.49855388;0.62247783,0.11838298,0.50379106;0.62247783,0.11048886,0.50794288;0.62247783,0.10193654,0.50667685;0.62247783,0.0945284,0.50458591;0.62247783,0.08575606,0.50603976;0.62247783,0.07963923,0.50949868;0.62247783,0.07189177,0.51231601;0.62247783,0.06281552,0.51152275;0.62247783,0.05479319,0.50937127;0.62247783,0.04477166,0.50879457;0.62247783,0.03458934,0.50899524;0.62247783,0.02353255,0.51041233;0.62247783,0.01401362,0.51376491;0.62247783,0.00494526,0.5152673
-0.62247783,0.10027611,0.52778929;-0.62247783,0.11228148,0.52811877;-0.62247783,0.1132109,0.52799493;-0.62247783,0.19063656,0.5153593;-0.62247783,0.19326963,0.51434398;-0.62247783,0.21031968,0.4889425;-0.62247783,0.21154628,0.4692684;-0.62247783,0.20505342,0.45986527;-0.62247783,0.1920815,0.45296695;-0.62247783,0.18185103,0.44973274;-0.62247783,0.17746673,0.44890489;-0.62247783,0.17426663,0.44857701;-0.62247783,0.16109599,0.44768138;-0.62247783,0.14496581,0.44649287;-0.62247783,0.13894839,0.44611342;-0.62247783,0.12855864,0.44587025;-0.62247783,0.1238294,0.4457008;-0.62247783,0.11205304,0.44562204;-0.62247783,0.10367945,0.44583338;-0.62247783,0.09557063,0.44588909;-0.62247783,0.08301776,0.44553808;-0.62247783,0.07935148,0.4455602;-0.62247783,0.06263362,0.44610927;-0.62247783,0.06156587,0.44611424;-0.62247783,0.04641956,0.44596619;-0.62247783,0.02877039,0.44669173;-0.62247783,0.02738345,0.44670874;-0.62247783,0.01217056,0.44646797;-0.62247783,0.00897248,0.44652693;-0.62247783,-0.00587704,0.44717112;-0.62247783,-0.00845058,0.44713532;-0.62247783,-0.02317563,0.44637656;-0.62247783,-0.02648865,0.44636673;-0.62247783,-0.04224285,0.44681371;-0.62247783,-0.06085989,0.44639451;-0.62247783,-0.07622168,0.44721118;-0.62247783,-0.08102784,0.4472107;-0.62247783,-0.09337779,0.44683189;-0.62247783,-0.10150711,0.44697669;-0.62247783,-0.10889757,0.44729882;-0.62247783,-0.12375505,0.4470117;-0.62247783,-0.12692027,0.44696682;-0.62247783,-0.13429997,0.44741491;-0.62247783,-0.14244675,0.44826335;-0.62247783,-0.147859,0.44861546;-0.62247783,-0.15954932,0.44936511;-0.62247783,-0.17481391,0.45060868;-0.62247783,-0.17643492,0.4508002;-0.62247783,-0.1784765,0.45135857;-0.62247783,-0.19115513,0.45629879;-0.62247783,-0.20437574,0.46289212;-0.62247783,-0.21171117,0.472384;-0.62247783,-0.20931464,0.48569082;-0.62247783,-0.19555576,0.49350029;-0.62247783,-0.19355188,0.49449432;-0.62247783,-0.19179568,0.49580008;-0.62247783,-0.18224713,0.50255731;-0.62247783,-0.17591767,0.50679342;-0.62247783,-0.17333242,0.50791146;-0.62247783,-0.15552974,0.51431472;-0.62247783,-0.140572,0.51523955;-0.62247783,-0.12560436,0.51682845;-0.62247783,-0.11256616,0.51930813;-0.62247783,-0.09749024,0.51795814;-0.62247783,-0.08905578,0.51798749;-0.62247783,-0.07303281,0.52069498;-0.62247783,-0.05438835,0.51873035;-0.62247783,-0.05070555,0.51876546;-0.62247783,-0.03362886,0.52191328;-0.62247783,-0.01579026,0.52103871;-0.62247783,-0.00967907,0.52133399;-0.62247783,0.00449324,0.52326152;-0.62247783,0.02262119,0.52247498;-0.62247783,0.04862039,0.52232426;-0.62247783,0.06000557,0.52332047;-0.62247783,0.07321587,0.52508736;-0.62247783,0.08440331,0.52425453
0.62247783,-0.19399044,0.50763113;0.62247783,-0.21844309,0.49763155;0.62247783,-0.21933373,0.49653777;0.62247783,-0.2204896,0.471092;0.62247783,-0.21892521,0.46670515;0.62247783,-0.21077188,0.45761785;0.62247783,-0.2042854,0.45428149;0.62247783,-0.19273851,0.45066842;0.62247783,-0.185502,0.44894306;0.62247783,-0.17663213,0.44794023;0.62247783,-0.17081955,0.44752127;0.62247783,-0.16014816,0.44714708;0.62247783,-0.14548231,0.44714283;0.62247783,-0.14220016,0.4471619;0.62247783,-0.1353953,0.44709636;0.62247783,-0.12597731,0.44727241;0.62247783,-0.12308957,0.44742971;0.62247783,-0.10902329,0.44824438;0.62247783,-0.10228114,0.44842694;0.62247783,-0.09302189,0.4488652;0.62247783,-0.08300602,0.44967115;0.62247783,-0.07526649,0.45015555;0.62247783,-0.06342597,0.45050335;0.62247783,-0.05812532,0.45075998;0.62247783,-0.04546312,0.45174704;0.62247783,-0.04071579,0.45191714;0.62247783,-0.02682398,0.45168026;0.62247783,-0.02441674,0.45172702;0.62247783,-0.00893268,0.45261524;0.62247783,-0.00564267,0.45268121;0.62247783,0.00915158,0.45225609;0.62247783,0.01199052,0.45224456;0.62247783,0.02637003,0.45263824;0.62247783,0.03056396,0.45258767;0.62247783,0.04389441,0.45185988;0.62247783,0.04760611,0.45176243;0.62247783,0.06095828,0.45192621;0.62247783,0.0686038,0.45175064;0.62247783,0.07812747,0.45101035;0.62247783,0.08665224,0.45053155;0.62247783,0.09487066,0.45037068;0.62247783,0.10701775,0.44991169;0.62247783,0.11156126,0.44966189;0.62247783,0.12700461,0.44896102;0.62247783,0.12834645,0.44892784;0.62247783,0.13178724,0.44899749;0.62247783,0.17478884,0.4503978;0.62247783,0.18084933,0.45082418;0.62247783,0.19282351,0.45327477;0.62247783,0.20828124,0.45930244;0.62247783,0.22078831,0.46782583;0.62247783,0.22402755,0.47287337;0.62247783,0.22915747,0.48328794;0.62247783,0.2260347,0.4935012;0.62247783,0.22335597,0.49647377;0.62247783,0.2057642,0.5129438;0.62247783,0.19683348,0.52011142;0.62247783,0.19464432,0.5212657;0.62247783,0.18976109,0.52252547;0.62247783,0.15492299,0.52673302;0.62247783,0.15344821,0.52689304;0.62247783,0.11458323,0.53099414;0.62247783,0.11355891,0.53107;0.62247783,0.08533001,0.53209727;0.62247783,0.07751715,0.53185631;0.62247783,0.07489743,0.53213444;0.62247783,0.07209355,0.53177866;0.62247783,0.04615899,0.52823453;0.62247783,0.0329674,0.52733997;0.62247783,0.01838041,0.52695484;0.62247783,0.00392881,0.52774224;0.62247783,-0.0068966,0.52668669;0.62247783,-0.02134821,0.52684158;0.62247783,-0.0341351,0.52791446;0.62247783,-0.04545446,0.52687159;0.62247783,-0.06388813,0.52784073;0.62247783,-0.07352209,0.52893878;0.62247783,-0.08180884,0.52804964;0.62247783,-0.11295145,0.52753273;0.62247783,-0.14738148,0.52304525;0.62247783,-0.15576436,0.52190668;0.62247783,-0.16933767,0.51688396;0.62247783,-0.18039625,0.51325624
-0.62247783,0.22873327,0.43217724;-0.62247783,0.22231854,0.43110213;-0.62247783,0.20267701,0.42922008;-0.62247783,0.19601762,0.4287599;-0.62247783,0.18718431,0.42823854;-0.62247783,0.18013955,0.42803102;-0.62247783,0.17678494,0.42804114;-0.62247783,0.16398987,0.42794526;-0.62247783,0.15222988,0.42755392;-0.62247783,0.14825497,0.4275513;-0.62247783,0.13825599,0.42797704;-0.62247783,0.13254116,0.42831613;-0.62247783,0.11687495,0.42877433;-0.62247783,0.10013309,0.42987436;-0.62247783,0.08543915,0.43038826;-0.62247783,0.07201815,0.43116868;-0.62247783,0.06866213,0.43131025;-0.62247783,0.05361876,0.43130057;-0.62247783,0.03548565,0.43203366;-0.62247783,0.02082399,0.43228903;-0.62247783,0.00306432,0.43269008;-0.62247783,0.00165301,0.43266955;-0.62247783,-0.01250028,0.43204895;-0.62247783,-0.01396654,0.43204266;-0.62247783,-0.04608455,0.43228598;-0.62247783,-0.04836412,0.43224938;-0.62247783,-0.0653918,0.43174723;-0.62247783,-0.06822561,0.43169248;-0.62247783,-0.0796286,0.43118654;-0.62247783,-0.08600917,0.43079944;-0.62247783,-0.09744879,0.43048235;-0.62247783,-0.10756672,0.43048606;-0.62247783,-0.1118736,0.43029085;-0.62247783,-0.12739839,0.4286912;-0.62247783,-0.12968834,0.42853317;-0.62247783,-0.13553126,0.4286299;-0.62247783,-0.14558269,0.42916569;-0.62247783,-0.15044928,0.42918169;-0.62247783,-0.16192002,0.42898323;-0.62247783,-0.17478292,0.42932299;-0.62247783,-0.17758854,0.42942255;-0.62247783,-0.18342415,0.42944163;-0.62247783,-0.1945563,0.42975807;-0.62247783,-0.20241775,0.43019386;-0.62247783,-0.21086507,0.43083996;-0.62247783,-0.2210136,0.43160894;-0.62247783,-0.22775438,0.43263692;-0.62247783,-0.23662587,0.43429077;-0.62247783,-0.24954845,0.4380584;-0.62247783,-0.26415865,0.44589557;-0.62247783,-0.26682657,0.4469801;-0.62247783,-0.2824375,0.45109486;-0.62247783,-0.29144391,0.45637472;-0.62247783,-0.2919221,0.46647613;-0.62247783,-0.28671193,0.47800402;-0.62247783,-0.27849352,0.48584031;-0.62247783,-0.25845346,0.49786889;-0.62247783,-0.24823213,0.50463223;-0.62247783,-0.23215892,0.51348411;-0.62247783,-0.20116207,0.52602529;-0.62247783,-0.1950374,0.52731956;-0.62247783,-0.15814937,0.53139344;-0.62247783,-0.15589858,0.5315606;-0.62247783,-0.11535625,0.53355047;-0.62247783,-0.11282853,0.53368434;-0.62247783,-0.07511514,0.53609008;-0.62247783,-0.07379283,0.53615402;-0.62247783,-0.0439172,0.53714433;-0.62247783,-0.0360513,0.53715764;-0.62247783,-0.03467295,0.53728093;-0.62247783,-0.03325055,0.53724268;-0.62247783,-0.02333524,0.53743602;-0.62247783,0.0030672,0.53729899;-0.62247783,0.03868063,0.53714304;-0.62247783,0.07383968,0.53570642;-0.62247783,0.07647272,0.53555839;-0.62247783,0.11075781,0.53281568;-0.62247783,0.11604683,0.53244092;-0.62247783,0.15021623,0.52968115;-0.62247783,0.15535939,0.52927936;-0.62247783,0.19348443,0.52567662;-0.62247783,0.22937261,0.52167212;-0.62247783,0.23577878,0.51938776;-0.62247783,0.24772063,0.5137567;-0.62247783,0.26423425,0.50610553;-0.62247783,0.29570828,0.49300374;-0.62247783,0.29811253,0.49180487;-0.62247783,0.29863426,0.4903075;-0.62247783,0.2969048,0.4845014;-0.62247783,0.28432513,0.46552012;-0.62247783,0.27945482,0.46035152;-0.62247783,0.26915158,0.44822943;-0.62247783,0.26054408,0.44234572;-0.62247783,0.2497297,0.43682313;-0.62247783,0.24527104,0.43533678;-0.62247783,0.23828416,0.4338305
0.62247783,-0.2153931,0.52656834;0.62247783,-0.23430623,0.5191837;0.62247783,-0.25490786,0.50742435;0.62247783,-0.2802689,0.49039055;0.62247783,-0.28614713,0.4835327;0.62247783,-0.29216198,0.46808758;0.62247783,-0.29158081,0.45700555;0.62247783,-0.28228351,0.45034976;0.62247783,-0.27048712,0.44510514;0.62247783,-0.26294227,0.44149388;0.62247783,-0.25238767,0.43638857;0.62247783,-0.23094118,0.43044584;0.62247783,-0.22763479,0.42973162;0.62247783,-0.22522154,0.4294611;0.62247783,-0.21048292,0.42891759;0.62247783,-0.18730388,0.42831046;0.62247783,-0.17770978,0.42830592;0.62247783,-0.17262494,0.42828225;0.62247783,-0.16213357,0.42853304;0.62247783,-0.15020192,0.42941938;0.62247783,-0.14544503,0.42969671;0.62247783,-0.13029535,0.43025939;0.62247783,-0.12796935,0.43044103;0.62247783,-0.11222746,0.43234555;0.62247783,-0.10925412,0.43262556;0.62247783,-0.09687842,0.43336966;0.62247783,-0.08936121,0.43401743;0.62247783,-0.07928283,0.43518905;0.62247783,-0.0717292,0.43597227;0.62247783,-0.06321456,0.43651674;0.62247783,-0.05253415,0.43722604;0.62247783,-0.04494072,0.43784678;0.62247783,-0.03612736,0.43829399;0.62247783,-0.03019193,0.43840136;0.62247783,-0.01740907,0.43871671;0.62247783,-0.01139836,0.43897765;0.62247783,-0.00095932,0.43928882;0.62247783,0.00470117,0.43923133;0.62247783,0.01718688,0.43909956;0.62247783,0.02411346,0.43906358;0.62247783,0.03304285,0.43870589;0.62247783,0.05068053,0.43779953;0.62247783,0.05929347,0.43750555;0.62247783,0.06665954,0.43706327;0.62247783,0.07575451,0.43612202;0.62247783,0.08382559,0.43546213;0.62247783,0.09569597,0.43478878;0.62247783,0.09954564,0.43446458;0.62247783,0.11598136,0.43285585;0.62247783,0.12623817,0.4322307;0.62247783,0.13210739,0.43203859;0.62247783,0.13447935,0.43189886;0.62247783,0.14799806,0.43080744;0.62247783,0.15499425,0.43050062;0.62247783,0.16390233,0.43043028;0.62247783,0.17852953,0.43019886;0.62247783,0.18021479,0.43016827;0.62247783,0.18381726,0.43023965;0.62247783,0.20491646,0.43101524;0.62247783,0.22106637,0.43211512;0.62247783,0.22867828,0.4333438;0.62247783,0.23907764,0.43537914;0.62247783,0.24842744,0.43833106;0.62247783,0.27129054,0.44965318;0.62247783,0.27795881,0.45645201;0.62247783,0.28407312,0.46652081;0.62247783,0.28430068,0.48090663;0.62247783,0.27904463,0.49291936;0.62247783,0.26207072,0.50583597;0.62247783,0.24977907,0.51340405;0.62247783,0.23639369,0.52011372;0.62247783,0.22766524,0.52368144;0.62247783,0.19941969,0.52778641;0.62247783,0.19535879,0.52815679;0.62247783,0.15753746,0.53071684;0.62247783,0.15182068,0.53111611;0.62247783,0.11716431,0.53430669;0.62247783,0.11184311,0.53465805;0.62247783,0.07762494,0.53662764;0.62247783,0.07353512,0.53681668;0.62247783,0.04108771,0.53826702;0.62247783,0.00254777,0.538887;0.62247783,-0.03572989,0.53860324;0.62247783,-0.07303478,0.53776569;0.62247783,-0.07586087,0.53765021;0.62247783,-0.11123876,0.53530581;0.62247783,-0.15804772,0.53298014;0.62247783,-0.19467292,0.52965297
-0.62247783,-0.35095101,0.4581562;-0.62247783,-0.3497808,0.45968657;-0.62247783,-0.32366009,0.48904647;-0.62247783,-0.27840959,0.52090997;-0.62247783,-0.27280701,0.5240975;-0.62247783,-0.26082714,0.52800555;-0.62247783,-0.24005491,0.53080181;-0.62247783,-0.19324656,0.53338669;-0.62247783,-0.16066508,0.53528813;-0.62247783,-0.15372059,0.53556987;-0.62247783,-0.11822892,0.5368946;-0.62247783,-0.11104472,0.53718125;-0.62247783,-0.07806147,0.53905907;-0.62247783,-0.07193078,0.53930244;-0.62247783,-0.03759522,0.54050701;-0.62247783,-0.03297954,0.54056648;-0.62247783,-0.00062435,0.54033099;-0.62247783,0.00515395,0.54033882;-0.62247783,0.03619947,0.54067165;-0.62247783,0.04127114,0.54058335;-0.62247783,0.07199486,0.53902431;-0.62247783,0.07926514,0.53864555;-0.62247783,0.1092425,0.53643123;-0.62247783,0.11883768,0.53587738;-0.62247783,0.14876765,0.53379231;-0.62247783,0.15826073,0.53328134;-0.62247783,0.19201924,0.53115156;-0.62247783,0.24028312,0.52884113;-0.62247783,0.27591276,0.52569203;-0.62247783,0.27736344,0.52548308;-0.62247783,0.29416907,0.52075531;-0.62247783,0.3094523,0.51205797;-0.62247783,0.33093648,0.4918721;-0.62247783,0.33324837,0.48954294;-0.62247783,0.33419938,0.48825585;-0.62247783,0.35181419,0.46139512;-0.62247783,0.35266054,0.45995737;-0.62247783,0.35241633,0.45807225;-0.62247783,0.34782834,0.43460863;-0.62247783,0.3427018,0.42733605;-0.62247783,0.33771841,0.42550266;-0.62247783,0.32967254,0.42517082;-0.62247783,0.31620133,0.42460986;-0.62247783,0.30670201,0.42071907;-0.62247783,0.29448877,0.41519606;-0.62247783,0.28646731,0.41346727;-0.62247783,0.27864563,0.4127678;-0.62247783,0.26186792,0.41123292;-0.62247783,0.25791467,0.410958;-0.62247783,0.22889297,0.41014002;-0.62247783,0.22383537,0.4099986;-0.62247783,0.21320643,0.40991378;-0.62247783,0.20641824,0.41007017;-0.62247783,0.19754191,0.41011055;-0.62247783,0.18475795,0.40985867;-0.62247783,0.18159709,0.40988677;-0.62247783,0.17995357,0.4100493;-0.62247783,0.16595121,0.41157122;-0.62247783,0.1517107,0.41247253;-0.62247783,0.13557558,0.41379386;-0.62247783,0.12162393,0.41434986;-0.62247783,0.11959895,0.41449499;-0.62247783,0.10494805,0.41563105;-0.62247783,0.0902898,0.41615815;-0.62247783,0.08061939,0.41684078;-0.62247783,0.07559089,0.41706477;-0.62247783,0.05972577,0.41709515;-0.62247783,0.04424939,0.4177799;-0.62247783,0.03021607,0.41775235;-0.62247783,0.02745889,0.41780689;-0.62247783,0.01784773,0.41844167;-0.62247783,0.011863,0.41876754;-0.62247783,0.00480913,0.41829684;-0.62247783,-0.00220679,0.41780275;-0.62247783,-0.00399335,0.41776605;-0.62247783,-0.01354736,0.4181244;-0.62247783,-0.02146396,0.41843294;-0.62247783,-0.02600728,0.41817611;-0.62247783,-0.03555371,0.41764842;-0.62247783,-0.03872437,0.4176399;-0.62247783,-0.05325261,0.41804333;-0.62247783,-0.05499468,0.4179973;-0.62247783,-0.0672781,0.41694866;-0.62247783,-0.07352668,0.41664198;-0.62247783,-0.08460336,0.41651876;-0.62247783,-0.09299332,0.4162831;-0.62247783,-0.09994048,0.41592282;-0.62247783,-0.11393956,0.41555978;-0.62247783,-0.1321177,0.41457102;-0.62247783,-0.13351711,0.41449349;-0.62247783,-0.14632925,0.41356;-0.62247783,-0.15387741,0.4128734;-0.62247783,-0.16340179,0.41221739;-0.62247783,-0.17840895,0.41168646;-0.62247783,-0.19492249,0.41074885;-0.62247783,-0.2108114,0.4104743;-0.62247783,-0.2254394,0.4099229;-0.62247783,-0.22822786,0.40990582;-0.62247783,-0.24433755,0.41032082;-0.62247783,-0.25754102,0.41051712;-0.62247783,-0.26096565,0.4106902;-0.62247783,-0.26563851,0.41094922;-0.62247783,-0.27815148,0.41199477;-0.62247783,-0.29523716,0.41447849;-0.62247783,-0.30739046,0.41793347;-0.62247783,-0.31424991,0.42004298;-0.62247783,-0.33019741,0.42154367;-0.62247783,-0.33743852,0.42229908;-0.62247783,-0.34080402,0.42391862;-0.62247783,-0.34362011,0.42910057;-0.62247783,-0.35053619,0.45565659
-0.62247783,0.05555402,0.17963005;-0.62247783,0.05573575,0.17742121;-0.62247783,0.05356644,0.1767582;-0.62247783,0.05205893,0.17850205;-0.62247783,0.05318108,0.18086058
-0.62247783,0.14008753,0.16003327;-0.62247783,0.13757371,0.1625386;-0.62247783,0.13721748,0.16495371;-0.62247783,0.14028423,0.16561407;-0.62247783,0.14202138,0.16452849;-0.62247783,0.14196648,0.16263432
-0.62247783,0.02838984,0.19820367;-0.62247783,0.02865446,0.19833466
-0.62247783,-0.05124795,0.17085614;-0.62247783,-0.04994707,0.17033943;-0.62247783,-0.04696668,0.16775568;-0.62247783,-0.05076426,0.16730203;-0.62247783,-0.0530169,0.16737102;-0.62247783,-0.05229663,0.16971156
-0.2629268,-0.62247783,0.44181027;-0.25444892,-0.62247783,0.44510546;-0.23850784,-0.62247783,0.45302061;-0.2221714,-0.62247783,0.46334543;-0.21288469,-0.62247783,0.47198853;-0.21141803,-0.62247783,0.47456905;-0.20795845,-0.62247783,0.48905743;-0.21183602,-0.62247783,0.50914421;-0.21728501,-0.62247783,0.52042878;-0.24834531,-0.62247783,0.55648562;-0.2670166,-0.62247783,0.5723599;-0.28329847,-0.62247783,0.58232847;-0.306228,-0.62247783,0.59326787;-0.31419934,-0.62247783,0.59624634;-0.31810457,-0.62247783,0.5968208;-0.35120836,-0.62247783,0.59842328;-0.35798978,-0.62247783,0.5979491;-0.37719123,-0.62247783,0.5922953;-0.38961216,-0.62247783,0.5864646;-0.40277149,-0.62247783,0.57583855;-0.41469797,-0.62247783,0.56332406;-0.41716483,-0.62247783,0.55906498;-0.42687311,-0.62247783,0.53545869;-0.4299837,-0.62247783,0.52570239;-0.4301985,-0.62247783,0.52243143;-0.42855749,-0.62247783,0.49386329;-0.42421962,-0.62247783,0.47529024;-0.41518001,-0.62247783,0.45854886;-0.40444838,-0.62247783,0.44580587;-0.39166877,-0.62247783,0.43711252;-0.3731839,-0.62247783,0.42983959;-0.36473417,-0.62247783,0.42858792;-0.35021863,-0.62247783,0.42973251;-0.34126091,-0.62247783,0.43086541;-0.33531283,-0.62247783,0.43094441;-0.31381583,-0.62247783,0.43158075;-0.30076256,-0.62247783,0.43271206;-0.28575719,-0.62247783,0.43482404;-0.28126552,-0.62247783,0.43577396;-0.27708865,-0.62247783,0.43695132
0.2269667,-0.62247783,0.51120777;0.22689388,-0.62247783,0.49392769;0.22948582,-0.62247783,0.48404871;0.2326617,-0.62247783,0.47896424;0.24224392,-0.62247783,0.46155212;0.24409852,-0.62247783,0.45902414;0.24625893,-0.62247783,0.45778587;0.26356479,-0.62247783,0.44946863;0.2677455,-0.62247783,0.44811644;0.28576733,-0.62247783,0.44467224;0.29505472,-0.62247783,0.44147744;0.30938972,-0.62247783,0.43694985;0.31993656,-0.62247783,0.43527112;0.3466696,-0.62247783,0.43348265;0.36960242,-0.62247783,0.43088057;0.37202427,-0.62247783,0.43074537;0.37508741,-0.62247783,0.43203852;0.39503294,-0.62247783,0.44485721;0.41358218,-0.62247783,0.45780786;0.41698323,-0.62247783,0.46256216;0.42391447,-0.62247783,0.49276431;0.42752921,-0.62247783,0.52514109;0.42729662,-0.62247783,0.52755652;0.4175088,-0.62247783,0.55870292;0.41461385,-0.62247783,0.56432287;0.39758544,-0.62247783,0.58430723;0.39147634,-0.62247783,0.58961905;0.38371801,-0.62247783,0.59240967;0.35823737,-0.62247783,0.59764939;0.3517106,-0.62247783,0.59766446;0.32081883,-0.62247783,0.59363375;0.31640968,-0.62247783,0.59279269;0.31507653,-0.62247783,0.59207642;0.28754507,-0.62247783,0.57485885;0.26448235,-0.62247783,0.55888635;0.2597026,-0.62247783,0.55480075;0.24953582,-0.62247783,0.5452226;0.23548086,-0.62247783,0.52936461;0.23312301,-0.62247783,0.52601224
0.62247783,-0.01784147,0.42604608;0.62247783,-0.00899778,0.42611577;0.62247783,-0.0000403,0.42640947;0.62247783,0.0074256,0.42672314;0.62247783,0.01676872,0.42663813;0.62247783,0.02399143,0.42622549;0.62247783,0.03304786,0.4257884;0.62247783,0.03993848,0.42559969;0.62247783,0.05059724,0.42495747;0.62247783,0.0568499,0.42443911;0.62247783,0.06772345,0.42384734;0.62247783,0.07226486,0.42364638;0.62247783,0.08706421,0.42247981;0.62247783,0.0891735,0.42225722;0.62247783,0.10249135,0.42088196;0.62247783,0.10366425,0.42075816;0.62247783,0.12031167,0.41877871;0.62247783,0.12329656,0.4184865;0.62247783,0.13500212,0.41736931;0.62247783,0.14047911,0.4166897;0.62247783,0.15129346,0.41544664;0.62247783,0.16222539,0.41455426;0.62247783,0.16605752,0.41420851;0.62247783,0.18189386,0.41286872;0.62247783,0.2086769,0.41204048;0.62247783,0.21362505,0.41191269;0.62247783,0.24562256,0.41187873;0.62247783,0.25601946,0.41216821;0.62247783,0.26181017,0.41272697;0.62247783,0.27208461,0.41390107;0.62247783,0.27881886,0.41459807;0.62247783,0.28376382,0.41506775;0.62247783,0.29451269,0.41696859;0.62247783,0.30782563,0.42250377;0.62247783,0.31744566,0.42652343;0.62247783,0.33201521,0.42693421;0.62247783,0.33949185,0.42718974;0.62247783,0.34372474,0.42901589;0.62247783,0.34648655,0.43532916;0.62247783,0.34362889,0.45896894;0.62247783,0.33016212,0.48280248;0.62247783,0.3258631,0.49000425;0.62247783,0.30770867,0.50882549;0.62247783,0.28106554,0.52317178;0.62247783,0.27562058,0.52565755;0.62247783,0.26985276,0.52726392;0.62247783,0.24149855,0.53092137;0.62247783,0.23802312,0.53117046;0.62247783,0.20193157,0.53255614;0.62247783,0.19334655,0.53286529;0.62247783,0.16010403,0.53447033;0.62247783,0.15012474,0.53498779;0.62247783,0.11980214,0.53745737;0.62247783,0.11018102,0.53796605;0.62247783,0.08027073,0.53945618;0.62247783,0.0717221,0.53973299;0.62247783,0.04335873,0.54056205;0.62247783,-0.03869256,0.54094003;0.62247783,-0.07129573,0.54058731;0.62247783,-0.07873966,0.54038379;0.62247783,-0.10970391,0.53867489;0.62247783,-0.16067352,0.53689051;0.62247783,-0.1929412,0.53497784;0.62247783,-0.24091288,0.53222943;0.62247783,-0.27186061,0.52872511;0.62247783,-0.27470566,0.52784023;0.62247783,-0.30277599,0.51395477;0.62247783,-0.32624817,0.5020236;0.62247783,-0.33099536,0.49900042;0.62247783,-0.33411395,0.49436476;0.62247783,-0.34307984,0.4683545;0.62247783,-0.34427208,0.46260283;0.62247783,-0.3437515,0.46093638;0.62247783,-0.32960426,0.4352482;0.62247783,-0.31233032,0.42335314;0.62247783,-0.3063252,0.41955345;0.62247783,-0.29513695,0.41451955;0.62247783,-0.28693358,0.41288631;0.62247783,-0.27808218,0.41189428;0.62247783,-0.26049837,0.41018699;0.62247783,-0.25934234,0.41012721;0.62247783,-0.22821095,0.40960451;0.62247783,-0.20136422,0.4101607;0.62247783,-0.19411842,0.4104311;0.62247783,-0.18029643,0.41143559;0.62247783,-0.17754441,0.41165371;0.62247783,-0.16332564,0.41261734;0.62247783,-0.15436236,0.41362385;0.62247783,-0.13552931,0.41627943;0.62247783,-0.13168928,0.41670786;0.62247783,-0.09988711,0.42005703;0.62247783,-0.09713534,0.42034808;0.62247783,-0.08286589,0.42162517;0.62247783,-0.07778634,0.42207657;0.62247783,-0.06652565,0.42333817;0.62247783,-0.06087546,0.42400652;0.62247783,-0.05000567,0.42474058;0.62247783,-0.04326625,0.42497703;0.62247783,-0.03397183,0.42540322;0.62247783,-0.02654124,0.4258213
0.62247783,-0.04958828,0.20989071;0.62247783,-0.05046267,0.21023654;0.62247783,-0.05096314,0.21006096;0.62247783,-0.05306793,0.2080274;0.62247783,-0.05113996,0.20701762;0.62247783,-0.04730682,0.20648895
0.62247783,0.04591114,0.21065158;0.62247783,0.04244098,0.21051893;0.62247783,0.03047653,0.20878168;0.62247783,0.01947993,0.21471214;0.62247783,0.01788463,0.21538997;0.62247783,0.01717496,0.21526537;0.62247783,0.0137951,0.21273475;0.62247783,0.01701394,0.20918386;0.62247783,0.02640378,0.199306;0.62247783,0.02814211,0.1980522;0.62247783,0.0296471,0.19760623;0.62247783,0.03315137,0.19831877;0.62247783,0.04459649,0.20250531;0.62247783,0.04918195,0.20668797;0.62247783,0.04780863,0.21002784
0.62247783,-0.08592701,0.19730406;0.62247783,-0.08701633,0.19596293;0.62247783,-0.08620263,0.19386281;0.62247783,-0.08349179,0.19461289;0.62247783,-0.08188154,0.19724568;0.62247783,-0.08491014,0.1976732
0.62247783,0.08320516,0.19606355;0.62247783,0.08346096,0.19967538;0.62247783,0.08308643,0.20040429;0.62247783,0.08241696,0.20058414;0.62247783,0.08058468,0.19997422;0.62247783,0.08058039,0.19844204
0.62247783,-0.01863664,0.20864644;0.62247783,-0.01612947,0.21161719;0.62247783,-0.01944425,0.21276481;0.62247783,-0.02131663,0.21209654;0.62247783,-0.02319752,0.20782702
-0.25288961,0.62247783,0.44467617;-0.26175273,0.62247783,0.44115568;-0.27427,0.62247783,0.43637538;-0.2804935,0.62247783,0.43458384;-0.28720761,0.62247783,0.43335265;-0.30100648,0.62247783,0.43190552;-0.31483242,0.62247783,0.43045163;-0.33526124,0.62247783,0.43143295;-0.34215814,0.62247783,0.43154169;-0.35352011,0.62247783,0.43029151;-0.36536905,0.62247783,0.42881399;-0.37802523,0.62247783,0.42865509;-0.38948049,0.62247783,0.43176636;-0.40573245,0.62247783,0.44496626;-0.41797882,0.62247783,0.45931494;-0.42532475,0.62247783,0.47371903;-0.43001264,0.62247783,0.49608844;-0.43130559,0.62247783,0.52594143;-0.4310502,0.62247783,0.5275617;-0.42015962,0.62247783,0.55754812;-0.4147925,0.62247783,0.5658518;-0.38911194,0.62247783,0.58729939;-0.3596475,0.62247783,0.60008008;-0.34806296,0.62247783,0.60172998;-0.32051655,0.62247783,0.60029007;-0.31252162,0.62247783,0.5986754;-0.29753794,0.62247783,0.59305663;-0.28148806,0.62247783,0.58512532;-0.26716855,0.62247783,0.57632268;-0.25333684,0.62247783,0.56603983;-0.24507723,0.62247783,0.55889046;-0.23088798,0.62247783,0.54324494;-0.21648659,0.62247783,0.52267528;-0.21107951,0.62247783,0.50936255;-0.20663863,0.62247783,0.49006658;-0.2120646,0.62247783,0.47563294;-0.2143042,0.62247783,0.47079121;-0.22005306,0.62247783,0.46305266;-0.22752151,0.62247783,0.45734949;-0.23734519,0.62247783,0.45210076;-0.24303082,0.62247783,0.44935382
0.42908422,0.62247783,0.49450423;0.41874946,0.62247783,0.4617516;0.41622342,0.62247783,0.45866021;0.39527126,0.62247783,0.44690635;0.37481639,0.62247783,0.43720017;0.37069954,0.62247783,0.43602913;0.34728868,0.62247783,0.43617034;0.32864557,0.62247783,0.43601523;0.32077024,0.62247783,0.43643953;0.31208756,0.62247783,0.43836999;0.29433564,0.62247783,0.44514543;0.28760375,0.62247783,0.44765851;0.26684906,0.62247783,0.45315911;0.24689149,0.62247783,0.4623467;0.24611326,0.62247783,0.46304265;0.23433701,0.62247783,0.48205348;0.23243232,0.62247783,0.48491167;0.22925005,0.62247783,0.49237638;0.22606219,0.62247783,0.50893852;0.23153509,0.62247783,0.52636066;0.23503778,0.62247783,0.53173901;0.25762456,0.62247783,0.55942333;0.25912054,0.62247783,0.56088155;0.28456332,0.62247783,0.58022745;0.30380598,0.62247783,0.59302005;0.31329271,0.62247783,0.59794251;0.32062702,0.62247783,0.60010507;0.34778788,0.62247783,0.60408983;0.36248031,0.62247783,0.60404246;0.39047857,0.62247783,0.59791507;0.39525544,0.62247783,0.59617956;0.39834006,0.62247783,0.59311511;0.41725235,0.62247783,0.56953413;0.42307519,0.62247783,0.55862084;0.43178173,0.62247783,0.5314899;0.43234346,0.62247783,0.52875607;0.43241734,0.62247783,0.52167077
-0.62247783,-0.36666967,-0.44484165;-0.62247783,-0.35707881,-0.42973748;-0.62247783,-0.35115054,-0.4229816;-0.62247783,-0.33506065,-0.40675987;-0.62247783,-0.33081916,-0.40465147;-0.62247783,-0.3260307,-0.40426113;-0.62247783,-0.31248501,-0.40483415;-0.62247783,-0.30051654,-0.40272587;-0.62247783,-0.29456246,-0.40190751;-0.62247783,-0.2780468,-0.40084376;-0.62247783,-0.27358722,-0.4007439;-0.62247783,-0.25126641,-0.40152861;-0.62247783,-0.24628677,-0.40190536;-0.62247783,-0.23997521,-0.40265275;-0.62247783,-0.22930224,-0.40489372;-0.62247783,-0.21339944,-0.40910575;-0.62247783,-0.20643744,-0.41090719;-0.62247783,-0.19751794,-0.41378889;-0.62247783,-0.18783499,-0.41734932;-0.62247783,-0.18053569,-0.41992412;-0.62247783,-0.16948013,-0.42351782;-0.62247783,-0.16415783,-0.42577654;-0.62247783,-0.15400513,-0.43084643;-0.62247783,-0.14644699,-0.43504432;-0.62247783,-0.13906989,-0.43897343;-0.62247783,-0.12896263,-0.4455119;-0.62247783,-0.12608078,-0.44777461;-0.62247783,-0.12268278,-0.45256379;-0.62247783,-0.11244029,-0.4736859;-0.62247783,-0.11249728,-0.48036738;-0.62247783,-0.11563824,-0.48896964;-0.62247783,-0.11704696,-0.49258263;-0.62247783,-0.12408958,-0.50571191;-0.62247783,-0.13488726,-0.51168479;-0.62247783,-0.15898581,-0.520979;-0.62247783,-0.16137256,-0.52174435;-0.62247783,-0.18754885,-0.52789921;-0.62247783,-0.21769155,-0.53328911;-0.62247783,-0.24617591,-0.53603382;-0.62247783,-0.26532816,-0.53519442;-0.62247783,-0.27971971,-0.53318136;-0.62247783,-0.30087526,-0.53170363;-0.62247783,-0.31046753,-0.53006072;-0.62247783,-0.31627466,-0.52739989;-0.62247783,-0.34120397,-0.50997597;-0.62247783,-0.34362711,-0.50798262;-0.62247783,-0.36381364,-0.48760638;-0.62247783,-0.36523054,-0.48513851;-0.62247783,-0.37031802,-0.45936235
-0.62247783,0.21160756,-0.53091244;-0.62247783,0.18749652,-0.52414832;-0.62247783,0.16845679,-0.51914083;-0.62247783,0.16036668,-0.51688446;-0.62247783,0.15460377,-0.51435193;-0.62247783,0.14802823,-0.51390822;-0.62247783,0.13441471,-0.51021081;-0.62247783,0.12662036,-0.50549392;-0.62247783,0.12292708,-0.49273006;-0.62247783,0.12219375,-0.48688962;-0.62247783,0.1204985,-0.47884263;-0.62247783,0.1194907,-0.47117881;-0.62247783,0.12142456,-0.46646147;-0.62247783,0.13049926,-0.45332405;-0.62247783,0.13466355,-0.44915231;-0.62247783,0.14270133,-0.44344012;-0.62247783,0.14531504,-0.44190803;-0.62247783,0.15742156,-0.4354287;-0.62247783,0.16240168,-0.43319012;-0.62247783,0.17356514,-0.42853438;-0.62247783,0.19015793,-0.42228114;-0.62247783,0.19476353,-0.42091267;-0.62247783,0.2097953,-0.41640022;-0.62247783,0.21123397,-0.41599252;-0.62247783,0.21596531,-0.41506233;-0.62247783,0.22752873,-0.41322926;-0.62247783,0.2333385,-0.41235295;-0.62247783,0.26149848,-0.40866777;-0.62247783,0.27806392,-0.40706627;-0.62247783,0.29328224,-0.40576452;-0.62247783,0.29508361,-0.40565295;-0.62247783,0.29645742,-0.4057218;-0.62247783,0.31147071,-0.40676337;-0.62247783,0.32453959,-0.40359543;-0.62247783,0.32951885,-0.40312628;-0.62247783,0.33642735,-0.40556314;-0.62247783,0.34978666,-0.42123907;-0.62247783,0.35685155,-0.42966185;-0.62247783,0.36603966,-0.4417459;-0.62247783,0.3692448,-0.45653222;-0.62247783,0.36881581,-0.48278738;-0.62247783,0.3682099,-0.48614086;-0.62247783,0.36689515,-0.48735242;-0.62247783,0.33930968,-0.50841233;-0.62247783,0.33510239,-0.51112409;-0.62247783,0.30774678,-0.52548782;-0.62247783,0.30230701,-0.52724961;-0.62247783,0.27435884,-0.53165375;-0.62247783,0.25795128,-0.53328925;-0.62247783,0.2443167,-0.53296083;-0.62247783,0.22024241,-0.53232593;-0.62247783,0.2161285,-0.5319511
-0.62247783,0.24674141,0.11455033;-0.62247783,0.23769819,0.11612822;-0.62247783,0.22875803,0.11227175;-0.62247783,0.22175418,0.11075168;-0.62247783,0.21848609,0.11058381;-0.62247783,0.20454956,0.110114;-0.62247783,0.19807043,0.10987271;-0.62247783,0.18308692,0.11295872;-0.62247783,0.18211728,0.11322657;-0.62247783,0.18101808,0.11370805;-0.62247783,0.16681023,0.12045015;-0.62247783,0.15899237,0.12142831;-0.62247783,0.14980428,0.11968111;-0.62247783,0.14603417,0.11961342;-0.62247783,0.13451438,0.1219511;-0.62247783,0.12692359,0.12459804;-0.62247783,0.11956239,0.12640277;-0.62247783,0.11055377,0.12906104;-0.62247783,0.1035513,0.13152807;-0.62247783,0.09235401,0.13256643;-0.62247783,0.07839834,0.13368795;-0.62247783,0.07513157,0.13449881;-0.62247783,0.06106502,0.14042729;-0.62247783,0.04591182,0.14290106;-0.62247783,0.04430667,0.14316181;-0.62247783,0.04185445,0.14349615;-0.62247783,0.02770293,0.14488313;-0.62247783,0.02025631,0.14470325;-0.62247783,0.00938362,0.14205841;-0.62247783,0.0047414,0.14083339;-0.62247783,-0.01056603,0.13924359;-0.62247783,-0.01479252,0.13923411;-0.62247783,-0.02520317,0.13938095;-0.62247783,-0.03220465,0.13966608;-0.62247783,-0.03720082,0.1395462;-0.62247783,-0.04847826,0.13967598;-0.62247783,-0.06063456,0.13796005;-0.62247783,-0.06446164,0.13725311;-0.62247783,-0.08192208,0.13409998;-0.62247783,-0.08555378,0.13353112;-0.62247783,-0.09759793,0.13140453;-0.62247783,-0.10446613,0.12948416;-0.62247783,-0.11329509,0.12913575;-0.62247783,-0.12236703,0.13416172;-0.62247783,-0.12402138,0.13553475;-0.62247783,-0.12664223,0.13543237;-0.62247783,-0.12903627,0.13412776;-0.62247783,-0.1411081,0.1257163;-0.62247783,-0.14860255,0.12268014;-0.62247783,-0.15548003,0.12082565;-0.62247783,-0.16050449,0.11928428;-0.62247783,-0.17155885,0.11727565;-0.62247783,-0.18185958,0.11735338;-0.62247783,-0.18956726,0.1175979;-0.62247783,-0.19909157,0.11774455;-0.62247783,-0.20543936,0.11748911;-0.62247783,-0.21692855,0.11765187;-0.62247783,-0.22490019,0.11794352;-0.62247783,-0.23355834,0.11268968;-0.62247783,-0.23917164,0.10959983;-0.62247783,-0.24365679,0.10870908;-0.62247783,-0.25713346,0.1054777;-0.62247783,-0.25919935,0.10538028;-0.62247783,-0.26311368,0.10799109;-0.62247783,-0.26851409,0.11486244;-0.62247783,-0.2779471,0.12081938;-0.62247783,-0.28223822,0.1228497;-0.62247783,-0.29067607,0.12461128;-0.62247783,-0.2964288,0.12534812;-0.62247783,-0.30772241,0.12411509;-0.62247783,-0.31072973,0.12367168;-0.62247783,-0.31154009,0.12157331;-0.62247783,-0.31165594,0.11789671;-0.62247783,-0.31052503,0.10840672;-0.62247783,-0.31333496,0.10198854;-0.62247783,-0.32171239,0.10057692;-0.62247783,-0.33146544,0.09825503;-0.62247783,-0.33392634,0.09831043;-0.62247783,-0.34195374,0.10130232;-0.62247783,-0.34589603,0.10460382;-0.62247783,-0.35490037,0.11128162;-0.62247783,-0.36651775,0.11439793;-0.62247783,-0.37516635,0.11592362;-0.62247783,-0.38314207,0.11576303;-0.62247783,-0.39169826,0.1186944;-0.62247783,-0.39684114,0.12183317;-0.62247783,-0.39783969,0.12472636;-0.62247783,-0.39733962,0.12628686;-0.62247783,-0.39533173,0.12778897;-0.62247783,-0.38278864,0.13351585;-0.62247783,-0.37905817,0.13503084;-0.62247783,-0.37766873,0.13636433;-0.62247783,-0.37679799,0.13728553;-0.62247783,-0.36777091,0.14827515;-0.62247783,-0.36658979,0.14904005;-0.62247783,-0.35437653,0.15360593;-0.62247783,-0.34995762,0.1541952;-0.62247783,-0.33265199,0.1552215;-0.62247783,-0.33120772,0.15536747;-0.62247783,-0.32864877,0.15576203;-0.62247783,-0.31492636,0.15844191;-0.62247783,-0.30770029,0.16011426;-0.62247783,-0.30153737,0.16195112;-0.62247783,-0.29383539,0.16089847;-0.62247783,-0.27461048,0.15883755;-0.62247783,-0.26259646,0.1589836;-0.62247783,-0.25670897,0.16114362;-0.62247783,-0.24940989,0.16581494;-0.62247783,-0.24631717,0.17462211;-0.62247783,-0.24556017,0.17675666;-0.62247783,-0.24360752,0.17754355;-0.62247783,-0.24256001,0.17757167;-0.62247783,-0.22679164,0.17718271;-0.62247783,-0.21525842,0.1803916;-0.62247783,-0.19682567,0.18388997;-0.62247783,-0.1955029,0.18414535;-0.62247783,-0.19360203,0.18416725;-0.62247783,-0.17621124,0.18419272;-0.62247783,-0.16278854,0.18818249;-0.62247783,-0.16045381,0.18892829;-0.62247783,-0.15947946,0.18916805;-0.62247783,-0.14499868,0.19170915;-0.62247783,-0.12181754,0.19757569;-0.62247783,-0.11407838,0.19985893;-0.62247783,-0.11174018,0.20052788;-0.62247783,-0.09999718,0.20412545;-0.62247783,-0.09471915,0.20640661;-0.62247783,-0.08099392,0.21188157;-0.62247783,-0.06593959,0.21532202;-0.62247783,-0.05923492,0.21741157;-0.62247783,-0.04798529,0.21956055;-0.62247783,-0.04039533,0.22025115;-0.62247783,-0.03411046,0.22084011;-0.62247783,-0.02486813,0.22238185;-0.62247783,-0.01327994,0.22433012;-0.62247783,-0.00821293,0.22438774;-0.62247783,0.00383549,0.22412186;-0.62247783,0.0114238,0.22429803;-0.62247783,0.02202462,0.22322597;-0.62247783,0.02988392,0.22161464;-0.62247783,0.03544573,0.22051451;-0.62247783,0.0449031,0.21936223;-0.62247783,0.05679013,0.21773297;-0.62247783,0.06230909,0.21589052;-0.62247783,0.07470829,0.21372891;-0.62247783,0.08000104,0.21296505;-0.62247783,0.09330813,0.20814421;-0.62247783,0.09666208,0.20643471;-0.62247783,0.10707163,0.20141696;-0.62247783,0.11173632,0.19982967;-0.62247783,0.11931102,0.19877484;-0.62247783,0.12824791,0.1982591;-0.62247783,0.14052527,0.1972172;-0.62247783,0.14513064,0.19623488;-0.62247783,0.15736906,0.19177606;-0.62247783,0.16213271,0.19017361;-0.62247783,0.1647541,0.1897305;-0.62247783,0.17994836,0.18819478;-0.62247783,0.18938831,0.18754174;-0.62247783,0.20015586,0.1880068;-0.62247783,0.2064,0.18736756;-0.62247783,0.21300238,0.1847223;-0.62247783,0.2179917,0.18018276;-0.62247783,0.22214771,0.17600843;-0.62247783,0.22744947,0.17496853;-0.62247783,0.24603741,0.17282927;-0.62247783,0.26072487,0.17320049;-0.62247783,0.27449137,0.16913704;-0.62247783,0.28296518,0.16332667;-0.62247783,0.28657702,0.1594129;-0.62247783,0.29693367,0.15045509;-0.62247783,0.29979456,0.1484719;-0.62247783,0.30297956,0.14751324;-0.62247783,0.31965898,0.14554398;-0.62247783,0.32216531,0.14503736;-0.62247783,0.33707973,0.1407141;-0.62247783,0.33967329,0.14018256;-0.62247783,0.35423598,0.13877391;-0.62247783,0.35677819,0.13891979;-0.62247783,0.36579166,0.14119422;-0.62247783,0.37273869,0.14361453;-0.62247783,0.37685599,0.1436982;-0.62247783,0.37954026,0.14255106;-0.62247783,0.39283201,0.1351872;-0.62247783,0.39566009,0.13342423;-0.62247783,0.39780696,0.13002092;-0.62247783,0.40097323,0.11855069;-0.62247783,0.400426,0.11269816;-0.62247783,0.39676268,0.10778213;-0.62247783,0.3848947,0.1067059;-0.62247783,0.37892075,0.10745198;-0.62247783,0.3732024,0.11094517;-0.62247783,0.36798708,0.11286777;-0.62247783,0.3663085,0.11302835;-0.62247783,0.36465908,0.11272146;-0.62247783,0.35365733,0.11143658;-0.62247783,0.34686186,0.1122847;-0.62247783,0.34007275,0.11473609;-0.62247783,0.32907414,0.11707991;-0.62247783,0.32742356,0.11744937;-0.62247783,0.31653381,0.12012497;-0.62247783,0.31020651,0.12033598;-0.62247783,0.30577021,0.11830025;-0.62247783,0.29515095,0.11357152;-0.62247783,0.28605292,0.11173128;-0.62247783,0.28064604,0.11168016;-0.62247783,0.27191455,0.11294883;-0.62247783,0.26429153,0.11325242;-0.62247783,0.25645758,0.11382226
-0.62247783,-0.02163588,-0.16017217;-0.62247783,-0.0183601,-0.16151547;-0.62247783,-0.01756036,-0.16843516;-0.62247783,-0.02444295,-0.16795077;-0.62247783,-0.02595241,-0.16301164;-0.62247783,-0.02387826,-0.16052391
-0.62247783,0.04110208,-0.0153066;-0.62247783,0.04261975,-0.01593469;-0.62247783,0.0565174,-0.01944728;-0.62247783,0.05911849,-0.02068648;-0.62247783,0.06113176,-0.02221998;-0.62247783,0.05904185,-0.0234779;-0.62247783,0.05761861,-0.02331648;-0.62247783,0.04002516,-0.02164167;-0.62247783,0.02093306,-0.02299267;-0.62247783,0.00784897,-0.02140151;-0.62247783,-0.00070122,-0.02369995;-0.62247783,-0.01001002,-0.02278661;-0.62247783,-0.02674006,-0.02041604;-0.62247783,-0.03489791,-0.019142;-0.62247783,-0.04301609,-0.01293322;-0.62247783,-0.04533305,-0.01031881;-0.62247783,-0.04477909,-0.00757747;-0.62247783,-0.04348079,-0.00675452;-0.62247783,-0.04078565,-0.0063345;-0.62247783,-0.02927622,-0.00545835;-0.62247783,-0.02020348,-0.00264931;-0.62247783,-0.01667777,-0.00225315;-0.62247783,-0.01415392,-0.00266403;-0.62247783,-0.00500873,-0.00521759;-0.62247783,0.00608708,-0.00642865;-0.62247783,0.02144276,-0.00374024;-0.62247783,0.02618465,-0.00400484;-0.62247783,0.02990385,-0.00579943
-0.62247783,-0.42257266,0.43083946;-0.62247783,-0.42138237,0.43400863;-0.62247783,-0.40965863,0.45710491;-0.62247783,-0.39901713,0.47177605;-0.62247783,-0.38404429,0.48975985;-0.62247783,-0.37531607,0.49742592;-0.62247783,-0.36344369,0.50542631;-0.62247783,-0.34603333,0.51601063;-0.62247783,-0.33123844,0.52331054;-0.62247783,-0.31650507,0.52720292;-0.62247783,-0.314398,0.5275577;-0.62247783,-0.27909423,0.53267373;-0.62247783,-0.27414818,0.53316855;-0.62247783,-0.24275559,0.5356134;-0.62247783,-0.19108047,0.53754071;-0.62247783,-0.16311898,0.53886081;-0.62247783,-0.15147538,0.53921981;-0.62247783,-0.12109523,0.54020737;-0.62247783,-0.10925297,0.54058928;-0.62247783,-0.08102786,0.54203066;-0.62247783,-0.07008829,0.542383;-0.62247783,-0.04071047,0.54330514;-0.62247783,-0.03106471,0.54340275;-0.62247783,-0.00338307,0.54321232;-0.62247783,0.007258,0.54322433;-0.62247783,0.03381996,0.54349061;-0.62247783,0.04385383,0.54335261;-0.62247783,0.07014421,0.54216099;-0.62247783,0.08205538,0.54165688;-0.62247783,0.10771097,0.53995934;-0.62247783,0.12161095,0.53929922;-0.62247783,0.1472282,0.53770353;-0.62247783,0.16104456,0.53709884;-0.62247783,0.18996121,0.53550729;-0.62247783,0.24272192,0.53350351;-0.62247783,0.27338226,0.53137528;-0.62247783,0.28031326,0.53084309;-0.62247783,0.31395726,0.52714003;-0.62247783,0.31801993,0.52656204;-0.62247783,0.34414422,0.52075586;-0.62247783,0.35059198,0.51758197;-0.62247783,0.36006573,0.51143;-0.62247783,0.37628065,0.49911405;-0.62247783,0.38814317,0.48815497;-0.62247783,0.39933102,0.47398139;-0.62247783,0.41082843,0.45658243;-0.62247783,0.4145399,0.44232556;-0.62247783,0.41442948,0.43343287;-0.62247783,0.41136893,0.42865129;-0.62247783,0.40349033,0.42682187;-0.62247783,0.39098168,0.42379791;-0.62247783,0.38533014,0.41958277;-0.62247783,0.37725271,0.41107488;-0.62247783,0.36907318,0.39973128;-0.62247783,0.35897822,0.39527476;-0.62247783,0.34580618,0.390351;-0.62247783,0.34189292,0.38949245;-0.62247783,0.32860351,0.38790677;-0.62247783,0.32209062,0.38675489;-0.62247783,0.30954359,0.38640556;-0.62247783,0.29489452,0.38674335;-0.62247783,0.29194527,0.38686744;-0.62247783,0.244292,0.38945374;-0.62247783,0.23317559,0.39029129;-0.62247783,0.22840837,0.39057512;-0.62247783,0.22248766,0.39081683;-0.62247783,0.21345124,0.39146703;-0.62247783,0.20824725,0.39216454;-0.62247783,0.19849796,0.3934764;-0.62247783,0.18804362,0.39451652;-0.62247783,0.18422034,0.39487901;-0.62247783,0.17572471,0.39607412;-0.62247783,0.16819059,0.39704982;-0.62247783,0.16509133,0.39725704;-0.62247783,0.15430161,0.3977553;-0.62247783,0.14520494,0.39869235;-0.62247783,0.14011657,0.39911202;-0.62247783,0.12442135,0.39987217;-0.62247783,0.11783819,0.40057078;-0.62247783,0.10845742,0.40180054;-0.62247783,0.09515307,0.40232871;-0.62247783,0.09297969,0.40248667;-0.62247783,0.07670775,0.40446169;-0.62247783,0.06742496,0.40472764;-0.62247783,0.06149092,0.40495253;-0.62247783,0.04425836,0.40646463;-0.62247783,0.02882683,0.40661959;-0.62247783,0.02027078,0.40719821;-0.62247783,0.01277396,0.40770827;-0.62247783,0.00663968,0.40743026;-0.62247783,-0.00237857,0.40704984;-0.62247783,-0.01967472,0.40723548;-0.62247783,-0.03514926,0.40622063;-0.62247783,-0.04305953,0.40614875;-0.62247783,-0.05147245,0.40609271;-0.62247783,-0.06034171,0.4049904;-0.62247783,-0.06672164,0.40423346;-0.62247783,-0.07245197,0.40395938;-0.62247783,-0.0849372,0.40335703;-0.62247783,-0.09799109,0.40141094;-0.62247783,-0.09999729,0.40109898;-0.62247783,-0.10182667,0.40102158;-0.62247783,-0.11727017,0.40058913;-0.62247783,-0.12227372,0.40006856;-0.62247783,-0.13162238,0.39918424;-0.62247783,-0.14893707,0.3980026;-0.62247783,-0.15839012,0.39731843;-0.62247783,-0.16403899,0.39684257;-0.62247783,-0.1740099,0.39636987;-0.62247783,-0.17741235,0.39608571;-0.62247783,-0.19518022,0.39395936;-0.62247783,-0.20407415,0.39309308;-0.62247783,-0.21026134,0.39225282;-0.62247783,-0.22382768,0.39010458;-0.62247783,-0.22613489,0.38985335;-0.62247783,-0.24178547,0.38900018;-0.62247783,-0.2563195,0.38750476;-0.62247783,-0.25896165,0.38723805;-0.62247783,-0.27471832,0.38638563;-0.62247783,-0.28901786,0.38530495;-0.62247783,-0.29149731,0.38508694;-0.62247783,-0.29418892,0.38497949;-0.62247783,-0.30902673,0.3847866;-0.62247783,-0.32451487,0.38483659;-0.62247783,-0.34306301,0.38636658;-0.62247783,-0.3447626,0.38669072;-0.62247783,-0.3596978,0.39147723;-0.62247783,-0.37520373,0.39870346;-0.62247783,-0.3899102,0.41675703;-0.62247783,-0.39136661,0.41835368;-0.62247783,-0.39336739,0.41934631;-0.62247783,-0.41884528,0.42728142;-0.62247783,-0.4219371,0.42901369
-0.62247783,0.35986877,-0.08572809;-0.62247783,0.36237412,-0.08382579;-0.62247783,0.37178822,-0.07712123;-0.62247783,0.37716301,-0.07282476;-0.62247783,0.38223925,-0.0689844;-0.62247783,0.3882028,-0.06219202;-0.62247783,0.38999339,-0.05940287;-0.62247783,0.39424861,-0.05865419;-0.62247783,0.39716316,-0.06094116;-0.62247783,0.4054319,-0.06642558;-0.62247783,0.41280046,-0.06980178;-0.62247783,0.42544895,-0.07315875;-0.62247783,0.42659833,-0.07398911;-0.62247783,0.43278644,-0.08503452;-0.62247783,0.43816186,-0.09541272;-0.62247783,0.43912134,-0.09789617;-0.62247783,0.43895405,-0.09940762;-0.62247783,0.43717509,-0.10248268;-0.62247783,0.43182644,-0.11100055;-0.62247783,0.43062054,-0.11690022;-0.62247783,0.42984168,-0.12995019;-0.62247783,0.42943864,-0.1326288;-0.62247783,0.42876001,-0.13335778;-0.62247783,0.41819573,-0.14273396;-0.62247783,0.40692508,-0.15300559;-0.62247783,0.40589937,-0.15384953;-0.62247783,0.40489253,-0.15382;-0.62247783,0.39095265,-0.1513354;-0.62247783,0.38370452,-0.15221824;-0.62247783,0.37618069,-0.15521048;-0.62247783,0.36895741,-0.16334998;-0.62247783,0.36734318,-0.16484893;-0.62247783,0.36585091,-0.16508966;-0.62247783,0.3623344,-0.16390134;-0.62247783,0.36156669,-0.1615251;-0.62247783,0.35729463,-0.1531073;-0.62247783,0.35222547,-0.14958613;-0.62247783,0.3438245,-0.14641179;-0.62247783,0.33667064,-0.14584697;-0.62247783,0.32872659,-0.14491423;-0.62247783,0.32002103,-0.14046387;-0.62247783,0.31255058,-0.13689902;-0.62247783,0.30701893,-0.13311176;-0.62247783,0.29581371,-0.12247834;-0.62247783,0.29525277,-0.12136778;-0.62247783,0.29439221,-0.11070811;-0.62247783,0.29863351,-0.10656217;-0.62247783,0.30218275,-0.10565776;-0.62247783,0.31132829,-0.10819601;-0.62247783,0.31655873,-0.1101517;-0.62247783,0.32194975,-0.1116438;-0.62247783,0.3252117,-0.10766543;-0.62247783,0.33280281,-0.10065662;-0.62247783,0.33431433,-0.09864391;-0.62247783,0.33472706,-0.09458141;-0.62247783,0.33457102,-0.08913906;-0.62247783,0.33824309,-0.08636215;-0.62247783,0.3525453,-0.08596352;-0.62247783,0.3570667,-0.08612921
-0.62247783,0.00266947,-0.16110719;-0.62247783,0.00747453,-0.15789607;-0.62247783,0.01206655,-0.15781799;-0.62247783,0.03609177,-0.16161797;-0.62247783,0.0417537,-0.16277245;-0.62247783,0.05122764,-0.16572478;-0.62247783,0.05297407,-0.16657287;-0.62247783,0.05408982,-0.16805613;-0.62247783,0.0526702,-0.17120799;-0.62247783,0.03973816,-0.18212477;-0.62247783,0.03880684,-0.18232545;-0.62247783,0.01827199,-0.17921282;-0.62247783,0.00290859,-0.17555518;-0.62247783,0.00012405,-0.1732597
-0.62247783,0.18344885,-0.12991897;-0.62247783,0.18900539,-0.1259637;-0.62247783,0.19402413,-0.12932446;-0.62247783,0.19165281,-0.13543679;-0.62247783,0.18672731,-0.13698318;-0.62247783,0.18309563,-0.13483924
-0.62247783,-0.42249956,-0.12069246;-0.62247783,-0.4248669,-0.11335408;-0.62247783,-0.42597654,-0.10464212;-0.62247783,-0.42537877,-0.09908474;-0.62247783,-0.41932431,-0.08447959;-0.62247783,-0.41027301,-0.0731304;-0.62247783,-0.40748753,-0.07179579;-0.62247783,-0.39318068,-0.07278888;-0.62247783,-0.38629413,-0.07520179;-0.62247783,-0.37508291,-0.07709863;-0.62247783,-0.36723393,-0.07845242;-0.62247783,-0.35835298,-0.08082881;-0.62247783,-0.35082808,-0.08388661;-0.62247783,-0.33944709,-0.08933542;-0.62247783,-0.33662367,-0.09063457;-0.62247783,-0.32210789,-0.09613788;-0.62247783,-0.3180549,-0.0975471;-0.62247783,-0.30278686,-0.10200035;-0.62247783,-0.29878744,-0.10306162;-0.62247783,-0.29983854,-0.10682232;-0.62247783,-0.30681217,-0.11916569;-0.62247783,-0.3104635,-0.12549746;-0.62247783,-0.31828766,-0.13294309;-0.62247783,-0.32057054,-0.13864593;-0.62247783,-0.32117827,-0.14393115;-0.62247783,-0.32102583,-0.14561248;-0.62247783,-0.31931892,-0.15052931;-0.62247783,-0.3180168,-0.15490967;-0.62247783,-0.32131692,-0.15686102;-0.62247783,-0.33392049,-0.15823197;-0.62247783,-0.3383682,-0.15838536;-0.62247783,-0.34471078,-0.15582393;-0.62247783,-0.34841809,-0.15381272;-0.62247783,-0.35300192,-0.15361098;-0.62247783,-0.36083598,-0.15482673;-0.62247783,-0.36570709,-0.15524522;-0.62247783,-0.37939829,-0.1530869;-0.62247783,-0.3909526,-0.15175729;-0.62247783,-0.39362747,-0.15122445;-0.62247783,-0.39879268,-0.1481042;-0.62247783,-0.4046745,-0.14322122;-0.62247783,-0.41035843,-0.13916346;-0.62247783,-0.41523108,-0.13445383;-0.62247783,-0.41751433,-0.13117018
-0.62247783,0.23862436,-0.13402006;-0.62247783,0.23798893,-0.13413752;-0.62247783,0.23756263,-0.13377874;-0.62247783,0.23759146,-0.13303188;-0.62247783,0.23842647,-0.13223349;-0.62247783,0.23992892,-0.13261645
-0.62247783,-0.15365081,-0.10177731;-0.62247783,-0.15254571,-0.10067064;-0.62247783,-0.15103299,-0.10072639;-0.62247783,-0.15043261,-0.10190252;-0.62247783,-0.15086083,-0.10309686;-0.62247783,-0.15339526,-0.10467773
-0.62247783,0.14464635,-0.09348149;-0.62247783,0.14155196,-0.09197191;-0.62247783,0.14202565,-0.08819663;-0.62247783,0.14439502,-0.08485529;-0.62247783,0.14739631,-0.08703384;-0.62247783,0.14781127,-0.09024521
-0.62247783,-0.07457589,-0.02425913;-0.62247783,-0.0714448,-0.02539204;-0.62247783,-0.07135733,-0.02933913;-0.62247783,-0.07414554,-0.03007554;-0.62247783,-0.07822471,-0.02797152;-0.62247783,-0.07679939,-0.02488391
-0.62247783,-0.17280454,-0.11670783;-0.62247783,-0.17548301,-0.12175144;-0.62247783,-0.17927804,-0.12818913;-0.62247783,-0.18329609,-0.13115709;-0.62247783,-0.18709251,-0.13260472;-0.62247783,-0.19043106,-0.12868059;-0.62247783,-0.18893508,-0.12317403;-0.62247783,-0.18355703,-0.11508667;-0.62247783,-0.18038231,-0.11280421;-0.62247783,-0.17750495,-0.11242841
-0.62247783,-0.37735513,0.09385151;-0.62247783,-0.37641773,0.09809156;-0.62247783,-0.37030427,0.09835038;-0.62247783,-0.36497327,0.0963103;-0.62247783,-0.36661733,0.09232838;-0.62247783,-0.37185678,0.09221883
-0.62247783,0.26870314,0.1372057;-0.62247783,0.2680716,0.13717246;-0.62247783,0.26707256,0.13681704;-0.62247783,0.26769507,0.13613509;-0.62247783,0.26833199,0.13596005;-0.62247783,0.26871979,0.13655998
-0.62247783,0.25302079,-0.09332112;-0.62247783,0.2569213,-0.09331098;-0.62247783,0.26076124,-0.09519009;-0.62247783,0.25920052,-0.0992026;-0.62247783,0.25548189,-0.0993604;-0.62247783,0.25176006,-0.0972295
-0.11072545,-0.62247783,0.1122004;-0.10571981,-0.62247783,0.11410359;-0.09396339,-0.62247783,0.11950305;-0.0934266,-0.62247783,0.12035357;-0.09304878,-0.62247783,0.13450608;-0.09350113,-0.62247783,0.14172996;-0.09636435,-0.62247783,0.1493289;-0.10919375,-0.62247783,0.16269431;-0.1125463,-0.62247783,0.16523863;-0.11907846,-0.62247783,0.16842872;-0.12801774,-0.62247783,0.17132752;-0.13033538,-0.62247783,0.17158298;-0.13593379,-0.62247783,0.17145714;-0.14707386,-0.62247783,0.17036857;-0.15600473,-0.62247783,0.16971893;-0.16449569,-0.62247783,0.16870547;-0.17710674,-0.62247783,0.16685123;-0.18185882,-0.62247783,0.16604558;-0.18502891,-0.62247783,0.16574725;-0.20027563,-0.62247783,0.16449873;-0.22073808,-0.62247783,0.16306716;-0.23659159,-0.62247783,0.16156387;-0.24493965,-0.62247783,0.16046501;-0.25829013,-0.62247783,0.16014909;-0.27246825,-0.62247783,0.15949062;-0.27455356,-0.62247783,0.15955378;-0.29576315,-0.62247783,0.16089902;-0.29720321,-0.62247783,0.16102306;-0.31298292,-0.62247783,0.16259774;-0.3226622,-0.62247783,0.16398058;-0.3297518,-0.62247783,0.16507438;-0.34396191,-0.62247783,0.1681847;-0.34820348,-0.62247783,0.16908483;-0.3590921,-0.62247783,0.17124065;-0.37401928,-0.62247783,0.17458867;-0.37578999,-0.62247783,0.17491282;-0.37685118,-0.62247783,0.1749234;-0.39186143,-0.62247783,0.17465954;-0.41167851,-0.62247783,0.17527257;-0.41386893,-0.62247783,0.17491803;-0.43408307,-0.62247783,0.16870191;-0.44265579,-0.62247783,0.16472523;-0.45066518,-0.62247783,0.1571245;-0.46353042,-0.62247783,0.1405664;-0.46447291,-0.62247783,0.13871059;-0.46950824,-0.62247783,0.12328389;-0.46992729,-0.62247783,0.12163076;-0.4726964,-0.62247783,0.10277721;-0.47274576,-0.62247783,0.1013445;-0.47143545,-0.62247783,0.08580849;-0.47040966,-0.62247783,0.07870454;-0.46896803,-0.62247783,0.06918097;-0.46672745,-0.62247783,0.05598679;-0.46614159,-0.62247783,0.05317611;-0.46453815,-0.62247783,0.04767755;-0.46104207,-0.62247783,0.03810817;-0.45785762,-0.62247783,0.02870333;-0.45684319,-0.62247783,0.02190967;-0.4562334,-0.62247783,0.01077509;-0.45556656,-0.62247783,0.00405806;-0.45489069,-0.62247783,-0.00861919;-0.45543159,-0.62247783,-0.01254473;-0.4587073,-0.62247783,-0.02352053;-0.46109361,-0.62247783,-0.03414729;-0.46244691,-0.62247783,-0.03920495;-0.46461999,-0.62247783,-0.04462896;-0.46744201,-0.62247783,-0.05448435;-0.46806158,-0.62247783,-0.06003491;-0.46835271,-0.62247783,-0.07163173;-0.46856439,-0.62247783,-0.08829268;-0.4674437,-0.62247783,-0.09999062;-0.46629885,-0.62247783,-0.10621553;-0.46345871,-0.62247783,-0.11833619;-0.46151393,-0.62247783,-0.12417162;-0.45582569,-0.62247783,-0.13500859;-0.44630959,-0.62247783,-0.1485202;-0.43962379,-0.62247783,-0.15615186;-0.43536185,-0.62247783,-0.15987702;-0.43020509,-0.62247783,-0.16292299;-0.42059878,-0.62247783,-0.16684333;-0.40313497,-0.62247783,-0.17145495;-0.39711209,-0.62247783,-0.17186401;-0.37826527,-0.62247783,-0.1700723;-0.35175789,-0.62247783,-0.16535803;-0.34677979,-0.62247783,-0.16429507;-0.34367721,-0.62247783,-0.16348128;-0.33399687,-0.62247783,-0.160034;-0.32426388,-0.62247783,-0.15612173;-0.31890162,-0.62247783,-0.15375962;-0.30552967,-0.62247783,-0.14672273;-0.3033142,-0.62247783,-0.14551128;-0.29733417,-0.62247783,-0.14080184;-0.29043301,-0.62247783,-0.1309738;-0.28897554,-0.62247783,-0.1266608;-0.28871402,-0.62247783,-0.1213177;-0.29075107,-0.62247783,-0.11465408;-0.29653769,-0.62247783,-0.10940617;-0.30876275,-0.62247783,-0.10260523;-0.32358977,-0.62247783,-0.09447868;-0.33690376,-0.62247783,-0.08676225;-0.33885255,-0.62247783,-0.0854714;-0.34778643,-0.62247783,-0.07877634;-0.36087973,-0.62247783,-0.06975357;-0.37206939,-0.62247783,-0.06096344;-0.3803601,-0.62247783,-0.05302642;-0.38131706,-0.62247783,-0.05214152;-0.39162148,-0.62247783,-0.04252778;-0.3977688,-0.62247783,-0.03610985;-0.40208652,-0.62247783,-0.03160702;-0.40523405,-0.62247783,-0.02796424;-0.41057529,-0.62247783,-0.01846139;-0.4130725,-0.62247783,-0.01396911;-0.41370814,-0.62247783,-0.01256656;-0.41932952,-0.62247783,-0.00021565;-0.42092263,-0.62247783,0.0035577;-0.4213715,-0.62247783,0.00569302;-0.41961959,-0.62247783,0.00844216;-0.41431658,-0.62247783,0.01750672;-0.4136367,-0.62247783,0.01874469;-0.41076423,-0.62247783,0.0233423;-0.4041055,-0.62247783,0.03371298;-0.40149461,-0.62247783,0.03624858;-0.39814078,-0.62247783,0.03898943;-0.38017688,-0.62247783,0.05393699;-0.36974521,-0.62247783,0.06201779;-0.36398717,-0.62247783,0.06554758;-0.35758034,-0.62247783,0.06933608;-0.35121818,-0.62247783,0.07284899;-0.33898617,-0.62247783,0.07841663;-0.32852648,-0.62247783,0.08318631;-0.32128541,-0.62247783,0.0857677;-0.30894575,-0.62247783,0.08903255;-0.30300639,-0.62247783,0.09060448;-0.29329281,-0.62247783,0.0934282;-0.2828088,-0.62247783,0.09595598;-0.24727071,-0.62247783,0.09993705;-0.22543001,-0.62247783,0.10110155;-0.20840234,-0.62247783,0.10041718;-0.20188493,-0.62247783,0.09989567;-0.1901456,-0.62247783,0.0992945;-0.18072079,-0.62247783,0.09932991;-0.16860567,-0.62247783,0.0993089;-0.157,-0.62247783,0.099358;-0.14928694,-0.62247783,0.09981827;-0.13450844,-0.62247783,0.10120944;-0.13308583,-0.62247783,0.10159564;-0.12061798,-0.62247783,0.10731688
0.3341812,-0.62247783,0.38624662;0.34458654,-0.62247783,0.38237915;0.36013841,-0.62247783,0.37675051;0.36591741,-0.62247783,0.37531529;0.38832211,-0.62247783,0.37290482;0.39202038,-0.62247783,0.37202157;0.40492055,-0.62247783,0.3689401;0.41841207,-0.62247783,0.36798367;0.44626886,-0.62247783,0.37103174;0.4529496,-0.62247783,0.37244849;0.46339985,-0.62247783,0.37515127;0.47962584,-0.62247783,0.38267262;0.48385677,-0.62247783,0.38733692;0.48521703,-0.62247783,0.39502545;0.4854546,-0.62247783,0.41771478;0.48532814,-0.62247783,0.44180191;0.48468812,-0.62247783,0.45166771;0.47741431,-0.62247783,0.48622923;0.47690613,-0.62247783,0.48894658;0.4748407,-0.62247783,0.50115744;0.4703162,-0.62247783,0.52817585;0.46987201,-0.62247783,0.53159995;0.46635339,-0.62247783,0.55963942;0.46220707,-0.62247783,0.57792314;0.45573411,-0.62247783,0.59540509;0.44672321,-0.62247783,0.61634032;0.43753033,-0.62247783,0.62665696;0.42196043,-0.62247783,0.63745491;0.40600701,-0.62247783,0.64465112;0.38990017,-0.62247783,0.64884506;0.36208851,-0.62247783,0.65021633;0.34965277,-0.62247783,0.64905291;0.32649052,-0.62247783,0.64324543;0.29995603,-0.62247783,0.6342333;0.29423517,-0.62247783,0.63177773;0.28855048,-0.62247783,0.62831938;0.26597237,-0.62247783,0.61282911;0.23904221,-0.62247783,0.5917868;0.21310808,-0.62247783,0.56714919;0.18837398,-0.62247783,0.54278782;0.17666428,-0.62247783,0.53118576;0.16604722,-0.62247783,0.51799871;0.15565754,-0.62247783,0.49785996;0.15522222,-0.62247783,0.49689466;0.1543068,-0.62247783,0.49426593;0.14951884,-0.62247783,0.48001804;0.14804987,-0.62247783,0.46922818;0.14897353,-0.62247783,0.46212655;0.15298487,-0.62247783,0.4527088;0.15981707,-0.62247783,0.44475262;0.16361909,-0.62247783,0.44128371;0.17720964,-0.62247783,0.43185669;0.17886538,-0.62247783,0.43104963;0.1947005,-0.62247783,0.42513368;0.2106142,-0.62247783,0.42004167;0.21371672,-0.62247783,0.41909593;0.22644102,-0.62247783,0.41583256;0.2358233,-0.62247783,0.41333328;0.25892096,-0.62247783,0.40738285;0.26050199,-0.62247783,0.4069892;0.2768372,-0.62247783,0.40295895;0.29383875,-0.62247783,0.39886611;0.30924399,-0.62247783,0.39579552;0.31128482,-0.62247783,0.39533822;0.3127621,-0.62247783,0.39479997
0.43357865,-0.62247783,-0.01467276;0.4341719,-0.62247783,-0.01524724;0.43528128,-0.62247783,-0.01515243;0.43496028,-0.62247783,-0.01416199;0.4342148,-0.62247783,-0.01378195;0.43357439,-0.62247783,-0.01396777
-0.19514144,-0.62247783,-0.10619742;-0.20046816,-0.62247783,-0.11102239;-0.2068563,-0.62247783,-0.12299002;-0.20383546,-0.62247783,-0.13629423;-0.20268933,-0.62247783,-0.1373223;-0.18939742,-0.62247783,-0.14132951;-0.17969891,-0.62247783,-0.14485039;-0.17517832,-0.62247783,-0.146321;-0.1718277,-0.62247783,-0.1472293;-0.15970138,-0.62247783,-0.14942123;-0.15189903,-0.62247783,-0.15089936;-0.14428321,-0.62247783,-0.15236508;-0.12840961,-0.62247783,-0.1550397;-0.12643741,-0.62247783,-0.1551643;-0.10929289,-0.62247783,-0.15447944;-0.09499414,-0.62247783,-0.15381912;-0.09154158,-0.62247783,-0.15347696;-0.08780283,-0.62247783,-0.15183019;-0.07680338,-0.62247783,-0.14246837;-0.0754328,-0.62247783,-0.1407699;-0.07509888,-0.62247783,-0.13804272;-0.07679632,-0.62247783,-0.12278665;-0.07762796,-0.62247783,-0.12044592;-0.07838329,-0.62247783,-0.11970086;-0.0902114,-0.62247783,-0.1095801;-0.09706479,-0.62247783,-0.10367235;-0.10271704,-0.62247783,-0.1005215;-0.11875668,-0.62247783,-0.09515806;-0.13471498,-0.62247783,-0.09164598;-0.14509717,-0.62247783,-0.09101655;-0.15197051,-0.62247783,-0.09108767;-0.15708708,-0.62247783,-0.09185922;-0.165952,-0.62247783,-0.09397641;-0.1718703,-0.62247783,-0.09588075;-0.1833644,-0.62247783,-0.10049253;-0.18868056,-0.62247783,-0.10295394
0.2272609,-0.62247783,0.10577033;0.24597628,-0.62247783,0.1058607;0.25452296,-0.62247783,0.10659735;0.26605774,-0.62247783,0.10791395;0.28135901,-0.62247783,0.10819141;0.29351484,-0.62247783,0.10610346;0.29787525,-0.62247783,0.10474578;0.30713457,-0.62247783,0.10077814;0.31925295,-0.62247783,0.09459382;0.32180287,-0.62247783,0.09332529;0.32297749,-0.62247783,0.09272781;0.33676557,-0.62247783,0.08521846;0.34816985,-0.62247783,0.07872178;0.36094936,-0.62247783,0.07035367;0.37368978,-0.62247783,0.06226101;0.37961713,-0.62247783,0.05862058;0.38637973,-0.62247783,0.05423499;0.39537777,-0.62247783,0.04660007;0.39820073,-0.62247783,0.04444892;0.40647034,-0.62247783,0.03741167;0.41475874,-0.62247783,0.02914158;0.41844971,-0.62247783,0.02584619;0.42774357,-0.62247783,0.0194242;0.43339539,-0.62247783,0.01731775;0.44272453,-0.62247783,0.01802451;0.44845395,-0.62247783,0.02400779;0.45072912,-0.62247783,0.02715082;0.45600472,-0.62247783,0.03201305;0.46337037,-0.62247783,0.03872834;0.46443376,-0.62247783,0.04053307;0.46948519,-0.62247783,0.05363615;0.47396041,-0.62247783,0.06313493;0.47633156,-0.62247783,0.06826528;0.47802204,-0.62247783,0.07432724;0.4799288,-0.62247783,0.08426837;0.48029347,-0.62247783,0.08837625;0.4818499,-0.62247783,0.10142863;0.48355874,-0.62247783,0.11371685;0.48380058,-0.62247783,0.11867124;0.48466219,-0.62247783,0.1298063;0.48465571,-0.62247783,0.13562741;0.48401653,-0.62247783,0.13756029;0.48240239,-0.62247783,0.13945213;0.47304659,-0.62247783,0.1497293;0.46731359,-0.62247783,0.1575241;0.46253447,-0.62247783,0.16538128;0.45175845,-0.62247783,0.17483048;0.44979615,-0.62247783,0.17585101;0.43365454,-0.62247783,0.18063061;0.43029861,-0.62247783,0.18111108;0.41340995,-0.62247783,0.18226975;0.41189644,-0.62247783,0.18224092;0.40597385,-0.62247783,0.18122446;0.3954562,-0.62247783,0.17764457;0.37966399,-0.62247783,0.17227761;0.37826268,-0.62247783,0.17187802;0.3613584,-0.62247783,0.16858466;0.35122343,-0.62247783,0.1652098;0.34668373,-0.62247783,0.16349757;0.34049248,-0.62247783,0.16116392;0.3233864,-0.62247783,0.15561472;0.31848255,-0.62247783,0.15415735;0.3070921,-0.62247783,0.15141898;0.29983125,-0.62247783,0.15008653;0.28709574,-0.62247783,0.1485545;0.26816419,-0.62247783,0.14736895;0.26165415,-0.62247783,0.14737077;0.24479435,-0.62247783,0.1492468;0.24372138,-0.62247783,0.14939531;0.22949473,-0.62247783,0.15130649;0.21789111,-0.62247783,0.15279946;0.21181484,-0.62247783,0.15420014;0.20732769,-0.62247783,0.1564091;0.19711543,-0.62247783,0.16088697;0.18525199,-0.62247783,0.16318703;0.18078542,-0.62247783,0.16299376;0.16480009,-0.62247783,0.16070965;0.14491676,-0.62247783,0.15571205;0.12848026,-0.62247783,0.15320703;0.11207509,-0.62247783,0.14752589;0.1087056,-0.62247783,0.14548762;0.10796251,-0.62247783,0.14147993;0.10760773,-0.62247783,0.13100468;0.10123332,-0.62247783,0.12238395;0.09876828,-0.62247783,0.11773945;0.09964415,-0.62247783,0.11381185;0.10317346,-0.62247783,0.11027408;0.11124621,-0.62247783,0.10437142;0.11904573,-0.62247783,0.09989205;0.13030685,-0.62247783,0.09946856;0.13493334,-0.62247783,0.09918484;0.13861897,-0.62247783,0.098626;0.15103521,-0.62247783,0.0979638;0.1584944,-0.62247783,0.09892966;0.16291962,-0.62247783,0.09984866;0.17085223,-0.62247783,0.10129627;0.18494338,-0.62247783,0.10580682;0.1876464,-0.62247783,0.10660397;0.18965058,-0.62247783,0.10658902;0.20309241,-0.62247783,0.10505185;0.20676507,-0.62247783,0.10484461;0.22441466,-0.62247783,0.10545624
0.31704577,-0.62247783,-0.14906611;0.32771579,-0.62247783,-0.15448206;0.33602959,-0.62247783,-0.1571686;0.34857822,-0.62247783,-0.15957012;0.35432776,-0.62247783,-0.16029124;0.36480989,-0.62247783,-0.1624136;0.3724779,-0.62247783,-0.1650154;0.38138748,-0.62247783,-0.16757052;0.38976593,-0.62247783,-0.16775329;0.40077573,-0.62247783,-0.16429298;0.40270193,-0.62247783,-0.16375269;0.410892,-0.62247783,-0.16201414;0.41866392,-0.62247783,-0.1601897;0.42033067,-0.62247783,-0.15927505;0.43083426,-0.62247783,-0.15159517;0.44144834,-0.62247783,-0.14283657;0.44269875,-0.62247783,-0.14146309;0.44637773,-0.62247783,-0.13496707;0.45022542,-0.62247783,-0.12675386;0.45073519,-0.62247783,-0.12533029;0.45515787,-0.62247783,-0.11020439;0.45551516,-0.62247783,-0.10827614;0.4556207,-0.62247783,-0.09892529;0.45529915,-0.62247783,-0.09029299;0.45512698,-0.62247783,-0.08726365;0.45516686,-0.62247783,-0.07352691;0.4539931,-0.62247783,-0.06734647;0.45046198,-0.62247783,-0.05841639;0.4459609,-0.62247783,-0.05046328;0.44165843,-0.62247783,-0.0458289;0.43093905,-0.62247783,-0.03997216;0.42110286,-0.62247783,-0.03665777;0.41821809,-0.62247783,-0.03627979;0.41653463,-0.62247783,-0.03781281;0.40866997,-0.62247783,-0.04791988;0.40672132,-0.62247783,-0.05002278;0.39567786,-0.62247783,-0.05923101;0.39171587,-0.62247783,-0.06202845;0.3875779,-0.62247783,-0.06587914;0.38118567,-0.62247783,-0.07045721;0.37700748,-0.62247783,-0.07185492;0.36618705,-0.62247783,-0.07543482;0.35926284,-0.62247783,-0.0793481;0.35451033,-0.62247783,-0.08242618;0.3530897,-0.62247783,-0.08332889;0.33939893,-0.62247783,-0.09135102;0.3234337,-0.62247783,-0.0994939;0.31909046,-0.62247783,-0.10212423;0.31115553,-0.62247783,-0.10892992;0.3065965,-0.62247783,-0.11490217;0.30242655,-0.62247783,-0.12163156;0.29895803,-0.62247783,-0.13136568;0.3030518,-0.62247783,-0.14196233;0.30502258,-0.62247783,-0.14352255
-0.38147628,-0.62247783,0.37222027;-0.36563751,-0.62247783,0.37529318;-0.36119806,-0.62247783,0.37633369;-0.35853837,-0.62247783,0.37711204;-0.34304367,-0.62247783,0.38180513;-0.33507975,-0.62247783,0.38439481;-0.32793651,-0.62247783,0.38647464;-0.31817712,-0.62247783,0.38882534;-0.31049209,-0.62247783,0.390677;-0.305802,-0.62247783,0.39186543;-0.29418804,-0.62247783,0.39468961;-0.27948999,-0.62247783,0.39837929;-0.277727,-0.62247783,0.39883212;-0.2741147,-0.62247783,0.39970309;-0.25607524,-0.62247783,0.4041444;-0.24548339,-0.62247783,0.4067971;-0.2340809,-0.62247783,0.40953203;-0.2297696,-0.62247783,0.41062647;-0.21323751,-0.62247783,0.41474604;-0.19749628,-0.62247783,0.41885961;-0.1927327,-0.62247783,0.42013104;-0.18098511,-0.62247783,0.42382003;-0.17417733,-0.62247783,0.42593808;-0.16500048,-0.62247783,0.42959293;-0.15828474,-0.62247783,0.43242787;-0.14793463,-0.62247783,0.43802487;-0.14401397,-0.62247783,0.44048793;-0.13663468,-0.62247783,0.44748602;-0.13363074,-0.62247783,0.45216738;-0.12863873,-0.62247783,0.46763336;-0.12842136,-0.62247783,0.47187727;-0.13120705,-0.62247783,0.48511733;-0.13429953,-0.62247783,0.4938781;-0.13769228,-0.62247783,0.50166245;-0.14879923,-0.62247783,0.52033795;-0.15227849,-0.62247783,0.52555482;-0.15320166,-0.62247783,0.52666435;-0.15936492,-0.62247783,0.53338539;-0.18024388,-0.62247783,0.55531432;-0.18432779,-0.62247783,0.55931192;-0.20665467,-0.62247783,0.57834523;-0.22568405,-0.62247783,0.59397595;-0.2337096,-0.62247783,0.59993335;-0.24469599,-0.62247783,0.60702118;-0.26302391,-0.62247783,0.61744356;-0.2844674,-0.62247783,0.62839246;-0.29365157,-0.62247783,0.63255573;-0.30012228,-0.62247783,0.63464202;-0.32753391,-0.62247783,0.64113438;-0.34525052,-0.62247783,0.64378237;-0.36440761,-0.62247783,0.64387502;-0.38259032,-0.62247783,0.64136097;-0.41474635,-0.62247783,0.63103378;-0.42327473,-0.62247783,0.62606116;-0.43927159,-0.62247783,0.61068608;-0.45145159,-0.62247783,0.59175197;-0.45888438,-0.62247783,0.57536998;-0.46295771,-0.62247783,0.55960558;-0.46770024,-0.62247783,0.53137576;-0.46945489,-0.62247783,0.52311677;-0.47585877,-0.62247783,0.49834575;-0.47960553,-0.62247783,0.47700641;-0.48078649,-0.62247783,0.47135194;-0.48345261,-0.62247783,0.45977041;-0.4857877,-0.62247783,0.44355894;-0.48638164,-0.62247783,0.41410453;-0.48440689,-0.62247783,0.40573502;-0.47337522,-0.62247783,0.38850932;-0.46703601,-0.62247783,0.38242959;-0.44682758,-0.62247783,0.37078822;-0.44036147,-0.62247783,0.36754892;-0.43820546,-0.62247783,0.36712951;-0.43180478,-0.62247783,0.36714218;-0.40750204,-0.62247783,0.36766895;-0.40222288,-0.62247783,0.36815301
0.07893847,-0.62247783,-0.49543446;0.07991484,-0.62247783,-0.49576925;0.09500487,-0.62247783,-0.50017842;0.10440496,-0.62247783,-0.50277699;0.11310193,-0.62247783,-0.50540282;0.12487598,-0.62247783,-0.5095168;0.13191445,-0.62247783,-0.51194132;0.15566878,-0.62247783,-0.52073521;0.15825946,-0.62247783,-0.52156083;0.16129039,-0.62247783,-0.52223777;0.18763095,-0.62247783,-0.52696462;0.21295855,-0.62247783,-0.53055134;0.21790866,-0.62247783,-0.53105207;0.22301682,-0.62247783,-0.53136558;0.26594562,-0.62247783,-0.5319343;0.27928781,-0.62247783,-0.53071986;0.30331754,-0.62247783,-0.52755328;0.30855081,-0.62247783,-0.5265289;0.31064583,-0.62247783,-0.52573875;0.33967788,-0.62247783,-0.5126956;0.34706031,-0.62247783,-0.50817549;0.36973106,-0.62247783,-0.48754671;0.37067197,-0.62247783,-0.48656476;0.37406935,-0.62247783,-0.48011916;0.37870586,-0.62247783,-0.46124334;0.3709506,-0.62247783,-0.43799494;0.35494255,-0.62247783,-0.41939468;0.35150794,-0.62247783,-0.41751138;0.33097343,-0.62247783,-0.41201586;0.32274842,-0.62247783,-0.40908734;0.31172764,-0.62247783,-0.40467152;0.30313492,-0.62247783,-0.40197975;0.29423013,-0.62247783,-0.40089115;0.28290092,-0.62247783,-0.4007556;0.27741116,-0.62247783,-0.40091272;0.27235799,-0.62247783,-0.40099564;0.26079325,-0.62247783,-0.40158222;0.24980252,-0.62247783,-0.40226113;0.23673045,-0.62247783,-0.40354242;0.21284871,-0.62247783,-0.40664456;0.20027038,-0.62247783,-0.40826103;0.18603021,-0.62247783,-0.4105673;0.17950968,-0.62247783,-0.41175917;0.16522167,-0.62247783,-0.41439724;0.16042763,-0.62247783,-0.41524337;0.149944,-0.62247783,-0.41777641;0.14409329,-0.62247783,-0.41927106;0.13385459,-0.62247783,-0.42153535;0.12420258,-0.62247783,-0.42332347;0.11771121,-0.62247783,-0.42524432;0.11002189,-0.62247783,-0.42787865;0.10066778,-0.62247783,-0.43062318;0.09198462,-0.62247783,-0.43283334;0.08300448,-0.62247783,-0.43597989;0.07777499,-0.62247783,-0.43795361;0.06446637,-0.62247783,-0.44255166;0.06201905,-0.62247783,-0.44327638;0.04504877,-0.62247783,-0.44881656;0.04145108,-0.62247783,-0.45013489;0.03117376,-0.62247783,-0.45548055;0.02119212,-0.62247783,-0.46068345;0.01728333,-0.62247783,-0.4617283;0.00298766,-0.62247783,-0.46231531;-0.00098096,-0.62247783,-0.46179131;-0.01242537,-0.62247783,-0.45786138;-0.02464922,-0.62247783,-0.45163371;-0.02598919,-0.62247783,-0.45090759;-0.0271546,-0.62247783,-0.45042101;-0.04112998,-0.62247783,-0.44540356;-0.04486515,-0.62247783,-0.44406503;-0.05596139,-0.62247783,-0.4401267;-0.06217753,-0.62247783,-0.43819702;-0.07059117,-0.62247783,-0.43515645;-0.08174787,-0.62247783,-0.4312953;-0.0858368,-0.62247783,-0.42995143;-0.09677132,-0.62247783,-0.42696519;-0.10104629,-0.62247783,-0.42572344;-0.1154773,-0.62247783,-0.42190724;-0.11822484,-0.62247783,-0.42120524;-0.13000619,-0.62247783,-0.41859423;-0.13520323,-0.62247783,-0.41743086;-0.14799591,-0.62247783,-0.41497946;-0.1548348,-0.62247783,-0.41365507;-0.17443947,-0.62247783,-0.41013459;-0.17948983,-0.62247783,-0.4093438;-0.19193035,-0.62247783,-0.40740565;-0.19530614,-0.62247783,-0.40693255;-0.19661299,-0.62247783,-0.40677406;-0.21046466,-0.62247783,-0.40527932;-0.22012228,-0.62247783,-0.40424952;-0.23899627,-0.62247783,-0.40260991;-0.24446607,-0.62247783,-0.4023041;-0.27279837,-0.62247783,-0.40100381;-0.27715731,-0.62247783,-0.40090773;-0.28254856,-0.62247783,-0.40085105;-0.29417305,-0.62247783,-0.40117019;-0.30228429,-0.62247783,-0.40206537;-0.31177238,-0.62247783,-0.40407921;-0.33008647,-0.62247783,-0.40828592;-0.35551725,-0.62247783,-0.41668396;-0.35678085,-0.62247783,-0.41719131;-0.35838064,-0.62247783,-0.41923493;-0.36984241,-0.62247783,-0.43813561;-0.37465049,-0.62247783,-0.4593644;-0.37213297,-0.62247783,-0.48152353;-0.37025284,-0.62247783,-0.4875945;-0.36867977,-0.62247783,-0.48933282;-0.34771805,-0.62247783,-0.50918401;-0.34352697,-0.62247783,-0.51222097;-0.33397575,-0.62247783,-0.51642175;-0.31120407,-0.62247783,-0.52446159;-0.30007982,-0.62247783,-0.52724885;-0.2749373,-0.62247783,-0.53115121;-0.2581305,-0.62247783,-0.53384775;-0.24456043,-0.62247783,-0.53442237;-0.21597305,-0.62247783,-0.53337641;-0.18683605,-0.62247783,-0.52972467;-0.16262705,-0.62247783,-0.52606068;-0.15726577,-0.62247783,-0.5250275;-0.15147152,-0.62247783,-0.52363911;-0.13117726,-0.62247783,-0.51762239;-0.1118264,-0.62247783,-0.51183018;-0.09285933,-0.62247783,-0.50525519;-0.08444641,-0.62247783,-0.50248105;-0.07769309,-0.62247783,-0.4999981;-0.06932829,-0.62247783,-0.49692371;-0.0612516,-0.62247783,-0.49309977;-0.05247928,-0.62247783,-0.489413;-0.0458567,-0.62247783,-0.4866442;-0.03491495,-0.62247783,-0.48242941;-0.030134,-0.62247783,-0.47992651;-0.02254521,-0.62247783,-0.47638359;-0.01447038,-0.62247783,-0.47372751;0.00204896,-0.62247783,-0.47148098;0.01815911,-0.62247783,-0.47083538;0.02069369,-0.62247783,-0.47126779;0.03247583,-0.62247783,-0.47585726;0.04565164,-0.62247783,-0.48183889;0.04853678,-0.62247783,-0.48295267;0.06340375,-0.62247783,-0.48862526;0.07764447,-0.62247783,-0.49488084
0.13017908,-0.62247783,-0.09077366;0.12261924,-0.62247783,-0.09323658;0.1177457,-0.62247783,-0.09805652;0.11127464,-0.62247783,-0.1086577;0.10931797,-0.62247783,-0.11067984;0.10014626,-0.62247783,-0.11664615;0.09276086,-0.62247783,-0.12256923;0.08271371,-0.62247783,-0.13339051;0.07998649,-0.62247783,-0.13655926;0.07943219,-0.62247783,-0.14169078;0.08396965,-0.62247783,-0.14686975;0.09102682,-0.62247783,-0.15206799;0.09997152,-0.62247783,-0.15474758;0.11325567,-0.62247783,-0.15819692;0.11588465,-0.62247783,-0.15847775;0.11755901,-0.62247783,-0.15837745;0.13131786,-0.62247783,-0.15714684;0.14261305,-0.62247783,-0.15712907;0.14650302,-0.62247783,-0.15627712;0.15604862,-0.62247783,-0.15321731;0.16900293,-0.62247783,-0.15175151;0.17161351,-0.62247783,-0.15138098;0.17333159,-0.62247783,-0.15113472;0.18583562,-0.62247783,-0.14833345;0.19422473,-0.62247783,-0.14712626;0.20566352,-0.62247783,-0.14287403;0.20960815,-0.62247783,-0.14212391;0.22578801,-0.62247783,-0.14016538;0.22865464,-0.62247783,-0.13940015;0.23051768,-0.62247783,-0.13886427;0.23186609,-0.62247783,-0.13675173;0.23823426,-0.62247783,-0.12382529;0.23921918,-0.62247783,-0.11965549;0.23758742,-0.62247783,-0.11697821;0.23444686,-0.62247783,-0.11739243;0.2293637,-0.62247783,-0.12026746;0.22259282,-0.62247783,-0.12663483;0.21216381,-0.62247783,-0.12586926;0.20670051,-0.62247783,-0.12061446;0.20094119,-0.62247783,-0.11516217;0.19524252,-0.62247783,-0.10860003;0.18795865,-0.62247783,-0.10389847;0.18199846,-0.62247783,-0.10189495;0.16959049,-0.62247783,-0.09793448;0.15989176,-0.62247783,-0.09285011;0.15356783,-0.62247783,-0.0905695;0.14333509,-0.62247783,-0.0890495;0.13706933,-0.62247783,-0.09003178
0.62247783,0.11238874,-0.45783181;0.62247783,0.1075225,-0.46349092;0.62247783,0.10251073,-0.46991443;0.62247783,0.10036513,-0.47540325;0.62247783,0.10212412,-0.48255569;0.62247783,0.10484431,-0.49150594;0.62247783,0.10835319,-0.50388269;0.62247783,0.11167274,-0.51064084;0.62247783,0.11341482,-0.51180627;0.62247783,0.13196244,-0.51767612;0.62247783,0.15235304,-0.5237735;0.62247783,0.15717776,-0.52537959;0.62247783,0.16427221,-0.52767038;0.62247783,0.18565698,-0.53377301;0.62247783,0.20298725,-0.5392104;0.62247783,0.21527404,-0.54185296;0.62247783,0.22732242,-0.54409646;0.62247783,0.2441051,-0.54597433;0.62247783,0.26977374,-0.54892324;0.62247783,0.27343965,-0.54910758;0.62247783,0.27490482,-0.54877249;0.62247783,0.30936284,-0.53944189;0.62247783,0.31262771,-0.53857177;0.62247783,0.31626044,-0.53630306;0.62247783,0.3563696,-0.50967433;0.62247783,0.36928148,-0.49687722;0.62247783,0.37511354,-0.4886391;0.62247783,0.38571508,-0.4641944;0.62247783,0.38564477,-0.46266851;0.62247783,0.37214702,-0.43690489;0.62247783,0.35599355,-0.42064481;0.62247783,0.35362846,-0.41828515;0.62247783,0.35136203,-0.41561223;0.62247783,0.33934988,-0.40291459;0.62247783,0.32964481,-0.40065237;0.62247783,0.32152388,-0.40096672;0.62247783,0.31140112,-0.40255534;0.62247783,0.30171273,-0.40177082;0.62247783,0.29438318,-0.40142153;0.62247783,0.2839257,-0.40133447;0.62247783,0.27740157,-0.40157729;0.62247783,0.27086881,-0.40204555;0.62247783,0.26069251,-0.40334843;0.62247783,0.25340124,-0.40417171;0.62247783,0.2435652,-0.40546857;0.62247783,0.22849635,-0.40786088;0.62247783,0.22680884,-0.40822685;0.62247783,0.2113911,-0.4123896;0.62247783,0.20710099,-0.41373746;0.62247783,0.19541604,-0.41751765;0.62247783,0.18800415,-0.41963851;0.62247783,0.17960885,-0.42253409;0.62247783,0.17101255,-0.42590155;0.62247783,0.1630743,-0.42923713;0.62247783,0.15476355,-0.43276814;0.62247783,0.14605487,-0.43693883;0.62247783,0.13945874,-0.44016524;0.62247783,0.12824976,-0.4460407;0.62247783,0.12483167,-0.44802633;0.62247783,0.11656584,-0.45396075
0.62247783,0.08711516,-0.17571949;0.62247783,0.08758689,-0.17352835;0.62247783,0.08968653,-0.16747106;0.62247783,0.09118684,-0.16279815;0.62247783,0.09435917,-0.15778395;0.62247783,0.08745222,-0.15952884;0.62247783,0.08607786,-0.16018401;0.62247783,0.0764251,-0.16707851;0.62247783,0.07195352,-0.17009989;0.62247783,0.06782868,-0.17846377;0.62247783,0.06775114,-0.17980722;0.62247783,0.07265977,-0.18626621;0.62247783,0.07972358,-0.18509068;0.62247783,0.08277888,-0.18323332
0.62247783,-0.2091471,0.13176892;0.62247783,-0.20894448,0.13638796;0.62247783,-0.21049788,0.14556382;0.62247783,-0.2165177,0.15337637;0.62247783,-0.22345669,0.15527471;0.62247783,-0.22995456,0.15375725;0.62247783,-0.23656031,0.15100714;0.62247783,-0.24153831,0.14674729;0.62247783,-0.2398823,0.14073569;0.62247783,-0.23323514,0.13867793;0.62247783,-0.22584857,0.13741766;0.62247783,-0.21421571,0.13121545;0.62247783,-0.21201194,0.13020064;0.62247783,-0.2111265,0.13023987
0.62247783,0.26980409,0.11722688;0.62247783,0.2727935,0.11686858;0.62247783,0.2771386,0.11578095;0.62247783,0.28738313,0.11434997;0.62247783,0.29523411,0.11520464;0.62247783,0.30555406,0.1188176;0.62247783,0.3098215,0.12069549;0.62247783,0.31512809,0.11958306;0.62247783,0.31949792,0.11719027;0.62247783,0.32654738,0.11386399;0.62247783,0.33207551,0.11287522;0.62247783,0.33964599,0.11197318;0.62247783,0.34394644,0.11017545;0.62247783,0.35326212,0.10719366;0.62247783,0.35999644,0.10514845;0.62247783,0.36346131,0.10031006;0.62247783,0.36649489,0.09525906;0.62247783,0.37257741,0.09087564;0.62247783,0.37778297,0.08860423;0.62247783,0.3808959,0.08254462;0.62247783,0.3760949,0.07625698;0.62247783,0.37306309,0.07057614;0.62247783,0.37563088,0.06708311;0.62247783,0.37926789,0.06672223;0.62247783,0.38912131,0.06817044;0.62247783,0.39275064,0.07095981;0.62247783,0.398973,0.07696723;0.62247783,0.4077379,0.08448324;0.62247783,0.41095037,0.08649118;0.62247783,0.41385324,0.08706347;0.62247783,0.41812947,0.08423502;0.62247783,0.42347186,0.08090001;0.62247783,0.42550947,0.08062183;0.62247783,0.42709869,0.08185655;0.62247783,0.42848074,0.08526651;0.62247783,0.43206659,0.09668365;0.62247783,0.43546571,0.10310236;0.62247783,0.43699335,0.11131321;0.62247783,0.43625947,0.11440956;0.62247783,0.42960262,0.12906685;0.62247783,0.42836542,0.13094459;0.62247783,0.41977087,0.139273;0.62247783,0.41236741,0.14543406;0.62247783,0.40871487,0.14744158;0.62247783,0.40717864,0.14775962;0.62247783,0.40306797,0.14781181;0.62247783,0.39371062,0.14775624;0.62247783,0.38778377,0.14859256;0.62247783,0.37967773,0.15102056;0.62247783,0.37062063,0.15011443;0.62247783,0.36153852,0.1502414;0.62247783,0.35465707,0.15528202;0.62247783,0.35223533,0.15657927;0.62247783,0.3511743,0.15656473;0.62247783,0.350572,0.15588676;0.62247783,0.34850246,0.15203599;0.62247783,0.34546141,0.14442502;0.62247783,0.33875085,0.14087834;0.62247783,0.33600208,0.14058126;0.62247783,0.3209569,0.14099834;0.62247783,0.31645036,0.14092352;0.62247783,0.30452776,0.14004278;0.62247783,0.2927362,0.13983751;0.62247783,0.28484089,0.13897436;0.62247783,0.28032702,0.13555644;0.62247783,0.27008201,0.12788874;0.62247783,0.25753345,0.12629866;0.62247783,0.25440419,0.12583971;0.62247783,0.25184184,0.1241227;0.62247783,0.25335278,0.12118981;0.62247783,0.25635591,0.11995349
0.62247783,-0.18765688,-0.1288021;0.62247783,-0.18684265,-0.13068081;0.62247783,-0.18532482,-0.12965315;0.62247783,-0.18368154,-0.12785917;0.62247783,-0.17766167,-0.11749575;0.62247783,-0.1766875,-0.11535026;0.62247783,-0.17821321,-0.1138465;0.62247783,-0.17903579,-0.1139669;0.62247783,-0.18009759,-0.11513332;0.62247783,-0.18692633,-0.1268059
0.62247783,-0.33139169,0.15592356;0.62247783,-0.33314984,0.15600322;0.62247783,-0.34871436,0.1579211;0.62247783,-0.36017989,0.15886227;0.62247783,-0.36676441,0.15849173;0.62247783,-0.37768632,0.15933626;0.62247783,-0.38337336,0.15995721;0.62247783,-0.38752648,0.1576343;0.62247783,-0.39092765,0.15485128;0.62247783,-0.39976816,0.14639819;0.62247783,-0.40834812,0.13556217;0.62247783,-0.41511222,0.12354846;0.62247783,-0.41644511,0.12114411;0.62247783,-0.42358984,0.10781308;0.62247783,-0.42400895,0.10168154;0.62247783,-0.421521,0.09447773;0.62247783,-0.41871994,0.09014182;0.62247783,-0.41093187,0.0801737;0.62247783,-0.40033124,0.07294033;0.62247783,-0.39367753,0.07099838;0.62247783,-0.38122329,0.06658148;0.62247783,-0.37851097,0.06605807;0.62247783,-0.37713786,0.06619687;0.62247783,-0.36377968,0.0678306;0.62247783,-0.35943613,0.0688159;0.62247783,-0.35424635,0.07251494;0.62247783,-0.35061528,0.0775106;0.62247783,-0.34723708,0.08424679;0.62247783,-0.34323085,0.09006161;0.62247783,-0.33498954,0.09204685;0.62247783,-0.32625436,0.09363548;0.62247783,-0.32158355,0.09551801;0.62247783,-0.3137427,0.10081467;0.62247783,-0.31083645,0.10827149;0.62247783,-0.31054978,0.12029733;0.62247783,-0.3105335,0.12162713;0.62247783,-0.31008606,0.12342699;0.62247783,-0.3079775,0.124082;0.62247783,-0.29749283,0.12807912;0.62247783,-0.28889374,0.12976056;0.62247783,-0.2817763,0.13010689;0.62247783,-0.2680553,0.13060736;0.62247783,-0.26276311,0.13565006;0.62247783,-0.26639845,0.14297885;0.62247783,-0.27551115,0.14689067;0.62247783,-0.28074215,0.14841403;0.62247783,-0.28960911,0.15409065;0.62247783,-0.29617402,0.15781546;0.62247783,-0.30084552,0.15966399;0.62247783,-0.30650863,0.15922553;0.62247783,-0.31470059,0.15827441;0.62247783,-0.32818851,0.15625611
0.62247783,0.06576228,-0.01252718;0.62247783,0.05973033,-0.00832685;0.62247783,0.05492192,-0.00576902;0.62247783,0.04381071,0.00089753;0.62247783,0.04235329,0.00170771;0.62247783,0.040287,0.00191287;0.62247783,0.02831931,0.00251985;0.62247783,0.01616757,0.0032152;0.62247783,0.01327741,0.00259148;0.62247783,0.00221603,-0.00152209;0.62247783,-0.00384902,-0.00165935;0.62247783,-0.00951137,-0.00062854;0.62247783,-0.0164672,0.00072831;0.62247783,-0.02861683,0.00320993;0.62247783,-0.03058512,0.00354465;0.62247783,-0.03320932,0.00282969;0.62247783,-0.0423255,-0.00164117;0.62247783,-0.0466545,-0.00469987;0.62247783,-0.0482776,-0.01225735;0.62247783,-0.04223021,-0.01621776;0.62247783,-0.03559471,-0.02045306;0.62247783,-0.02677585,-0.0218702;0.62247783,-0.02030766,-0.02280846;0.62247783,-0.00010673,-0.02392213;0.62247783,0.00670697,-0.02305857;0.62247783,0.02151126,-0.02366989;0.62247783,0.03942815,-0.02347979;0.62247783,0.04347909,-0.02399388;0.62247783,0.0571808,-0.02624005;0.62247783,0.06253825,-0.02691015;0.62247783,0.07550966,-0.02422596;0.62247783,0.0770135,-0.02390641;0.62247783,0.07763318,-0.02256251;0.62247783,0.07711566,-0.0213339;0.62247783,0.07517989,-0.01980818
0.62247783,-0.31439518,-0.15391539;0.62247783,-0.31908745,-0.14950487;0.62247783,-0.32174493,-0.14596176;0.62247783,-0.32192193,-0.14347726;0.62247783,-0.31977336,-0.13853337;0.62247783,-0.31238246,-0.13080984;0.62247783,-0.30968258,-0.12608343;0.62247783,-0.30743587,-0.11932991;0.62247783,-0.29917483,-0.10719258;0.62247783,-0.29815149,-0.10537116;0.62247783,-0.29842076,-0.10309719;0.62247783,-0.30155676,-0.10212531;0.62247783,-0.31752466,-0.09726637;0.62247783,-0.32146519,-0.09582052;0.62247783,-0.33787375,-0.0902117;0.62247783,-0.35099988,-0.08378505;0.62247783,-0.35786452,-0.08094165;0.62247783,-0.36762127,-0.07802757;0.62247783,-0.37520707,-0.07630822;0.62247783,-0.38439218,-0.07435264;0.62247783,-0.39265765,-0.07152139;0.62247783,-0.40489221,-0.07376404;0.62247783,-0.40995623,-0.07640728;0.62247783,-0.42031803,-0.08356147;0.62247783,-0.42230468,-0.08609078;0.62247783,-0.42692639,-0.09758334;0.62247783,-0.42790155,-0.10665507;0.62247783,-0.42730914,-0.11212051;0.62247783,-0.4245689,-0.12308669;0.62247783,-0.42231385,-0.1293961;0.62247783,-0.41728064,-0.13751336;0.62247783,-0.4103697,-0.14545539;0.62247783,-0.40825022,-0.1475562;0.62247783,-0.40473384,-0.15011906;0.62247783,-0.3960018,-0.15437413;0.62247783,-0.38800796,-0.15541084;0.62247783,-0.38035967,-0.15701498;0.62247783,-0.37566849,-0.15860488;0.62247783,-0.36399896,-0.16348338;0.62247783,-0.3573722,-0.16274716;0.62247783,-0.34958959,-0.16116751;0.62247783,-0.34104712,-0.16190808;0.62247783,-0.33298537,-0.16064011;0.62247783,-0.32003202,-0.1598682;0.62247783,-0.31856333,-0.15975455;0.62247783,-0.31776274,-0.1591464
0.62247783,0.037015,0.15361893;0.62247783,0.0479295,0.15464361;0.62247783,0.05841222,0.15469636;0.62247783,0.06631249,0.1549909;0.62247783,0.07853198,0.1553949;0.62247783,0.08357348,0.15537486;0.62247783,0.09539839,0.15533498;0.62247783,0.09978161,0.15493618;0.62247783,0.10733231,0.1518591;0.62247783,0.11458037,0.14719906;0.62247783,0.12192695,0.14468411;0.62247783,0.14108162,0.13627164;0.62247783,0.15094527,0.13528823;0.62247783,0.15672311,0.13513872;0.62247783,0.16873063,0.13505225;0.62247783,0.17590705,0.13619989;0.62247783,0.18612185,0.13736264;0.62247783,0.19478195,0.13886433;0.62247783,0.20142432,0.14115101;0.62247783,0.20540314,0.14594945;0.62247783,0.20084425,0.15148742;0.62247783,0.19284164,0.15430448;0.62247783,0.18624728,0.1552517;0.62247783,0.17317987,0.15689693;0.62247783,0.16981132,0.15791991;0.62247783,0.16873643,0.15909971;0.62247783,0.1692085,0.16065566;0.62247783,0.17223693,0.16411603;0.62247783,0.1785793,0.16955205;0.62247783,0.17964668,0.17493648;0.62247783,0.17472418,0.17859682;0.62247783,0.16877321,0.18136251;0.62247783,0.16076659,0.18499336;0.62247783,0.15759657,0.18736526;0.62247783,0.14482362,0.19760716;0.62247783,0.14319682,0.19848076;0.62247783,0.12911294,0.20240907;0.62247783,0.11623426,0.20567945;0.62247783,0.11328654,0.2069127;0.62247783,0.10173376,0.21344934;0.62247783,0.09613912,0.21570295;0.62247783,0.08460902,0.2203028;0.62247783,0.07877122,0.22215011;0.62247783,0.06544587,0.22523343;0.62247783,0.06073331,0.22574332;0.62247783,0.05224564,0.2259012;0.62247783,0.04546268,0.22607943;0.62247783,0.04233797,0.22625538;0.62247783,0.0276508,0.22784231;0.62247783,0.02492745,0.22820628;0.62247783,0.00921357,0.22965955;0.62247783,0.00708148,0.22977301;0.62247783,-0.00691195,0.23093606;0.62247783,-0.01049175,0.23110253;0.62247783,-0.01226353,0.23086993;0.62247783,-0.03022496,0.22789433;0.62247783,-0.0447122,0.22560974;0.62247783,-0.04688891,0.22532274;0.62247783,-0.06002101,0.22365251;0.62247783,-0.06380144,0.22310161;0.62247783,-0.07981632,0.22009141;0.62247783,-0.08435679,0.21891994;0.62247783,-0.09729397,0.21354528;0.62247783,-0.10036884,0.21219566;0.62247783,-0.11432886,0.2054004;0.62247783,-0.11737036,0.20433261;0.62247783,-0.12857413,0.20096898;0.62247783,-0.137698,0.19739173;0.62247783,-0.14507568,0.1947197;0.62247783,-0.15782981,0.19164032;0.62247783,-0.16028311,0.1909352;0.62247783,-0.16141273,0.18993479;0.62247783,-0.16967781,0.1802488;0.62247783,-0.17271874,0.17615375;0.62247783,-0.17475068,0.17259689;0.62247783,-0.17770885,0.17244878;0.62247783,-0.18820524,0.16971461;0.62247783,-0.19233915,0.16147472;0.62247783,-0.19192032,0.15260957;0.62247783,-0.18800928,0.14587521;0.62247783,-0.18389775,0.14106251;0.62247783,-0.17982815,0.13889479;0.62247783,-0.17019638,0.13354216;0.62247783,-0.15845383,0.13108396;0.62247783,-0.15196648,0.13105551;0.62247783,-0.14248585,0.13287484;0.62247783,-0.13590108,0.13615055;0.62247783,-0.12715035,0.13868107;0.62247783,-0.12041039,0.13747482;0.62247783,-0.11563308,0.13323357;0.62247783,-0.11202856,0.13102733;0.62247783,-0.10824433,0.13152506;0.62247783,-0.09791476,0.13515611;0.62247783,-0.09059592,0.13751147;0.62247783,-0.08052648,0.13992583;0.62247783,-0.06740776,0.14224837;0.62247783,-0.06447224,0.14281804;0.62247783,-0.05816456,0.14443655;0.62247783,-0.04819086,0.14702857;0.62247783,-0.04280524,0.14789693;0.62247783,-0.03167989,0.14928837;0.62247783,-0.02085753,0.14988655;0.62247783,-0.01696295,0.15002696;0.62247783,-0.0041532,0.14979378;0.62247783,-0.00312695,0.14992892;0.62247783,0.01209895,0.15394135;0.62247783,0.01373495,0.154163;0.62247783,0.03007322,0.15379618
0.62247783,0.38449153,-0.15540477;0.62247783,0.38541782,-0.15511303;0.62247783,0.38684997,-0.15528843;0.62247783,0.4025502,-0.15716252;0.62247783,0.41025442,-0.1554679;0.62247783,0.42114551,-0.14873013;0.62247783,0.42314986,-0.14732795;0.62247783,0.42459052,-0.1461494;0.62247783,0.43463422,-0.13703782;0.62247783,0.43883074,-0.12866604;0.62247783,0.44132988,-0.11920632;0.62247783,0.44415603,-0.11242216;0.62247783,0.44659032,-0.10561379;0.62247783,0.44631954,-0.09502639;0.62247783,0.44312951,-0.0805589;0.62247783,0.44233486,-0.07758908;0.62247783,0.43799048,-0.06924276;0.62247783,0.42745289,-0.06256574;0.62247783,0.41500862,-0.06348081;0.62247783,0.41140871,-0.06340291;0.62247783,0.40973205,-0.06275827;0.62247783,0.40807933,-0.06130152;0.62247783,0.39728501,-0.05012649;0.62247783,0.39531535,-0.04917932;0.62247783,0.38234347,-0.04989771;0.62247783,0.37899006,-0.05112451;0.62247783,0.37524478,-0.05731314;0.62247783,0.37897277,-0.06300624;0.62247783,0.38027395,-0.06537963;0.62247783,0.37942338,-0.06780356;0.62247783,0.37753749,-0.06965676;0.62247783,0.37084646,-0.07604775;0.62247783,0.36311652,-0.08269686;0.62247783,0.36065669,-0.08504643;0.62247783,0.35666182,-0.08540198;0.62247783,0.34803052,-0.08525719;0.62247783,0.34022735,-0.08524584;0.62247783,0.3382216,-0.08550965;0.62247783,0.33716801,-0.08729229;0.62247783,0.3367291,-0.09122366;0.62247783,0.33579592,-0.09855811;0.62247783,0.33466614,-0.10316538;0.62247783,0.33309577,-0.10890497;0.62247783,0.33395673,-0.11824096;0.62247783,0.34133048,-0.1249488;0.62247783,0.34112591,-0.12521805;0.62247783,0.32916464,-0.12498536;0.62247783,0.32771776,-0.12477792;0.62247783,0.32705978,-0.12436521;0.62247783,0.31692807,-0.11891925;0.62247783,0.3078177,-0.11855383;0.62247783,0.30565415,-0.12459245;0.62247783,0.30948134,-0.13247041;0.62247783,0.31475142,-0.13768744;0.62247783,0.31966967,-0.14154794;0.62247783,0.33211257,-0.15359368;0.62247783,0.3445533,-0.16491578;0.62247783,0.3463023,-0.16605109;0.62247783,0.34820119,-0.16637487;0.62247783,0.36244882,-0.16632918;0.62247783,0.37089345,-0.16411534;0.62247783,0.38280011,-0.15648543
0.62247783,-0.12219729,-0.15335389;0.62247783,-0.11933619,-0.15330036;0.62247783,-0.11892734,-0.15116452;0.62247783,-0.12016618,-0.1497012;0.62247783,-0.12569026,-0.14631274;0.62247783,-0.13354892,-0.14558304;0.62247783,-0.13789446,-0.14694147;0.62247783,-0.13834656,-0.14986923;0.62247783,-0.13634335,-0.15123114
0.62247783,0.29053727,0.38802033;0.62247783,0.29326402,0.387931;0.62247783,0.29664418,0.38781086;0.62247783,0.30972264,0.38744052;0.62247783,0.32083052,0.38800089;0.62247783,0.32934273,0.38988947;0.62247783,0.34140677,0.39190016;0.62247783,0.3492413,0.39426506;0.62247783,0.35955472,0.3986738;0.62247783,0.36638581,0.402067;0.62247783,0.37073136,0.40863593;0.62247783,0.38245952,0.42232466;0.62247783,0.39000756,0.43117176;0.62247783,0.4008511,0.44055602;0.62247783,0.40214782,0.4578013;0.62247783,0.39599352,0.47008277;0.62247783,0.38269771,0.48961151;0.62247783,0.37615977,0.49650461;0.62247783,0.3656993,0.50495149;0.62247783,0.35008384,0.5157544;0.62247783,0.3402968,0.52208475;0.62247783,0.32031116,0.52776379;0.62247783,0.31702369,0.52830014;0.62247783,0.28008465,0.53278382;0.62247783,0.2752465,0.53319939;0.62247783,0.24377767,0.5353458;0.62247783,0.23508846,0.53569054;0.62247783,0.20412417,0.5365644;0.62247783,0.1910742,0.53691577;0.62247783,0.16261805,0.53812514;0.62247783,0.14838772,0.53873341;0.62247783,0.12243373,0.54063746;0.62247783,0.10851166,0.54124538;0.62247783,0.08291787,0.54238565;0.62247783,0.06990925,0.54272759;0.62247783,0.04564025,0.54335222;0.62247783,-0.04165111,0.54370833;0.62247783,-0.06954653,0.54344971;0.62247783,-0.08161049,0.54318564;0.62247783,-0.10811786,0.54189519;0.62247783,-0.16314836,0.54032326;0.62247783,-0.1908192,0.53900116;0.62247783,-0.24346383,0.53708267;0.62247783,-0.27218706,0.53529953;0.62247783,-0.2776866,0.53481336;0.62247783,-0.31219762,0.53013831;0.62247783,-0.31396434,0.52984745;0.62247783,-0.32854541,0.52596555;0.62247783,-0.34540485,0.51810224;0.62247783,-0.3618143,0.50759369;0.62247783,-0.3728689,0.49957775;0.62247783,-0.38064839,0.49198453;0.62247783,-0.39521334,0.47142658;0.62247783,-0.40088121,0.46045265;0.62247783,-0.40311365,0.44163078;0.62247783,-0.3914406,0.43115815;0.62247783,-0.38455941,0.42196366;0.62247783,-0.37692681,0.41212279;0.62247783,-0.36847867,0.40087712;0.62247783,-0.3595363,0.39608691;0.62247783,-0.3469549,0.39122008;0.62247783,-0.34230166,0.39001623;0.62247783,-0.3282144,0.38809677;0.62247783,-0.32097231,0.38726164;0.62247783,-0.2939291,0.3854919;0.62247783,-0.29156353,0.38540608;0.62247783,-0.28900086,0.38556;0.62247783,-0.2577488,0.38751312;0.62247783,-0.25528659,0.38769228;0.62247783,-0.241839,0.38858413;0.62247783,-0.22598597,0.38962037;0.62247783,-0.21066036,0.39168065;0.62247783,-0.20341151,0.392847;0.62247783,-0.1950254,0.39398649;0.62247783,-0.17748332,0.39638382;0.62247783,-0.17280701,0.39691448;0.62247783,-0.16401291,0.39771978;0.62247783,-0.15946684,0.39831658;0.62247783,-0.14860573,0.39960694;0.62247783,-0.13813022,0.40086388;0.62247783,-0.13143935,0.40194055;0.62247783,-0.11973408,0.40430972;0.62247783,-0.11858542,0.40445597;0.62247783,-0.10285019,0.40560993;0.62247783,-0.10038742,0.40584041;0.62247783,-0.09448731,0.40668702;0.62247783,-0.08603298,0.40803707;0.62247783,-0.0669487,0.40988769;0.62247783,-0.05293008,0.41172416;0.62247783,-0.03730461,0.41219899;0.62247783,-0.03600613,0.41223768;0.62247783,-0.03469154,0.41236608;0.62247783,-0.02066187,0.41360697;0.62247783,-0.00471063,0.41352191;0.62247783,-0.00264434,0.41348872;0.62247783,-0.00066249,0.41358186;0.62247783,0.01235607,0.41417478;0.62247783,0.02892348,0.41322759;0.62247783,0.04428452,0.41283731;0.62247783,0.06258421,0.4109958;0.62247783,0.07728619,0.4101735;0.62247783,0.08569235,0.40885195;0.62247783,0.09266218,0.40768162;0.62247783,0.09483219,0.40745812;0.62247783,0.10889796,0.4065133;0.62247783,0.11017412,0.40636147;0.62247783,0.12410487,0.40401977;0.62247783,0.13018969,0.4033618;0.62247783,0.13908911,0.40276801;0.62247783,0.14919308,0.40159837;0.62247783,0.15434131,0.40076847;0.62247783,0.16658397,0.39927301;0.62247783,0.16818956,0.39906256;0.62247783,0.18407918,0.39656026;0.62247783,0.18938543,0.39590638;0.62247783,0.19849752,0.39474745;0.62247783,0.2137479,0.39256147;0.62247783,0.22227358,0.39168725;0.62247783,0.22925167,0.39129794;0.62247783,0.23474058,0.39099677;0.62247783,0.24479936,0.39030463;0.62247783,0.2603456,0.38975626;0.62247783,0.26168931,0.38968707;0.62247783,0.27671609,0.38867856
0.62247783,-0.03243928,-0.18238604;0.62247783,-0.00750474,-0.18145745;0.62247783,0.01412396,-0.18245087;0.62247783,0.01684889,-0.18274838;0.62247783,0.03647132,-0.18614204;0.62247783,0.05141628,-0.1870205;0.62247783,0.05982762,-0.17979869;0.62247783,0.06018028,-0.17909515;0.62247783,0.05946168,-0.16924994;0.62247783,0.05358108,-0.16434032;0.62247783,0.04908506,-0.16203858;0.62247783,0.0432373,-0.16034151;0.62247783,0.036408,-0.1590959;0.62247783,0.02659942,-0.1569314;0.62247783,0.02422939,-0.15656276;0.62247783,0.02265277,-0.15633298;0.62247783,0.01202989,-0.15558333;0.62247783,0.00624824,-0.15611518;0.62247783,-0.00136613,-0.15809904;0.62247783,-0.00780683,-0.16178353;0.62247783,-0.01352223,-0.15939317;0.62247783,-0.02046531,-0.15887925;0.62247783,-0.0245506,-0.15954104;0.62247783,-0.02991024,-0.16286939;0.62247783,-0.03695167,-0.1716267;0.62247783,-0.04623085,-0.17001482;0.62247783,-0.04949763,-0.17028342;0.62247783,-0.05287567,-0.17066744;0.62247783,-0.05509193,-0.17466715;0.62247783,-0.04811424,-0.17931155;0.62247783,-0.03409116,-0.18235004
0.62247783,-0.35669331,-0.42619456;0.62247783,-0.36903798,-0.44135925;0.62247783,-0.37475556,-0.46177992;0.62247783,-0.37120778,-0.48206811;0.62247783,-0.36787706,-0.48804377;0.62247783,-0.34836773,-0.51056482;0.62247783,-0.34006205,-0.51796564;0.62247783,-0.32251611,-0.52933684;0.62247783,-0.3104479,-0.53347151;0.62247783,-0.29259979,-0.53620168;0.62247783,-0.27970571,-0.53706995;0.62247783,-0.27073803,-0.53831208;0.62247783,-0.24540295,-0.54051603;0.62247783,-0.22457767,-0.53997899;0.62247783,-0.21623357,-0.53901475;0.62247783,-0.20486052,-0.53749693;0.62247783,-0.18618938,-0.53343137;0.62247783,-0.16870511,-0.52922089;0.62247783,-0.15032718,-0.52360766;0.62247783,-0.13131431,-0.51848575;0.62247783,-0.11440764,-0.51467386;0.62247783,-0.11068708,-0.51341502;0.62247783,-0.1082779,-0.51071942;0.62247783,-0.09778581,-0.49416869;0.62247783,-0.09697292,-0.49288958;0.62247783,-0.09460371,-0.48650044;0.62247783,-0.09342794,-0.47708352;0.62247783,-0.09832705,-0.46488944;0.62247783,-0.10464947,-0.45658378;0.62247783,-0.10837201,-0.45347995;0.62247783,-0.1217921,-0.44424033;0.62247783,-0.1290857,-0.44027478;0.62247783,-0.13642228,-0.43668898;0.62247783,-0.14655529,-0.43239117;0.62247783,-0.15254726,-0.42989503;0.62247783,-0.16381358,-0.42568834;0.62247783,-0.16939749,-0.42383586;0.62247783,-0.18043386,-0.42070901;0.62247783,-0.1888492,-0.41827382;0.62247783,-0.20887722,-0.41313631;0.62247783,-0.21293222,-0.41223356;0.62247783,-0.22595343,-0.40958304;0.62247783,-0.23062596,-0.40887008;0.62247783,-0.2568955,-0.4056498;0.62247783,-0.26786778,-0.40470218;0.62247783,-0.27815717,-0.40464041;0.62247783,-0.29113362,-0.40438017;0.62247783,-0.29507569,-0.40434918;0.62247783,-0.2982007,-0.40439761;0.62247783,-0.31196982,-0.40472852;0.62247783,-0.32556367,-0.40305805;0.62247783,-0.33073338,-0.40296339;0.62247783,-0.33637681,-0.40442587;0.62247783,-0.34380572,-0.41169412;0.62247783,-0.35019723,-0.4194707
0.62247783,0.22921463,0.15520512;0.62247783,0.23129317,0.14942631;0.62247783,0.23590704,0.14663592;0.62247783,0.23851513,0.14842601;0.62247783,0.24369113,0.15708544;0.62247783,0.24289603,0.15840154;0.62247783,0.23227115,0.16145967;0.62247783,0.23125737,0.16155826;0.62247783,0.22949747,0.16019978
0.62247783,-0.07440732,-0.0294;0.62247783,-0.07240852,-0.02850538;0.62247783,-0.07048218,-0.02451734;0.62247783,-0.07713005,-0.02513909;0.62247783,-0.0790068,-0.02785443
0.62247783,0.14759398,-0.15629315;0.62247783,0.1446907,-0.14641436;0.62247783,0.14334114,-0.14419206;0.62247783,0.14225146,-0.14347667;0.62247783,0.14049089,-0.14439736;0.62247783,0.1382877,-0.14741632;0.62247783,0.13369903,-0.1564175;0.62247783,0.13397973,-0.16417526;0.62247783,0.1389721,-0.16686073;0.62247783,0.14425562,-0.16375608
0.62247783,-0.09995552,-0.18500191;0.62247783,-0.09833145,-0.18531486;0.62247783,-0.09678959,-0.18367925;0.62247783,-0.0980207,-0.18187614;0.62247783,-0.1003377,-0.18210551;0.62247783,-0.10109225,-0.18397755
0.62247783,0.35210768,-0.15143236;0.62247783,0.35307422,-0.15229086;0.62247783,0.35309191,-0.15419877;0.62247783,0.35010049,-0.15521232;0.62247783,0.34472007,-0.1528184;0.62247783,0.34875892,-0.15038106
0.62247783,0.18364757,-0.1300223;0.62247783,0.18240122,-0.13512424;0.62247783,0.18674775,-0.13744884;0.62247783,0.19202029,-0.1353014;0.62247783,0.19293941,-0.13036992;0.62247783,0.18944016,-0.12781511
-0.47964946,0.62247783,0.1188811;-0.47634574,0.62247783,0.12973308;-0.473606,0.62247783,0.13788319;-0.46993185,0.62247783,0.14765836;-0.46462331,0.62247783,0.15648727;-0.46066956,0.62247783,0.16158334;-0.45309351,0.62247783,0.16804158;-0.44784087,0.62247783,0.17139001;-0.43233034,0.62247783,0.17779827;-0.43124946,0.62247783,0.17803783;-0.41452388,0.62247783,0.17915545;-0.3948997,0.62247783,0.17824194;-0.37676176,0.62247783,0.17676157;-0.37541852,0.62247783,0.17655879;-0.35889814,0.62247783,0.17316337;-0.34612855,0.62247783,0.1707795;-0.34447618,0.62247783,0.17048101;-0.32856896,0.62247783,0.16774946;-0.32685339,0.62247783,0.1674208;-0.31238102,0.62247783,0.16438071;-0.295247,0.62247783,0.16194628;-0.27445879,0.62247783,0.15944485;-0.27201161,0.62247783,0.15927217;-0.25891741,0.62247783,0.15889552;-0.25594852,0.62247783,0.1589356;-0.24481807,0.62247783,0.15936538;-0.23519848,0.62247783,0.16054193;-0.22908716,0.62247783,0.16114482;-0.21953286,0.62247783,0.16212919;-0.20995211,0.62247783,0.16331971;-0.2004547,0.62247783,0.16449526;-0.18412459,0.62247783,0.16656847;-0.18289691,0.62247783,0.16669532;-0.18017112,0.62247783,0.16686593;-0.15693152,0.62247783,0.16762321;-0.14632803,0.62247783,0.16697184;-0.13338165,0.62247783,0.16518173;-0.12748218,0.62247783,0.16301647;-0.11892353,0.62247783,0.15794675;-0.10868317,0.62247783,0.14901468;-0.10798384,0.62247783,0.14757891;-0.10772434,0.62247783,0.13549742;-0.11118052,0.62247783,0.12421893;-0.11332431,0.62247783,0.12061816;-0.12286571,0.62247783,0.1119941;-0.13213783,0.62247783,0.1059096;-0.13697545,0.62247783,0.10432302;-0.14791162,0.62247783,0.10348412;-0.15923143,0.62247783,0.10239577;-0.16721482,0.62247783,0.10211445;-0.18221927,0.62247783,0.10209667;-0.18802312,0.62247783,0.10221379;-0.20359591,0.62247783,0.10319935;-0.20682069,0.62247783,0.10348123;-0.21789232,0.62247783,0.10435302;-0.2246798,0.62247783,0.10493255;-0.22720958,0.62247783,0.1048953;-0.24597504,0.62247783,0.10386364;-0.24864019,0.62247783,0.1037498;-0.25213674,0.62247783,0.10324869;-0.26559557,0.62247783,0.10141925;-0.28313083,0.62247783,0.09808067;-0.29454489,0.62247783,0.0951146;-0.30188967,0.62247783,0.09258088;-0.3097916,0.62247783,0.08943279;-0.32222022,0.62247783,0.08375198;-0.32582547,0.62247783,0.08208238;-0.334389,0.62247783,0.07782454;-0.33829686,0.62247783,0.07578851;-0.34258604,0.62247783,0.07310347;-0.34924209,0.62247783,0.06889788;-0.35106605,0.62247783,0.06773764;-0.36401429,0.62247783,0.05933709;-0.37650602,0.62247783,0.05156904;-0.38085265,0.62247783,0.04802077;-0.38691664,0.62247783,0.04307201;-0.39933072,0.62247783,0.03255185;-0.41353588,0.62247783,0.01967036;-0.41436632,0.62247783,0.01893904;-0.41828741,0.62247783,0.01696062;-0.43031852,0.62247783,0.01568106;-0.43391251,0.62247783,0.01535201;-0.43553877,0.62247783,0.0154681;-0.44633952,0.62247783,0.01583722;-0.45509041,0.62247783,0.02460779;-0.4616816,0.62247783,0.03322287;-0.46422966,0.62247783,0.03660576;-0.46498646,0.62247783,0.03807126;-0.4705689,0.62247783,0.05138613;-0.47433689,0.62247783,0.06228461;-0.47566544,0.62247783,0.06701609;-0.47773489,0.62247783,0.07699001;-0.4788147,0.62247783,0.08445939;-0.47904751,0.62247783,0.08663913;-0.48011859,0.62247783,0.10120435;-0.48055964,0.62247783,0.11130387
-0.10060914,0.62247783,-0.13156136;-0.10485157,0.62247783,-0.14375094;-0.11152142,0.62247783,-0.14804261;-0.12354771,0.62247783,-0.15154935;-0.12673545,0.62247783,-0.15205664;-0.12891959,0.62247783,-0.1520105;-0.14343363,0.62247783,-0.15016309;-0.15306513,0.62247783,-0.14956492;-0.15987717,0.62247783,-0.1491949;-0.17596497,0.62247783,-0.14817755;-0.19175419,0.62247783,-0.14614499;-0.20294895,0.62247783,-0.14287524;-0.20693704,0.62247783,-0.1419104;-0.22378993,0.62247783,-0.13969299;-0.22614251,0.62247783,-0.13914537;-0.2275432,0.62247783,-0.13797065;-0.23615821,0.62247783,-0.12866009;-0.23976051,0.62247783,-0.12322288;-0.23513032,0.62247783,-0.11806937;-0.23083201,0.62247783,-0.11602637;-0.22087428,0.62247783,-0.11143205;-0.20848644,0.62247783,-0.10459919;-0.20675037,0.62247783,-0.10375276;-0.2054962,0.62247783,-0.10332601;-0.19051485,0.62247783,-0.09890057;-0.17254941,0.62247783,-0.09365718;-0.1686525,0.62247783,-0.09282037;-0.15692085,0.62247783,-0.09203954;-0.1518269,0.62247783,-0.09227003;-0.1399229,0.62247783,-0.09392831;-0.13511602,0.62247783,-0.09489954;-0.13147464,0.62247783,-0.09649897;-0.12047153,0.62247783,-0.10279664;-0.11291817,0.62247783,-0.10873169;-0.10916499,0.62247783,-0.11214149;-0.1044377,0.62247783,-0.11838623
-0.2252108,0.62247783,-0.40898072;-0.21019544,0.62247783,-0.41111442;-0.2035544,0.62247783,-0.41212366;-0.19443443,0.62247783,-0.41367198;-0.1824498,0.62247783,-0.41565183;-0.17878706,0.62247783,-0.41636037;-0.15805639,0.62247783,-0.4204854;-0.14517444,0.62247783,-0.42322336;-0.14284816,0.62247783,-0.42374942;-0.12842567,0.62247783,-0.42743703;-0.12513532,0.62247783,-0.42824899;-0.11270228,0.62247783,-0.43156109;-0.10877331,0.62247783,-0.43261207;-0.09474162,0.62247783,-0.4370277;-0.09272182,0.62247783,-0.43766968;-0.08001156,0.62247783,-0.44219894;-0.07676772,0.62247783,-0.44356315;-0.06303321,0.62247783,-0.44988669;-0.05833897,0.62247783,-0.45281581;-0.05198987,0.62247783,-0.45772368;-0.04645703,0.62247783,-0.46637781;-0.05098821,0.62247783,-0.47742724;-0.05314921,0.62247783,-0.48013;-0.06405987,0.62247783,-0.48603107;-0.07542354,0.62247783,-0.49205376;-0.07931893,0.62247783,-0.49402772;-0.08190069,0.62247783,-0.49534417;-0.11238742,0.62247783,-0.50975685;-0.11506338,0.62247783,-0.51091607;-0.13131482,0.62247783,-0.51585896;-0.15195426,0.62247783,-0.52213518;-0.16213341,0.62247783,-0.52454515;-0.18605228,0.62247783,-0.52907818;-0.21236887,0.62247783,-0.53423604;-0.21757493,0.62247783,-0.53475132;-0.24402228,0.62247783,-0.53447557;-0.25899276,0.62247783,-0.53390858;-0.2743433,0.62247783,-0.53206148;-0.30309897,0.62247783,-0.5275894;-0.30879218,0.62247783,-0.52588073;-0.32212241,0.62247783,-0.5200473;-0.34657353,0.62247783,-0.50516545;-0.36716199,0.62247783,-0.48460928;-0.37277836,0.62247783,-0.47439113;-0.3749472,0.62247783,-0.45788682;-0.36974746,0.62247783,-0.4354445;-0.35830172,0.62247783,-0.41902995;-0.35546155,0.62247783,-0.4161272;-0.35405645,0.62247783,-0.41557027;-0.33030735,0.62247783,-0.4081635;-0.31141483,0.62247783,-0.40447964;-0.30125861,0.62247783,-0.40288603;-0.29446491,0.62247783,-0.40253292;-0.2863123,0.62247783,-0.40273791;-0.27702283,0.62247783,-0.40332127;-0.2679569,0.62247783,-0.4040864
0.11250927,0.62247783,-0.50893339;0.107837,0.62247783,-0.50704617;0.09447899,0.62247783,-0.50185261;0.07911879,0.62247783,-0.49536879;0.07814792,0.62247783,-0.49490063;0.06445133,0.62247783,-0.48745863;0.05012751,0.62247783,-0.47995392;0.03862493,0.62247783,-0.47089992;0.03457139,0.62247783,-0.46597522;0.03762845,0.62247783,-0.46059845;0.04347559,0.62247783,-0.45590094;0.0496411,0.62247783,-0.45184339;0.0613705,0.62247783,-0.44562377;0.06496066,0.62247783,-0.44403899;0.07844208,0.62247783,-0.43820604;0.08361876,0.62247783,-0.43596435;0.092491,0.62247783,-0.43257774;0.10133899,0.62247783,-0.43013804;0.11061538,0.62247783,-0.42719487;0.11837048,0.62247783,-0.42428433;0.12421572,0.62247783,-0.42239856;0.13484226,0.62247783,-0.42025921;0.15074856,0.62247783,-0.41650829;0.16033778,0.62247783,-0.41409774;0.16681176,0.62247783,-0.41277775;0.1796668,0.62247783,-0.41008475;0.19418711,0.62247783,-0.40723492;0.19961318,0.62247783,-0.4063636;0.21374508,0.62247783,-0.40457991;0.22940461,0.62247783,-0.40251962;0.24139407,0.62247783,-0.40085675;0.24479787,0.62247783,-0.40047764;0.24741009,0.62247783,-0.40034145;0.26131436,0.62247783,-0.39987528;0.27577071,0.62247783,-0.39908276;0.27745581,0.62247783,-0.3990381;0.27934995,0.62247783,-0.39908879;0.29440604,0.62247783,-0.39999279;0.3034811,0.62247783,-0.40126076;0.31167108,0.62247783,-0.40341157;0.32595274,0.62247783,-0.40819747;0.33184121,0.62247783,-0.41012959;0.35636978,0.62247783,-0.41598106;0.35745276,0.62247783,-0.41629164;0.3592804,0.62247783,-0.41807118;0.37506454,0.62247783,-0.43599555;0.38881077,0.62247783,-0.46175649;0.38867533,0.62247783,-0.46334902;0.36951838,0.62247783,-0.48653185;0.34824811,0.62247783,-0.50812558;0.34038058,0.62247783,-0.51321056;0.3131279,0.62247783,-0.52525519;0.30115518,0.62247783,-0.52864794;0.28000786,0.62247783,-0.53212252;0.26905267,0.62247783,-0.53387837;0.24627812,0.62247783,-0.53447325;0.22089109,0.62247783,-0.53292033;0.21762126,0.62247783,-0.53259326;0.21449793,0.62247783,-0.53236124;0.18764947,0.62247783,-0.52975657;0.16485839,0.62247783,-0.52556067;0.1580079,0.62247783,-0.52379969;0.1526863,0.62247783,-0.52235725;0.13268026,0.62247783,-0.51573347;0.11681188,0.62247783,-0.51063195
0.14220168,0.62247783,-0.15526637;0.13190581,0.62247783,-0.15416704;0.12116522,0.62247783,-0.15361519;0.11563887,0.62247783,-0.15322074;0.10766792,0.62247783,-0.1524563;0.10129637,0.62247783,-0.15180143;0.09301719,0.62247783,-0.14984716;0.08190452,0.62247783,-0.14064111;0.08170257,0.62247783,-0.13609261;0.08398983,0.62247783,-0.13347914;0.10147345,0.62247783,-0.11820495;0.11360999,0.62247783,-0.1106814;0.11494869,0.62247783,-0.10921098;0.1229906,0.62247783,-0.0968585;0.12385422,0.62247783,-0.09584256;0.12525104,0.62247783,-0.09555128;0.13763634,0.62247783,-0.09436927;0.14872005,0.62247783,-0.09211103;0.15336609,0.62247783,-0.09216704;0.15668158,0.62247783,-0.09321606;0.169535,0.62247783,-0.098517;0.1822068,0.62247783,-0.10102107;0.18958471,0.62247783,-0.10244996;0.1995993,0.62247783,-0.1068612;0.20425483,0.62247783,-0.10990274;0.21477159,0.62247783,-0.11433014;0.21807634,0.62247783,-0.11440276;0.23056876,0.62247783,-0.10921449;0.24594523,0.62247783,-0.10295908;0.24926798,0.62247783,-0.10227187;0.26574447,0.62247783,-0.1019408;0.27741898,0.62247783,-0.10084085;0.28281083,0.62247783,-0.10072182;0.29238416,0.62247783,-0.10225737;0.29776069,0.62247783,-0.10421435;0.30355245,0.62247783,-0.10151847;0.31237731,0.62247783,-0.09726789;0.31731723,0.62247783,-0.09485713;0.32057511,0.62247783,-0.09307937;0.33418138,0.62247783,-0.08783547;0.33817362,0.62247783,-0.08638436;0.3494249,0.62247783,-0.0813144;0.35385607,0.62247783,-0.07945695;0.3603203,0.62247783,-0.07731378;0.36660815,0.62247783,-0.0754439;0.37677473,0.62247783,-0.07345351;0.38358503,0.62247783,-0.0722255;0.39505836,0.62247783,-0.06778728;0.3975353,0.62247783,-0.06668388;0.39875263,0.62247783,-0.06612618;0.41294302,0.62247783,-0.06028983;0.4257102,0.62247783,-0.06135755;0.42868274,0.62247783,-0.06140514;0.43112271,0.62247783,-0.06322706;0.44199957,0.62247783,-0.07056627;0.44618788,0.62247783,-0.07671265;0.44762637,0.62247783,-0.08160882;0.4498741,0.62247783,-0.09194058;0.45142137,0.62247783,-0.10674961;0.45122856,0.62247783,-0.10900091;0.44643899,0.62247783,-0.12471972;0.43950962,0.62247783,-0.13836519;0.43596463,0.62247783,-0.14277306;0.42155331,0.62247783,-0.15539687;0.41730627,0.62247783,-0.15839391;0.40709714,0.62247783,-0.1624772;0.40155693,0.62247783,-0.16470222;0.39063104,0.62247783,-0.16955406;0.37852088,0.62247783,-0.17126768;0.37503631,0.62247783,-0.17061544;0.36248384,0.62247783,-0.16610829;0.35679611,0.62247783,-0.1656229;0.34579126,0.62247783,-0.16684645;0.34328742,0.62247783,-0.16709864;0.33024616,0.62247783,-0.16775158;0.32765829,0.62247783,-0.16752962;0.3128091,0.62247783,-0.16406233;0.2975468,0.62247783,-0.15989667;0.29639711,0.62247783,-0.1593922;0.28527453,0.62247783,-0.1525844;0.27924524,0.62247783,-0.15009579;0.2658113,0.62247783,-0.15068011;0.26121118,0.62247783,-0.15094892;0.24721136,0.62247783,-0.15146728;0.24488968,0.62247783,-0.15146286;0.24242239,0.62247783,-0.15124421;0.23023924,0.62247783,-0.15024009;0.21564135,0.62247783,-0.15271956;0.20834297,0.62247783,-0.15301145;0.20069592,0.62247783,-0.15244355;0.19878378,0.62247783,-0.15233673;0.1863122,0.62247783,-0.1507065;0.17440104,0.62247783,-0.1501117;0.17136777,0.62247783,-0.14989519;0.16496232,0.62247783,-0.15003838;0.15607587,0.62247783,-0.15076543;0.1476796,0.62247783,-0.1539903
-0.40651561,0.62247783,0.64232549;-0.38855604,0.62247783,0.64714729;-0.36264844,0.62247783,0.64965057;-0.34982337,0.62247783,0.64921537;-0.32556793,0.62247783,0.64478673;-0.30276855,0.62247783,0.63874421;-0.29233604,0.62247783,0.63484621;-0.27878446,0.62247783,0.62831999;-0.26207466,0.62247783,0.61916824;-0.24595247,0.62247783,0.60916352;-0.2334824,0.62247783,0.60041068;-0.22546892,0.62247783,0.59397499;-0.20718455,0.62247783,0.57769972;-0.18819072,0.62247783,0.55942206;-0.18152146,0.62247783,0.55214684;-0.15654647,0.62247783,0.52497595;-0.15515231,0.62247783,0.5232921;-0.15288476,0.62247783,0.51905986;-0.14336519,0.62247783,0.49875906;-0.14004543,0.62247783,0.48308197;-0.13963735,0.62247783,0.46512473;-0.14017095,0.62247783,0.46179646;-0.14408683,0.62247783,0.45347324;-0.14789809,0.62247783,0.44754053;-0.15317415,0.62247783,0.44268854;-0.16094056,0.62247783,0.4370419;-0.16291078,0.62247783,0.43593689;-0.17556527,0.62247783,0.42928325;-0.1800722,0.62247783,0.42743018;-0.19462993,0.62247783,0.42216914;-0.19677884,0.62247783,0.42149597;-0.21397502,0.62247783,0.41633718;-0.22904028,0.62247783,0.41231379;-0.23433216,0.62247783,0.4108704;-0.25678808,0.62247783,0.40512876;-0.26136523,0.62247783,0.40400315;-0.3073293,0.62247783,0.39268452;-0.31057447,0.62247783,0.39185877;-0.33787774,0.62247783,0.38475338;-0.34310056,0.62247783,0.38318084;-0.36118201,0.62247783,0.37714142;-0.36466093,0.62247783,0.37619196;-0.38115512,0.62247783,0.37304465;-0.40076217,0.62247783,0.36977346;-0.40718715,0.62247783,0.36990922;-0.43762571,0.62247783,0.37463611;-0.4651039,0.62247783,0.38474522;-0.47194243,0.62247783,0.3889519;-0.48583661,0.62247783,0.40465206;-0.48977142,0.62247783,0.41599227;-0.48962403,0.62247783,0.43215121;-0.48787122,0.62247783,0.44391092;-0.48522233,0.62247783,0.45879472;-0.48236399,0.62247783,0.47166275;-0.48091824,0.62247783,0.47882065;-0.47752037,0.62247783,0.4996196;-0.4706496,0.62247783,0.52982413;-0.47015491,0.62247783,0.53220449;-0.46971784,0.62247783,0.53543743;-0.46625373,0.62247783,0.5596681;-0.46188614,0.62247783,0.57754019;-0.45508792,0.62247783,0.59409464;-0.44436874,0.62247783,0.61404651;-0.43264986,0.62247783,0.62689461;-0.42021388,0.62247783,0.6362304
-0.41259699,0.62247783,-0.15101219;-0.42131509,0.62247783,-0.1458138;-0.42538792,0.62247783,-0.14247412;-0.43273329,0.62247783,-0.13507591;-0.43712157,0.62247783,-0.12803696;-0.44145577,0.62247783,-0.1135273;-0.44444381,0.62247783,-0.10352846;-0.44554098,0.62247783,-0.09541049;-0.44421748,0.62247783,-0.08183393;-0.44419066,0.62247783,-0.08049195;-0.44521578,0.62247783,-0.06464459;-0.44516731,0.62247783,-0.0631406;-0.44394825,0.62247783,-0.06184247;-0.43942358,0.62247783,-0.0600593;-0.43049631,0.62247783,-0.05725004;-0.42639152,0.62247783,-0.05684306;-0.41532977,0.62247783,-0.05703404;-0.40552608,0.62247783,-0.06162815;-0.39967422,0.62247783,-0.06479441;-0.39447931,0.62247783,-0.06762442;-0.38694548,0.62247783,-0.07219094;-0.37565091,0.62247783,-0.07734631;-0.37182967,0.62247783,-0.07950235;-0.36701156,0.62247783,-0.08334525;-0.36169866,0.62247783,-0.0885531;-0.35504941,0.62247783,-0.09130076;-0.34787576,0.62247783,-0.09324493;-0.33997455,0.62247783,-0.09608476;-0.33445155,0.62247783,-0.09852151;-0.32792893,0.62247783,-0.10332091;-0.31660257,0.62247783,-0.11002023;-0.31546218,0.62247783,-0.11082841;-0.31390285,0.62247783,-0.11168615;-0.30385882,0.62247783,-0.11832563;-0.29222113,0.62247783,-0.12581223;-0.29062858,0.62247783,-0.12708152;-0.29179121,0.62247783,-0.12881599;-0.300744,0.62247783,-0.14193713;-0.30388035,0.62247783,-0.14495121;-0.30589341,0.62247783,-0.14598071;-0.31952063,0.62247783,-0.1519247;-0.32325076,0.62247783,-0.15300796;-0.33160421,0.62247783,-0.15339513;-0.33678839,0.62247783,-0.1530232;-0.34958262,0.62247783,-0.15365876;-0.35237831,0.62247783,-0.15407559;-0.36618436,0.62247783,-0.158015;-0.37525127,0.62247783,-0.15977729;-0.38592522,0.62247783,-0.16054485;-0.39392715,0.62247783,-0.16013865;-0.40435172,0.62247783,-0.15578336;-0.40833029,0.62247783,-0.15366621
0.21252582,0.62247783,0.1587368;0.21356796,0.62247783,0.15849194;0.21597958,0.62247783,0.15825212;0.23055833,0.62247783,0.15739428;0.23639477,0.62247783,0.15726678;0.24764788,0.62247783,0.15716703;0.25583469,0.62247783,0.15519578;0.26143521,0.62247783,0.15369281;0.27293121,0.62247783,0.15234281;0.27758415,0.62247783,0.15231936;0.29038198,0.62247783,0.15360551;0.29596678,0.62247783,0.15451741;0.30943229,0.62247783,0.1572131;0.31514545,0.62247783,0.15832996;0.32663629,0.62247783,0.16087852;0.3325644,0.62247783,0.16215342;0.34317422,0.62247783,0.1645268;0.34932377,0.62247783,0.16644211;0.36086322,0.62247783,0.17035203;0.37492694,0.62247783,0.17399715;0.37804965,0.62247783,0.17510648;0.3929078,0.62247783,0.18259915;0.39431093,0.62247783,0.1831849;0.39568047,0.62247783,0.1833398;0.41168354,0.62247783,0.18368618;0.41434514,0.62247783,0.18366045;0.42989988,0.62247783,0.18211792;0.4342204,0.62247783,0.18114025;0.45010347,0.62247783,0.17365067;0.46107719,0.62247783,0.16441423;0.46480205,0.62247783,0.15793759;0.470456,0.62247783,0.14809384;0.47823093,0.62247783,0.1361625;0.47872858,0.62247783,0.13371329;0.47707097,0.62247783,0.1204238;0.47631738,0.62247783,0.10717691;0.47576095,0.62247783,0.10344283;0.47421413,0.62247783,0.09659318;0.47123027,0.62247783,0.08801358;0.4684864,0.62247783,0.08040506;0.46513597,0.62247783,0.07341888;0.461325,0.62247783,0.06894052;0.45159244,0.62247783,0.06074318;0.44659764,0.62247783,0.05533831;0.4418843,0.62247783,0.05199794;0.43119783,0.62247783,0.05084807;0.42307139,0.62247783,0.05226949;0.41527327,0.62247783,0.05580431;0.39960279,0.62247783,0.06473374;0.38567309,0.62247783,0.0722481;0.37477727,0.62247783,0.07819016;0.37232282,0.62247783,0.07936459;0.35482709,0.62247783,0.08616109;0.35367215,0.62247783,0.08659059;0.33866902,0.62247783,0.09206931;0.32678722,0.62247783,0.09588955;0.32430861,0.62247783,0.09678991;0.32117887,0.62247783,0.09816575;0.30950476,0.62247783,0.10335615;0.29683887,0.62247783,0.10742776;0.29578315,0.62247783,0.10757989;0.28195942,0.62247783,0.10718872;0.27153058,0.62247783,0.10517621;0.26430215,0.62247783,0.10370705;0.25284524,0.62247783,0.10112319;0.2474226,0.62247783,0.10040859;0.24179596,0.62247783,0.09970132;0.22300378,0.62247783,0.09972128;0.20896752,0.62247783,0.09890194;0.20045098,0.62247783,0.0980716;0.19020429,0.62247783,0.09960406;0.18542392,0.62247783,0.10023383;0.17117312,0.62247783,0.09852727;0.16067469,0.62247783,0.09716002;0.15135898,0.62247783,0.09644283;0.13773239,0.62247783,0.0977698;0.13587612,0.62247783,0.09819094;0.13111245,0.62247783,0.09956321;0.12095925,0.62247783,0.10277082;0.11776373,0.62247783,0.10589843;0.11381039,0.62247783,0.11481599;0.11916794,0.62247783,0.12398754;0.12074671,0.62247783,0.1271901;0.12232175,0.62247783,0.13001186;0.12722488,0.62247783,0.13949289;0.13325175,0.62247783,0.14591637;0.14273853,0.62247783,0.1498798;0.1501347,0.62247783,0.15369577;0.16545072,0.62247783,0.15979718;0.18086701,0.62247783,0.16273402;0.18601463,0.62247783,0.16341362;0.19842481,0.62247783,0.16283078
0.47802083,0.62247783,0.49177083;0.47906613,0.62247783,0.4838254;0.48467401,0.62247783,0.45248303;0.48518674,0.62247783,0.4387425;0.4853337,0.62247783,0.4197697;0.48544854,0.62247783,0.39425752;0.48435393,0.62247783,0.38717774;0.48070926,0.62247783,0.38329284;0.4601249,0.62247783,0.37243407;0.45233831,0.62247783,0.36993461;0.44759499,0.62247783,0.37008677;0.42235639,0.62247783,0.37384027;0.39461749,0.62247783,0.37781881;0.39257656,0.62247783,0.37802812;0.36425608,0.62247783,0.38086601;0.34538438,0.62247783,0.38557311;0.33714304,0.62247783,0.38810222;0.32769166,0.62247783,0.39175811;0.31733332,0.62247783,0.39602084;0.31191084,0.62247783,0.397775;0.30451454,0.62247783,0.39940975;0.29443208,0.62247783,0.40142658;0.27769452,0.62247783,0.40555989;0.26257162,0.62247783,0.40941298;0.26125505,0.62247783,0.40977736;0.25769331,0.62247783,0.41071463;0.24462815,0.62247783,0.41423014;0.23950851,0.62247783,0.41555827;0.22730956,0.62247783,0.41879383;0.21754119,0.62247783,0.42135283;0.2114282,0.62247783,0.42330198;0.1984622,0.62247783,0.4275727;0.19491258,0.62247783,0.42890026;0.180616,0.62247783,0.43436533;0.1790774,0.62247783,0.43526349;0.16713983,0.62247783,0.44435663;0.15971307,0.62247783,0.45143175;0.15612578,0.62247783,0.45560375;0.15443534,0.62247783,0.46062954;0.15282842,0.62247783,0.47402836;0.1531372,0.62247783,0.47878501;0.155309,0.62247783,0.4849469;0.15898167,0.62247783,0.49525498;0.16040841,0.62247783,0.49958979;0.16903188,0.62247783,0.52020257;0.17694107,0.62247783,0.53234453;0.18816538,0.62247783,0.54510078;0.2317547,0.62247783,0.59379554;0.23527903,0.62247783,0.59746871;0.24286732,0.62247783,0.60374652;0.26263593,0.62247783,0.61836756;0.27759249,0.62247783,0.62827888;0.29154579,0.62247783,0.6364127;0.30526066,0.62247783,0.64289092;0.32318183,0.62247783,0.64920741;0.35349199,0.62247783,0.65725643;0.35697411,0.62247783,0.65764101;0.39172319,0.62247783,0.6569058;0.39591834,0.62247783,0.65588917;0.42143324,0.62247783,0.64335178;0.44039676,0.62247783,0.62895715;0.44602131,0.62247783,0.62214459;0.4609091,0.62247783,0.59267535;0.46331054,0.62247783,0.58645782;0.46901576,0.62247783,0.5596475;0.47201912,0.62247783,0.53285173;0.47246264,0.62247783,0.52863695;0.47490535,0.62247783,0.51276827
0.11315134,0.62247783,0.14455519;0.11265008,0.62247783,0.14358733;0.11188596,0.62247783,0.14531419;0.11241896,0.62247783,0.14556343
-0.42948318,0.62247783,-0.03642074;-0.42825799,0.62247783,-0.03915394;-0.43108224,0.62247783,-0.04095892;-0.4332888,0.62247783,-0.03868777;-0.4337997,0.62247783,-0.03627572;-0.43160914,0.62247783,-0.03539185
-0.43302867,0.62247783,-0.00560335;-0.43476494,0.62247783,-0.004417;-0.43905797,0.62247783,0.00208333;-0.43453714,0.62247783,0.00414967;-0.43076325,0.62247783,-0.00138889;-0.43117724,0.62247783,-0.00459555
-0.62247783,-0.15389778,0.08729617;-0.62247783,-0.16346721,0.08519752;-0.62247783,-0.17621453,0.08171617;-0.62247783,-0.18082842,0.08042121;-0.62247783,-0.18301938,0.08021169;-0.62247783,-0.18542001,0.07935377;-0.62247783,-0.19775022,0.07637956;-0.62247783,-0.20179229,0.07597917;-0.62247783,-0.2157232,0.07542081;-0.62247783,-0.21862664,0.07480052;-0.62247783,-0.23216813,0.07105299;-0.62247783,-0.24461155,0.06445507;-0.62247783,-0.25829759,0.06202144;-0.62247783,-0.26655011,0.05918024;-0.62247783,-0.27485444,0.05565763;-0.62247783,-0.28181156,0.05358635;-0.62247783,-0.28589622,0.04850794;-0.62247783,-0.29277507,0.04195228;-0.62247783,-0.30106583,0.03846632;-0.62247783,-0.30621074,0.03611018;-0.62247783,-0.31429844,0.03141486;-0.62247783,-0.31927067,0.02789359;-0.62247783,-0.32365267,0.02052725;-0.62247783,-0.32298805,0.01521337;-0.62247783,-0.31992482,0.00884799;-0.62247783,-0.31707951,0.00504532;-0.62247783,-0.31093241,-0.00224442;-0.62247783,-0.31325815,-0.01060751;-0.62247783,-0.31590614,-0.01641649;-0.62247783,-0.31781312,-0.0214184;-0.62247783,-0.31617233,-0.02531766;-0.62247783,-0.30394052,-0.0333733;-0.62247783,-0.29685578,-0.03641187;-0.62247783,-0.28576508,-0.04191331;-0.62247783,-0.28008965,-0.04500974;-0.62247783,-0.26920196,-0.05030875;-0.62247783,-0.26574183,-0.0519294;-0.62247783,-0.26200073,-0.05171436;-0.62247783,-0.25647968,-0.05087859;-0.62247783,-0.23634462,-0.0489616;-0.62247783,-0.22009071,-0.04828244;-0.62247783,-0.21650907,-0.04772626;-0.62247783,-0.20229292,-0.04635506;-0.62247783,-0.18659098,-0.04289384;-0.62247783,-0.1779973,-0.04011157;-0.62247783,-0.17215476,-0.03798381;-0.62247783,-0.16324302,-0.03401024;-0.62247783,-0.15903837,-0.03212692;-0.62247783,-0.15609497,-0.03073148;-0.62247783,-0.14574546,-0.0252807;-0.62247783,-0.13958079,-0.02105203;-0.62247783,-0.13244689,-0.01522543;-0.62247783,-0.12463375,-0.0092686;-0.62247783,-0.11944389,-0.00600072;-0.62247783,-0.10714791,0.00058827;-0.62247783,-0.10587195,0.00100663;-0.62247783,-0.09519312,0.00120294;-0.62247783,-0.09190286,0.00209362;-0.62247783,-0.08136085,0.011002;-0.62247783,-0.07570122,0.01382718;-0.62247783,-0.06077108,0.01751034;-0.62247783,-0.04542228,0.01799114;-0.62247783,-0.03472945,0.01757586;-0.62247783,-0.03087546,0.01697861;-0.62247783,-0.01797709,0.01205752;-0.62247783,-0.01643797,0.01171351;-0.62247783,-0.01457427,0.01212182;-0.62247783,-0.00794957,0.01628799;-0.62247783,-0.00189123,0.02034038;-0.62247783,0.00073242,0.02127723;-0.62247783,0.0096922,0.02242448;-0.62247783,0.01628932,0.02264197;-0.62247783,0.02061947,0.02170156;-0.62247783,0.03156918,0.01866459;-0.62247783,0.04607139,0.01561528;-0.62247783,0.05434152,0.01300027;-0.62247783,0.05984251,0.0124276;-0.62247783,0.07231843,0.01458691;-0.62247783,0.07996388,0.01526655;-0.62247783,0.09209643,0.01420994;-0.62247783,0.09581121,0.01349759;-0.62247783,0.10017119,0.01120554;-0.62247783,0.10942216,0.00552909;-0.62247783,0.12228663,-0.00246581;-0.62247783,0.12349672,-0.00323589;-0.62247783,0.13518546,-0.01056355;-0.62247783,0.14598622,-0.0160366;-0.62247783,0.14897758,-0.01763582;-0.62247783,0.15307315,-0.02045975;-0.62247783,0.16146161,-0.02651926;-0.62247783,0.16726857,-0.02923067;-0.62247783,0.17734438,-0.03348032;-0.62247783,0.18657676,-0.03755612;-0.62247783,0.19187637,-0.03971683;-0.62247783,0.20524556,-0.04297795;-0.62247783,0.21057687,-0.04391493;-0.62247783,0.22282731,-0.04456918;-0.62247783,0.23642108,-0.04632247;-0.62247783,0.24311017,-0.04756872;-0.62247783,0.25085968,-0.04672056;-0.62247783,0.26214335,-0.04545199;-0.62247783,0.2736132,-0.04263755;-0.62247783,0.28382451,-0.03794077;-0.62247783,0.2882189,-0.03640424;-0.62247783,0.29047962,-0.03289622;-0.62247783,0.2980675,-0.02005548;-0.62247783,0.29874623,-0.01900032;-0.62247783,0.30120339,-0.01678813;-0.62247783,0.31207578,-0.00767189;-0.62247783,0.3159617,-0.00309463;-0.62247783,0.32127023,0.00301506;-0.62247783,0.32110965,0.0099978;-0.62247783,0.31600656,0.01572697;-0.62247783,0.31166776,0.02154568;-0.62247783,0.30900876,0.02686524;-0.62247783,0.3075459,0.03535788;-0.62247783,0.30717645,0.04078244;-0.62247783,0.3033357,0.05015611;-0.62247783,0.29592076,0.05584998;-0.62247783,0.28344409,0.06273012;-0.62247783,0.27038749,0.06822108;-0.62247783,0.25818248,0.07194359;-0.62247783,0.25421741,0.07308963;-0.62247783,0.24828756,0.07272824;-0.62247783,0.23795738,0.07288901;-0.62247783,0.23269539,0.0730033;-0.62247783,0.22155752,0.07516268;-0.62247783,0.21308068,0.07669315;-0.62247783,0.2029871,0.07793544;-0.62247783,0.19124921,0.07810245;-0.62247783,0.1893742,0.07798116;-0.62247783,0.18595541,0.07798756;-0.62247783,0.17479046,0.07804896;-0.62247783,0.16957473,0.07887471;-0.62247783,0.15180062,0.08397865;-0.62247783,0.13587395,0.08909967;-0.62247783,0.12609716,0.09350984;-0.62247783,0.11899583,0.09755067;-0.62247783,0.11372965,0.10073696;-0.62247783,0.10578083,0.10469046;-0.62247783,0.10170622,0.10660014;-0.62247783,0.08972249,0.11200194;-0.62247783,0.07746819,0.11617397;-0.62247783,0.06906056,0.11812095;-0.62247783,0.05626115,0.11964504;-0.62247783,0.04133358,0.12186131;-0.62247783,0.03911322,0.12205595;-0.62247783,0.02148398,0.12272786;-0.62247783,0.01913259,0.12284922;-0.62247783,0.00556759,0.12557542;-0.62247783,-0.00707942,0.12603562;-0.62247783,-0.01405356,0.12587675;-0.62247783,-0.02702989,0.12496114;-0.62247783,-0.03155962,0.12466288;-0.62247783,-0.03603334,0.12350413;-0.62247783,-0.04789375,0.11844398;-0.62247783,-0.05457817,0.1159045;-0.62247783,-0.06471936,0.11208501;-0.62247783,-0.08315492,0.10590493;-0.62247783,-0.09432634,0.10546724;-0.62247783,-0.09873504,0.10509874;-0.62247783,-0.11548069,0.10048975;-0.62247783,-0.12387662,0.09734083;-0.62247783,-0.13135011,0.09368426;-0.62247783,-0.14314253,0.08960313;-0.62247783,-0.14674671,0.08861616
-0.62247783,-0.5299008,0.10413225;-0.62247783,-0.52231713,0.13273988;-0.62247783,-0.52175263,0.13502833;-0.62247783,-0.52139522,0.13747428;-0.62247783,-0.5205036,0.15148679;-0.62247783,-0.51869819,0.16706494;-0.62247783,-0.51802342,0.1689975;-0.62247783,-0.51141738,0.17906212;-0.62247783,-0.50171561,0.19131513;-0.62247783,-0.49940293,0.19438436;-0.62247783,-0.4928025,0.20155736;-0.62247783,-0.48311438,0.21271811;-0.62247783,-0.47429015,0.22051977;-0.62247783,-0.46876652,0.22541278;-0.62247783,-0.4650704,0.22817337;-0.62247783,-0.45269685,0.23686762;-0.62247783,-0.43888085,0.24204361;-0.62247783,-0.43704399,0.24227931;-0.62247783,-0.41999852,0.24133819;-0.62247783,-0.41648768,0.24099814;-0.62247783,-0.40211442,0.23740724;-0.62247783,-0.39019933,0.23388289;-0.62247783,-0.3850261,0.23261621;-0.62247783,-0.36940736,0.22875406;-0.62247783,-0.36798476,0.22841177;-0.62247783,-0.35379631,0.22484253;-0.62247783,-0.34062699,0.21938659;-0.62247783,-0.33656679,0.21797742;-0.62247783,-0.33333825,0.21732321;-0.62247783,-0.31832294,0.21383606;-0.62247783,-0.31026774,0.21216272;-0.62247783,-0.30156512,0.21088937;-0.62247783,-0.29044709,0.20930217;-0.62247783,-0.28568259,0.20886823;-0.62247783,-0.28181443,0.20868186;-0.62247783,-0.27246328,0.20872959;-0.62247783,-0.2635591,0.20692087;-0.62247783,-0.24253131,0.20412624;-0.62247783,-0.2387669,0.20405754;-0.62247783,-0.2248289,0.20628896;-0.62247783,-0.21901675,0.20844125;-0.62247783,-0.21277395,0.21040121;-0.62247783,-0.19680281,0.21176773;-0.62247783,-0.18704692,0.21399574;-0.62247783,-0.18142685,0.21470663;-0.62247783,-0.16837746,0.21587634;-0.62247783,-0.16334187,0.21669769;-0.62247783,-0.15141106,0.2176652;-0.62247783,-0.14531552,0.21809951;-0.62247783,-0.1410284,0.21901229;-0.62247783,-0.12887617,0.22186219;-0.62247783,-0.11618971,0.22402895;-0.62247783,-0.11169072,0.22473121;-0.62247783,-0.10084852,0.22704937;-0.62247783,-0.09463802,0.22842563;-0.62247783,-0.09291213,0.22886799;-0.62247783,-0.07728752,0.23212498;-0.62247783,-0.07394194,0.23265835;-0.62247783,-0.05292632,0.23561621;-0.62247783,-0.04170088,0.236853;-0.62247783,-0.03296975,0.23726707;-0.62247783,-0.02466811,0.23789945;-0.62247783,-0.01492017,0.23961395;-0.62247783,-0.00372712,0.24071046;-0.62247783,0.00339568,0.24053211;-0.62247783,0.01447661,0.23930043;-0.62247783,0.0234593,0.23821818;-0.62247783,0.03278466,0.23711065;-0.62247783,0.04230351,0.23509127;-0.62247783,0.049788,0.23395553;-0.62247783,0.05988793,0.23364113;-0.62247783,0.07434514,0.23284873;-0.62247783,0.07709357,0.2323661;-0.62247783,0.09368808,0.22751601;-0.62247783,0.09601589,0.22688572;-0.62247783,0.10270788,0.22591588;-0.62247783,0.11292541,0.22488188;-0.62247783,0.12102988,0.22413617;-0.62247783,0.13106923,0.22255871;-0.62247783,0.14578258,0.21988996;-0.62247783,0.14945957,0.21945668;-0.62247783,0.1526352,0.21937099;-0.62247783,0.16873659,0.2197673;-0.62247783,0.17345238,0.21939179;-0.62247783,0.1822603,0.21709895;-0.62247783,0.19374657,0.21232742;-0.62247783,0.19565789,0.21186163;-0.62247783,0.21111804,0.21069828;-0.62247783,0.21508369,0.21085223;-0.62247783,0.2298618,0.21402157;-0.62247783,0.2308514,0.21406288;-0.62247783,0.24500833,0.21231393;-0.62247783,0.26026003,0.20952184;-0.62247783,0.26290532,0.20956058;-0.62247783,0.27504651,0.2113567;-0.62247783,0.27618029,0.21139868;-0.62247783,0.28835233,0.21013578;-0.62247783,0.2949928,0.21157378;-0.62247783,0.30179946,0.21261911;-0.62247783,0.3081181,0.21208438;-0.62247783,0.31810682,0.21485857;-0.62247783,0.32725571,0.21692756;-0.62247783,0.33430037,0.21862916;-0.62247783,0.34438509,0.22240245;-0.62247783,0.35064768,0.2248955;-0.62247783,0.35635806,0.22678531;-0.62247783,0.3679351,0.22932778;-0.62247783,0.37483725,0.23196595;-0.62247783,0.38205894,0.23443655;-0.62247783,0.39542134,0.23638797;-0.62247783,0.40270832,0.23707828;-0.62247783,0.41599603,0.23935783;-0.62247783,0.42049436,0.23979872;-0.62247783,0.43576667,0.24033369;-0.62247783,0.44033474,0.23996627;-0.62247783,0.45186632,0.23694476;-0.62247783,0.46727998,0.22888243;-0.62247783,0.46889479,0.22794984;-0.62247783,0.4704976,0.22656483;-0.62247783,0.48338247,0.21399307;-0.62247783,0.4989118,0.19375188;-0.62247783,0.51386919,0.16565037;-0.62247783,0.5228083,0.13749605;-0.62247783,0.52331589,0.13585094;-0.62247783,0.52388683,0.13440385;-0.62247783,0.53600497,0.10431223;-0.62247783,0.53705561,0.09892566;-0.62247783,0.53911907,0.07207517;-0.62247783,0.53966139,0.06283897;-0.62247783,0.53891138,0.04263839;-0.62247783,0.54097802,0.01892118;-0.62247783,0.54088814,0.01307634;-0.62247783,0.53763375,-0.01454496;-0.62247783,0.53753707,-0.02279321;-0.62247783,0.53961708,-0.03972407;-0.62247783,0.54042062,-0.04950683;-0.62247783,0.54024129,-0.08420223;-0.62247783,0.53993494,-0.08798974;-0.62247783,0.5364108,-0.11611666;-0.62247783,0.53377385,-0.12614298;-0.62247783,0.52209459,-0.14409536;-0.62247783,0.52122073,-0.14569459;-0.62247783,0.52117552,-0.14844764;-0.62247783,0.52236529,-0.17321896;-0.62247783,0.52209125,-0.17980822;-0.62247783,0.52040367,-0.18480308;-0.62247783,0.51334037,-0.20976383;-0.62247783,0.5084599,-0.22420481;-0.62247783,0.49848141,-0.2395749;-0.62247783,0.49177095,-0.26229639;-0.62247783,0.48969409,-0.26967077;-0.62247783,0.48680094,-0.27747055;-0.62247783,0.47994068,-0.29584654;-0.62247783,0.47337398,-0.31294938;-0.62247783,0.4708916,-0.3242568;-0.62247783,0.48443362,-0.34815326;-0.62247783,0.48867135,-0.35493438;-0.62247783,0.48948117,-0.3600107;-0.62247783,0.48894385,-0.3684296;-0.62247783,0.48647617,-0.3873978;-0.62247783,0.48509954,-0.41327663;-0.62247783,0.48460209,-0.42064642;-0.62247783,0.48439264,-0.42351868;-0.62247783,0.48282603,-0.42877053;-0.62247783,0.46867893,-0.47532112;-0.62247783,0.46141099,-0.49120306;-0.62247783,0.44210539,-0.5138741;-0.62247783,0.42128003,-0.53514166;-0.62247783,0.41785922,-0.53849515;-0.62247783,0.41546788,-0.54009422;-0.62247783,0.38106217,-0.56269808;-0.62247783,0.37999626,-0.56334944;-0.62247783,0.37575563,-0.56493668;-0.62247783,0.3526738,-0.57233203;-0.62247783,0.34576051,-0.57443595;-0.62247783,0.3278193,-0.5765216;-0.62247783,0.30581362,-0.57784705;-0.62247783,0.30036443,-0.57846964;-0.62247783,0.28560016,-0.58037384;-0.62247783,0.27118128,-0.58212927;-0.62247783,0.26622664,-0.58212016;-0.62247783,0.24228061,-0.58034472;-0.62247783,0.21394512,-0.57813188;-0.62247783,0.20912162,-0.57761309;-0.62247783,0.20323993,-0.57657541;-0.62247783,0.16126518,-0.56783031;-0.62247783,0.1486168,-0.56460764;-0.62247783,0.13493727,-0.56077406;-0.62247783,0.12000666,-0.55579551;-0.62247783,0.10526756,-0.55154864;-0.62247783,0.09177198,-0.54796045;-0.62247783,0.07401122,-0.5431896;-0.62247783,0.06562827,-0.54133456;-0.62247783,0.03881248,-0.53592005;-0.62247783,0.02978467,-0.53309564;-0.62247783,0.02063828,-0.53419375;-0.62247783,-0.00777692,-0.53446846;-0.62247783,-0.02402445,-0.53486702;-0.62247783,-0.03185316,-0.53453471;-0.62247783,-0.03871847,-0.53637706;-0.62247783,-0.06613617,-0.54211582;-0.62247783,-0.07289819,-0.54376816;-0.62247783,-0.0929895,-0.54954901;-0.62247783,-0.11192513,-0.55559616;-0.62247783,-0.12098999,-0.55818242;-0.62247783,-0.13199389,-0.56111775;-0.62247783,-0.151637,-0.56553706;-0.62247783,-0.17959432,-0.57258195;-0.62247783,-0.19637918,-0.57615698;-0.62247783,-0.22140565,-0.58036507;-0.62247783,-0.24105251,-0.58232164;-0.62247783,-0.27506811,-0.58320566;-0.62247783,-0.27786315,-0.58315478;-0.62247783,-0.28515253,-0.58246855;-0.62247783,-0.31551399,-0.57860822;-0.62247783,-0.32589472,-0.5768729;-0.62247783,-0.339675,-0.57157672;-0.62247783,-0.35183198,-0.56758443;-0.62247783,-0.36473582,-0.5648932;-0.62247783,-0.37702353,-0.56259857;-0.62247783,-0.38446062,-0.5590088;-0.62247783,-0.41561174,-0.53896508;-0.62247783,-0.43955701,-0.51920079;-0.62247783,-0.4448523,-0.51422842;-0.62247783,-0.44622027,-0.51255599;-0.62247783,-0.44891233,-0.50894858;-0.62247783,-0.46380766,-0.48580057;-0.62247783,-0.46980643,-0.47226857;-0.62247783,-0.47514774,-0.45214205;-0.62247783,-0.48369707,-0.42092057;-0.62247783,-0.48400254,-0.41939091;-0.62247783,-0.4838659,-0.41731103;-0.62247783,-0.48002954,-0.38677537;-0.62247783,-0.47820133,-0.36653389;-0.62247783,-0.47507894,-0.35750408;-0.62247783,-0.46360371,-0.34161235;-0.62247783,-0.44728867,-0.32141836;-0.62247783,-0.4468117,-0.32035584;-0.62247783,-0.44238875,-0.29765993;-0.62247783,-0.43674685,-0.28378062;-0.62247783,-0.43546947,-0.28012938;-0.62247783,-0.43695859,-0.27788404;-0.62247783,-0.43985204,-0.27720207;-0.62247783,-0.45309611,-0.27428634;-0.62247783,-0.46204903,-0.26518806;-0.62247783,-0.46957254,-0.25587655;-0.62247783,-0.48090301,-0.24187368;-0.62247783,-0.48461339,-0.23725125;-0.62247783,-0.48743745,-0.23408773;-0.62247783,-0.50612188,-0.2115837;-0.62247783,-0.5071448,-0.20973405;-0.62247783,-0.51919323,-0.18023075;-0.62247783,-0.52003384,-0.17804791;-0.62247783,-0.52018189,-0.17533808;-0.62247783,-0.51956335,-0.16517514;-0.62247783,-0.51926785,-0.14527019;-0.62247783,-0.51989772,-0.14175949;-0.62247783,-0.5294445,-0.12161863;-0.62247783,-0.53439838,-0.09296039;-0.62247783,-0.53485565,-0.08590427;-0.62247783,-0.53586391,-0.0586383;-0.62247783,-0.5359651,-0.05280316;-0.62247783,-0.5358655,-0.05061195;-0.62247783,-0.53433183,-0.02698709;-0.62247783,-0.53404569,-0.0208574;-0.62247783,-0.53430888,0.00389712;-0.62247783,-0.53427623,0.00640133;-0.62247783,-0.53368111,0.02665149;-0.62247783,-0.53484142,0.04548436;-0.62247783,-0.53384434,0.07171437;-0.62247783,-0.53341258,0.07765155
-0.62247783,0.04115524,-0.40626009;-0.62247783,0.05423536,-0.40576159;-0.62247783,0.05973818,-0.40369189;-0.62247783,0.06761241,-0.40086088;-0.62247783,0.07493409,-0.39940969;-0.62247783,0.0889931,-0.39269779;-0.62247783,0.08993129,-0.39230289;-0.62247783,0.09118421,-0.3927351;-0.62247783,0.10217233,-0.39631505;-0.62247783,0.10587534,-0.39620469;-0.62247783,0.10773142,-0.39559913;-0.62247783,0.1235647,-0.38907517;-0.62247783,0.14118283,-0.38674915;-0.62247783,0.14865629,-0.38490802;-0.62247783,0.1621542,-0.3832376;-0.62247783,0.16350653,-0.38296694;-0.62247783,0.16618497,-0.38185588;-0.62247783,0.1785666,-0.37772186;-0.62247783,0.18433484,-0.37691199;-0.62247783,0.1933796,-0.37410209;-0.62247783,0.19745668,-0.37293975;-0.62247783,0.20980245,-0.36970898;-0.62247783,0.21562928,-0.36810871;-0.62247783,0.2235701,-0.3659349;-0.62247783,0.2375509,-0.36173077;-0.62247783,0.23999507,-0.36093338;-0.62247783,0.25421646,-0.35631631;-0.62247783,0.25867854,-0.3550095;-0.62247783,0.26878649,-0.35260389;-0.62247783,0.28401435,-0.3487098;-0.62247783,0.28498782,-0.34836557;-0.62247783,0.29897177,-0.34195216;-0.62247783,0.30408703,-0.3398201;-0.62247783,0.31367518,-0.33573276;-0.62247783,0.32637675,-0.32952026;-0.62247783,0.32878854,-0.32799728;-0.62247783,0.33992405,-0.32052246;-0.62247783,0.34259446,-0.31870665;-0.62247783,0.34349095,-0.3180193;-0.62247783,0.35525235,-0.30818239;-0.62247783,0.35920069,-0.30406614;-0.62247783,0.36637762,-0.29149097;-0.62247783,0.36708481,-0.28995597;-0.62247783,0.36698581,-0.28804131;-0.62247783,0.36536119,-0.27503105;-0.62247783,0.36169143,-0.26557922;-0.62247783,0.3561212,-0.25752517;-0.62247783,0.35317403,-0.25334028;-0.62247783,0.34872804,-0.24423669;-0.62247783,0.34347815,-0.23778405;-0.62247783,0.3360772,-0.23458782;-0.62247783,0.32374172,-0.23036848;-0.62247783,0.32209261,-0.22949656;-0.62247783,0.31278159,-0.22253906;-0.62247783,0.3068108,-0.21835454;-0.62247783,0.30116556,-0.21359447;-0.62247783,0.29455038,-0.20776665;-0.62247783,0.291092,-0.20173105;-0.62247783,0.28635698,-0.19718066;-0.62247783,0.28237854,-0.19553726;-0.62247783,0.27246897,-0.19387426;-0.62247783,0.25884888,-0.1895509;-0.62247783,0.25524428,-0.18904596;-0.62247783,0.24020491,-0.18894824;-0.62247783,0.23513885,-0.18874087;-0.62247783,0.22046639,-0.18992845;-0.62247783,0.21618853,-0.18944611;-0.62247783,0.21205346,-0.18769695;-0.62247783,0.20384331,-0.18333523;-0.62247783,0.19370462,-0.1790688;-0.62247783,0.1899922,-0.17779701;-0.62247783,0.18335073,-0.17700619;-0.62247783,0.1750792,-0.17818222;-0.62247783,0.16657391,-0.18221681;-0.62247783,0.16164473,-0.18969802;-0.62247783,0.16634903,-0.19654085;-0.62247783,0.16770748,-0.20155494;-0.62247783,0.16545878,-0.20422487;-0.62247783,0.16269296,-0.20473937;-0.62247783,0.15784073,-0.20319167;-0.62247783,0.14827675,-0.19775505;-0.62247783,0.1392443,-0.19780506;-0.62247783,0.13270804,-0.1992157;-0.62247783,0.13139109,-0.19990254;-0.62247783,0.11922846,-0.20710572;-0.62247783,0.11127189,-0.20875948;-0.62247783,0.10125305,-0.21066634;-0.62247783,0.09943157,-0.21124969;-0.62247783,0.08022055,-0.21947877;-0.62247783,0.07883531,-0.21991784;-0.62247783,0.07759603,-0.21946315;-0.62247783,0.05774973,-0.21198161;-0.62247783,0.04664161,-0.20656902;-0.62247783,0.03878604,-0.2036105;-0.62247783,0.02490939,-0.19886915;-0.62247783,0.01882359,-0.19760856;-0.62247783,-0.0022494,-0.19559616;-0.62247783,-0.01668434,-0.19612404;-0.62247783,-0.02387209,-0.19702809;-0.62247783,-0.03642203,-0.20078794;-0.62247783,-0.04543818,-0.20377328;-0.62247783,-0.05516875,-0.20820664;-0.62247783,-0.07096339,-0.21352574;-0.62247783,-0.07354998,-0.21448589;-0.62247783,-0.07639981,-0.21404165;-0.62247783,-0.07858822,-0.2126165;-0.62247783,-0.09234691,-0.20597144;-0.62247783,-0.10204645,-0.20387221;-0.62247783,-0.11041056,-0.20650586;-0.62247783,-0.12053447,-0.20730773;-0.62247783,-0.13303456,-0.20341194;-0.62247783,-0.13898476,-0.20120854;-0.62247783,-0.1485684,-0.19845763;-0.62247783,-0.1585309,-0.19677649;-0.62247783,-0.16559769,-0.19640332;-0.62247783,-0.17242557,-0.1925498;-0.62247783,-0.18443333,-0.18699208;-0.62247783,-0.19457111,-0.18594135;-0.62247783,-0.20096379,-0.18611165;-0.62247783,-0.20970047,-0.18831447;-0.62247783,-0.21815499,-0.19024461;-0.62247783,-0.23332677,-0.18961595;-0.62247783,-0.23551566,-0.18920577;-0.62247783,-0.2504943,-0.18828466;-0.62247783,-0.26172021,-0.19407952;-0.62247783,-0.26683134,-0.19632374;-0.62247783,-0.27570203,-0.20134069;-0.62247783,-0.27970769,-0.20361229;-0.62247783,-0.28932597,-0.20945369;-0.62247783,-0.29142673,-0.21070712;-0.62247783,-0.29413565,-0.21170879;-0.62247783,-0.30296647,-0.21528379;-0.62247783,-0.31245708,-0.22062993;-0.62247783,-0.3142997,-0.22184861;-0.62247783,-0.31606535,-0.2229536;-0.62247783,-0.32772852,-0.22998813;-0.62247783,-0.33350985,-0.23383553;-0.62247783,-0.34347384,-0.24066993;-0.62247783,-0.35175289,-0.2475599;-0.62247783,-0.35560583,-0.24973162;-0.62247783,-0.36768993,-0.25374854;-0.62247783,-0.36989893,-0.25480743;-0.62247783,-0.37178508,-0.25777303;-0.62247783,-0.37777229,-0.27382319;-0.62247783,-0.37842963,-0.27756097;-0.62247783,-0.37738951,-0.2898216;-0.62247783,-0.37100086,-0.29966894;-0.62247783,-0.36722955,-0.30463849;-0.62247783,-0.35850684,-0.31110551;-0.62247783,-0.34727979,-0.31740199;-0.62247783,-0.34434225,-0.31878577;-0.62247783,-0.34011738,-0.3210049;-0.62247783,-0.33025274,-0.32664145;-0.62247783,-0.32760318,-0.32796897;-0.62247783,-0.3152584,-0.33329345;-0.62247783,-0.30641824,-0.33743293;-0.62247783,-0.30063072,-0.33957081;-0.62247783,-0.2915428,-0.34185329;-0.62247783,-0.28591593,-0.34283998;-0.62247783,-0.28194046,-0.34413428;-0.62247783,-0.27184823,-0.34678854;-0.62247783,-0.26047494,-0.34850556;-0.62247783,-0.25777047,-0.34900631;-0.62247783,-0.25617065,-0.34956889;-0.62247783,-0.24376134,-0.35351895;-0.62247783,-0.23568194,-0.35510513;-0.62247783,-0.2305828,-0.3565565;-0.62247783,-0.22088721,-0.36122845;-0.62247783,-0.21462126,-0.36352057;-0.62247783,-0.20511999,-0.36555098;-0.62247783,-0.1995255,-0.36669037;-0.62247783,-0.19201925,-0.37090226;-0.62247783,-0.18665027,-0.37366887;-0.62247783,-0.18484248,-0.37431178;-0.62247783,-0.18225857,-0.37455546;-0.62247783,-0.16656385,-0.37562331;-0.62247783,-0.1531471,-0.37993569;-0.62247783,-0.14163676,-0.38252924;-0.62247783,-0.13176723,-0.38692572;-0.62247783,-0.12389159,-0.38969652;-0.62247783,-0.11543595,-0.39208576;-0.62247783,-0.10577453,-0.39544409;-0.62247783,-0.09610486,-0.39782437;-0.62247783,-0.09055414,-0.3997386;-0.62247783,-0.07864622,-0.40741815;-0.62247783,-0.07558102,-0.40907276;-0.62247783,-0.07252477,-0.40965071;-0.62247783,-0.05853813,-0.40898266;-0.62247783,-0.0557645,-0.40873504;-0.62247783,-0.05465078,-0.40897064;-0.62247783,-0.05197862,-0.40946069;-0.62247783,-0.03987701,-0.41325411;-0.62247783,-0.037386,-0.41388127;-0.62247783,-0.02381616,-0.41446889;-0.62247783,-0.02136584,-0.41448408;-0.62247783,-0.00806557,-0.41346417;-0.62247783,0.00524877,-0.40815331;-0.62247783,0.00796988,-0.40725391;-0.62247783,0.0107964,-0.4079459;-0.62247783,0.02077572,-0.41146064;-0.62247783,0.02603739,-0.41118247;-0.62247783,0.03268353,-0.40999985
-0.62247783,-0.40238932,0.33476596;-0.62247783,-0.40525085,0.33482437;-0.62247783,-0.40970144,0.3344325;-0.62247783,-0.42319161,0.33272262;-0.62247783,-0.43499201,0.33351752;-0.62247783,-0.44428815,0.34603621;-0.62247783,-0.45401732,0.35893104;-0.62247783,-0.47376024,0.3847067;-0.62247783,-0.47426542,0.3856009;-0.62247783,-0.47464709,0.39316291;-0.62247783,-0.47338606,0.42473995;-0.62247783,-0.47292482,0.42716184;-0.62247783,-0.46342726,0.45565469;-0.62247783,-0.46291845,0.45657795;-0.62247783,-0.4430498,0.48200601;-0.62247783,-0.43451843,0.49006283;-0.62247783,-0.39881509,0.51543494;-0.62247783,-0.39006579,0.52107627;-0.62247783,-0.38287942,0.52383171;-0.62247783,-0.35495772,0.52915128;-0.62247783,-0.35092742,0.52968154;-0.62247783,-0.319855,0.53306436;-0.62247783,-0.31146048,0.53383223;-0.62247783,-0.28194058,0.53720344;-0.62247783,-0.27118582,0.53797055;-0.62247783,-0.24506375,0.53970436;-0.62247783,-0.18879227,0.54144665;-0.62247783,-0.16554526,0.54240604;-0.62247783,-0.14920975,0.54281122;-0.62247783,-0.12395777,0.54353448;-0.62247783,-0.10745735,0.54396633;-0.62247783,-0.08399452,0.54502752;-0.62247783,-0.06824456,0.5454376;-0.62247783,-0.04382614,0.54611508;-0.62247783,-0.02914939,0.54623255;-0.62247783,-0.00614211,0.54608911;-0.62247783,0.00936235,0.54610336;-0.62247783,0.03143968,0.54630225;-0.62247783,0.0464374,0.54613841;-0.62247783,0.06829215,0.54526668;-0.62247783,0.08484697,0.54470057;-0.62247783,0.10617717,0.54345554;-0.62247783,0.12438424,0.54274946;-0.62247783,0.14568201,0.54157809;-0.62247783,0.16382085,0.54093109;-0.62247783,0.18786377,0.53976903;-0.62247783,0.24504039,0.53795318;-0.62247783,0.27055302,0.53643622;-0.62247783,0.28297673,0.53575197;-0.62247783,0.3111341,0.53336346;-0.62247783,0.32121057,0.53259918;-0.62247783,0.35161133,0.52939568;-0.62247783,0.35701127,0.52878329;-0.62247783,0.39087635,0.5236178;-0.62247783,0.39267056,0.52300667;-0.62247783,0.41867178,0.50702485;-0.62247783,0.4469303,0.48811002;-0.62247783,0.44781459,0.48744931;-0.62247783,0.44877929,0.48550551;-0.62247783,0.46035898,0.45938157;-0.62247783,0.46333273,0.44066949;-0.62247783,0.46528512,0.42106922;-0.62247783,0.46845716,0.39981271;-0.62247783,0.4678107,0.3767086;-0.62247783,0.46757206,0.37495126;-0.62247783,0.46651618,0.37413215;-0.62247783,0.44707854,0.36132973;-0.62247783,0.42849022,0.34616777;-0.62247783,0.4254701,0.34478649;-0.62247783,0.40356864,0.34238272;-0.62247783,0.39102491,0.34026778;-0.62247783,0.38441491,0.33992209;-0.62247783,0.373998,0.3419429;-0.62247783,0.36980203,0.34301223;-0.62247783,0.36721071,0.34343209;-0.62247783,0.33752294,0.34918204;-0.62247783,0.33536971,0.34960051;-0.62247783,0.32020238,0.35288132;-0.62247783,0.3085404,0.35559125;-0.62247783,0.30468833,0.35632406;-0.62247783,0.27928824,0.36086762;-0.62247783,0.27311391,0.36191132;-0.62247783,0.26408385,0.36373315;-0.62247783,0.25852692,0.36505855;-0.62247783,0.25632225,0.36555939;-0.62247783,0.24346359,0.36829541;-0.62247783,0.23219253,0.37124585;-0.62247783,0.22805254,0.37212567;-0.62247783,0.21899972,0.37336042;-0.62247783,0.21449393,0.37386891;-0.62247783,0.2122571,0.37424074;-0.62247783,0.20024804,0.37611499;-0.62247783,0.19099288,0.37729949;-0.62247783,0.18496664,0.37805502;-0.62247783,0.17555895,0.37988776;-0.62247783,0.17036022,0.380894;-0.62247783,0.15704474,0.3821758;-0.62247783,0.15461662,0.38247482;-0.62247783,0.15115505,0.38325686;-0.62247783,0.13889202,0.38589777;-0.62247783,0.13107013,0.3868073;-0.62247783,0.12307478,0.38779256;-0.62247783,0.10682568,0.39074282;-0.62247783,0.10345087,0.39108952;-0.62247783,0.09118977,0.39199089;-0.62247783,0.07716853,0.39395477;-0.62247783,0.07575414,0.39410258;-0.62247783,0.07115706,0.39419674;-0.62247783,0.06032699,0.39430858;-0.62247783,0.05605598,0.39465997;-0.62247783,0.04541495,0.39559103;-0.62247783,0.04275156,0.39565259;-0.62247783,0.02810842,0.39552081;-0.62247783,0.01561577,0.39577568;-0.62247783,0.01121443,0.39579696;-0.62247783,-0.0006742,0.39551188;-0.62247783,-0.003081,0.39551176;-0.62247783,-0.01600568,0.39570435;-0.62247783,-0.03388479,0.39501676;-0.62247783,-0.04729022,0.39465874;-0.62247783,-0.05941807,0.39405053;-0.62247783,-0.06438002,0.3936493;-0.62247783,-0.08189611,0.39257994;-0.62247783,-0.0963618,0.39055666;-0.62247783,-0.1094827,0.38955255;-0.62247783,-0.11308665,0.38917012;-0.62247783,-0.12856572,0.3863182;-0.62247783,-0.13608057,0.38524607;-0.62247783,-0.14660062,0.38378519;-0.62247783,-0.15895687,0.38088803;-0.62247783,-0.16138457,0.38028261;-0.62247783,-0.16334795,0.38003874;-0.62247783,-0.1800959,0.37824399;-0.62247783,-0.19263288,0.37609023;-0.62247783,-0.20127497,0.3748425;-0.62247783,-0.20880697,0.37367279;-0.62247783,-0.2383909,0.36857439;-0.62247783,-0.2481547,0.36644385;-0.62247783,-0.25529906,0.36477552;-0.62247783,-0.26603437,0.36294862;-0.62247783,-0.27056741,0.36225349;-0.62247783,-0.27418713,0.36143495;-0.62247783,-0.2863145,0.35818511;-0.62247783,-0.30183037,0.35511736;-0.62247783,-0.30294491,0.35482622;-0.62247783,-0.31851225,0.35009495;-0.62247783,-0.3290421,0.3475248;-0.62247783,-0.33421631,0.34618723;-0.62247783,-0.34121385,0.34405322;-0.62247783,-0.3506424,0.34145873;-0.62247783,-0.36119179,0.33889292;-0.62247783,-0.36747803,0.33714266;-0.62247783,-0.37565421,0.33497822;-0.62247783,-0.38364384,0.33405142
-0.62247783,0.03375256,-0.04112443;-0.62247783,0.03264288,-0.04094933;-0.62247783,0.03204475,-0.04137535;-0.62247783,0.03266292,-0.04170336;-0.62247783,0.0331408,-0.04163115
-0.62247783,0.06663933,-0.14951056;-0.62247783,0.07567199,-0.14324562;-0.62247783,0.07612361,-0.14283355;-0.62247783,0.07566721,-0.143019;-0.62247783,0.07467219,-0.14353419;-0.62247783,0.0663772,-0.14914173
-0.62247783,0.02745513,-0.07949615;-0.62247783,0.01874505,-0.0784104;-0.62247783,0.0093387,-0.07739404;-0.62247783,0.00093142,-0.07600233;-0.62247783,-0.00584016,-0.07571924;-0.62247783,-0.02044537,-0.07690772;-0.62247783,-0.0235784,-0.07742208;-0.62247783,-0.04120456,-0.08227104;-0.62247783,-0.04745876,-0.08502951;-0.62247783,-0.05776149,-0.09393003;-0.62247783,-0.06055155,-0.09600205;-0.62247783,-0.06999014,-0.1035763;-0.62247783,-0.07330661,-0.10828304;-0.62247783,-0.07248468,-0.11244327;-0.62247783,-0.07044208,-0.11490241;-0.62247783,-0.06246712,-0.12392373;-0.62247783,-0.05941469,-0.13735117;-0.62247783,-0.05917437,-0.13989168;-0.62247783,-0.05725459,-0.14296038;-0.62247783,-0.05391477,-0.14352037;-0.62247783,-0.04181672,-0.14535641;-0.62247783,-0.03012086,-0.14622098;-0.62247783,-0.02087141,-0.145855;-0.62247783,-0.01891353,-0.1455379;-0.62247783,-0.01705807,-0.14590989;-0.62247783,-0.00765419,-0.14656982;-0.62247783,-0.00020955,-0.1459366;-0.62247783,0.00344906,-0.14556764;-0.62247783,0.01237305,-0.14483984;-0.62247783,0.01573642,-0.14427208;-0.62247783,0.01869277,-0.14558969;-0.62247783,0.02650764,-0.14755633;-0.62247783,0.03245984,-0.14754703;-0.62247783,0.04038821,-0.14586806;-0.62247783,0.04250741,-0.1452427;-0.62247783,0.04881753,-0.14099095;-0.62247783,0.05282676,-0.13712041;-0.62247783,0.05570247,-0.13386123;-0.62247783,0.0622337,-0.12513659;-0.62247783,0.06677951,-0.11984402;-0.62247783,0.07185696,-0.11047873;-0.62247783,0.06846905,-0.10185263;-0.62247783,0.05985382,-0.09788237;-0.62247783,0.0542876,-0.09611683;-0.62247783,0.05003438,-0.09214795;-0.62247783,0.0427596,-0.08490849;-0.62247783,0.03266176,-0.08131149
-0.62247783,-0.02692175,-0.04299368;-0.62247783,-0.02571549,-0.03960955;-0.62247783,-0.02890372,-0.03841635;-0.62247783,-0.03086254,-0.03917436;-0.62247783,-0.03186611,-0.04238336;-0.62247783,-0.02923614,-0.04356852
0.0461458,-0.62247783,0.48308906;0.04439314,-0.62247783,0.48244865;0.02969676,-0.62247783,0.47803341;0.02246362,-0.62247783,0.47662117;0.01215507,-0.62247783,0.47571664;0.00302096,-0.62247783,0.47584157;-0.00664896,-0.62247783,0.47676747;-0.01430255,-0.62247783,0.47815644;-0.02862739,-0.62247783,0.48206087;-0.03015582,-0.62247783,0.48253453;-0.03206995,-0.62247783,0.48339598;-0.04473884,-0.62247783,0.48924496;-0.05966373,-0.62247783,0.49734218;-0.06208175,-0.62247783,0.49886983;-0.07299927,-0.62247783,0.50641089;-0.07698068,-0.62247783,0.50976869;-0.10278772,-0.62247783,0.53145313;-0.10985758,-0.62247783,0.53736019;-0.13456443,-0.62247783,0.55980443;-0.13710112,-0.62247783,0.56198289;-0.16378882,-0.62247783,0.5841913;-0.17579172,-0.62247783,0.59399314;-0.21583945,-0.62247783,0.62504047;-0.21834295,-0.62247783,0.6268071;-0.24748916,-0.62247783,0.64456015;-0.27761578,-0.62247783,0.66040155;-0.30889694,-0.62247783,0.67355443;-0.3263243,-0.62247783,0.67920184;-0.34217815,-0.62247783,0.68235532;-0.36905709,-0.62247783,0.68535721;-0.37867566,-0.62247783,0.68529631;-0.40488497,-0.62247783,0.68245557;-0.41992402,-0.62247783,0.67873025;-0.43591871,-0.62247783,0.67271259;-0.4515045,-0.62247783,0.66313883;-0.46123804,-0.62247783,0.65415762;-0.48016046,-0.62247783,0.62670506;-0.49526898,-0.62247783,0.59282951;-0.49736597,-0.62247783,0.5822689;-0.49746016,-0.62247783,0.56011112;-0.50053399,-0.62247783,0.54002287;-0.50143065,-0.62247783,0.53370402;-0.50187583,-0.62247783,0.53119055;-0.50551144,-0.62247783,0.50583361;-0.51708019,-0.62247783,0.48131196;-0.52207987,-0.62247783,0.47428431;-0.53028886,-0.62247783,0.45362039;-0.53252013,-0.62247783,0.4478626;-0.53875513,-0.62247783,0.4274956;-0.54330907,-0.62247783,0.40071587;-0.54313703,-0.62247783,0.39089935;-0.54081147,-0.62247783,0.36502731;-0.53779908,-0.62247783,0.32851021;-0.53556744,-0.62247783,0.30673712;-0.53480016,-0.62247783,0.29189693;-0.53434981,-0.62247783,0.25244447;-0.5360976,-0.62247783,0.22289083;-0.53718361,-0.62247783,0.2161825;-0.542451,-0.62247783,0.19537169;-0.54735783,-0.62247783,0.17274467;-0.54882542,-0.62247783,0.16423337;-0.54884331,-0.62247783,0.15834218;-0.54752779,-0.62247783,0.12769632;-0.54844515,-0.62247783,0.1120364;-0.55045368,-0.62247783,0.09227714;-0.55092831,-0.62247783,0.0785758;-0.55101152,-0.62247783,0.04415044;-0.55105068,-0.62247783,0.03306533;-0.55025542,-0.62247783,0.01044133;-0.5500788,-0.62247783,-0.01474209;-0.55020764,-0.62247783,-0.02237221;-0.54978333,-0.62247783,-0.04423525;-0.54902612,-0.62247783,-0.06024574;-0.54809655,-0.62247783,-0.08123422;-0.54736648,-0.62247783,-0.09442281;-0.54473264,-0.62247783,-0.11554856;-0.54199228,-0.62247783,-0.13530498;-0.53876628,-0.62247783,-0.14949885;-0.53320153,-0.62247783,-0.16680605;-0.52775448,-0.62247783,-0.18166826;-0.52436206,-0.62247783,-0.19353447;-0.52001813,-0.62247783,-0.21063164;-0.51421397,-0.62247783,-0.23803122;-0.51293071,-0.62247783,-0.24083678;-0.5027725,-0.62247783,-0.25416819;-0.49088476,-0.62247783,-0.27007945;-0.48723773,-0.62247783,-0.27899874;-0.48075192,-0.62247783,-0.29632919;-0.47324488,-0.62247783,-0.31357445;-0.47080943,-0.62247783,-0.32483422;-0.47261082,-0.62247783,-0.33256131;-0.47943443,-0.62247783,-0.35673121;-0.48148034,-0.62247783,-0.3640502;-0.48622711,-0.62247783,-0.38716991;-0.4885024,-0.62247783,-0.41728001;-0.48750673,-0.62247783,-0.42561111;-0.47819967,-0.62247783,-0.46117134;-0.47426716,-0.62247783,-0.47205619;-0.46456715,-0.62247783,-0.49198423;-0.45352926,-0.62247783,-0.51020633;-0.44751627,-0.62247783,-0.51854283;-0.43699954,-0.62247783,-0.52837391;-0.42001118,-0.62247783,-0.54130747;-0.41253637,-0.62247783,-0.5453785;-0.38363987,-0.62247783,-0.55923672;-0.3768338,-0.62247783,-0.5619381;-0.35851835,-0.62247783,-0.56800261;-0.34148933,-0.62247783,-0.57222782;-0.32894743,-0.62247783,-0.57468447;-0.30851871,-0.62247783,-0.57833169;-0.30177485,-0.62247783,-0.57916048;-0.28412891,-0.62247783,-0.58026789;-0.27208983,-0.62247783,-0.5805501;-0.26685363,-0.62247783,-0.58032952;-0.21223705,-0.62247783,-0.57596346;-0.20774428,-0.62247783,-0.57541755;-0.17796591,-0.62247783,-0.57001168;-0.15955577,-0.62247783,-0.56668854;-0.14931945,-0.62247783,-0.56462993;-0.13400164,-0.62247783,-0.56154321;-0.11972,-0.62247783,-0.55840372;-0.10951051,-0.62247783,-0.55631118;-0.09055519,-0.62247783,-0.55259584;-0.06546608,-0.62247783,-0.54855493;-0.06304468,-0.62247783,-0.5482026;-0.03111603,-0.62247783,-0.5441487;-0.02829584,-0.62247783,-0.54386969;-0.00365113,-0.62247783,-0.54195333;0.0043056,-0.62247783,-0.54190404;0.03265399,-0.62247783,-0.54375622;0.06413109,-0.62247783,-0.54701968;0.09211188,-0.62247783,-0.55092262;0.11098383,-0.62247783,-0.55472528;0.12130607,-0.62247783,-0.55686273;0.13609415,-0.62247783,-0.5599961;0.15217221,-0.62247783,-0.56311665;0.16158368,-0.62247783,-0.565141;0.18060115,-0.62247783,-0.56903473;0.20630513,-0.62247783,-0.57388339;0.21194854,-0.62247783,-0.57476857;0.21643599,-0.62247783,-0.57507279;0.24367388,-0.62247783,-0.57604997;0.27519597,-0.62247783,-0.57791049;0.27965219,-0.62247783,-0.57789264;0.31274333,-0.62247783,-0.57550139;0.33226461,-0.62247783,-0.57376272;0.34556424,-0.62247783,-0.57142058;0.38061455,-0.62247783,-0.56320762;0.38384148,-0.62247783,-0.56212916;0.41314074,-0.62247783,-0.5485691;0.42146455,-0.62247783,-0.54359667;0.44755291,-0.62247783,-0.52286258;0.45281527,-0.62247783,-0.51814625;0.4607022,-0.62247783,-0.50860191;0.47174398,-0.62247783,-0.48899248;0.47907395,-0.62247783,-0.47153136;0.48237211,-0.62247783,-0.46214514;0.49019399,-0.62247783,-0.42988524;0.49083916,-0.62247783,-0.42376286;0.48931898,-0.62247783,-0.38644104;0.4849563,-0.62247783,-0.37196257;0.47955364,-0.62247783,-0.35991263;0.47757456,-0.62247783,-0.35281366;0.47151457,-0.62247783,-0.33142487;0.46991434,-0.62247783,-0.32430015;0.47377579,-0.62247783,-0.31418091;0.48489817,-0.62247783,-0.3080698;0.49494798,-0.62247783,-0.30052754;0.49705851,-0.62247783,-0.29492507;0.49692513,-0.62247783,-0.28855765;0.49427214,-0.62247783,-0.26866591;0.49854838,-0.62247783,-0.24812934;0.50151844,-0.62247783,-0.24110541;0.51422903,-0.62247783,-0.21835497;0.51663628,-0.62247783,-0.21251722;0.51838532,-0.62247783,-0.20721622;0.52443083,-0.62247783,-0.17791488;0.52602425,-0.62247783,-0.17023012;0.53216912,-0.62247783,-0.14753037;0.53619201,-0.62247783,-0.12725463;0.53937976,-0.62247783,-0.11485952;0.54572813,-0.62247783,-0.09396851;0.54788438,-0.62247783,-0.07556546;0.54927361,-0.62247783,-0.05759248;0.54868111,-0.62247783,-0.04583318;0.54679141,-0.62247783,-0.03169011;0.54628412,-0.62247783,-0.00952146;0.54699605,-0.62247783,-0.00218;0.55044161,-0.62247783,0.01759206;0.55251675,-0.62247783,0.03870784;0.55273222,-0.62247783,0.05209135;0.55155166,-0.62247783,0.06827603;0.55145163,-0.62247783,0.08516626;0.55184936,-0.62247783,0.11311788;0.55158252,-0.62247783,0.12301362;0.54900243,-0.62247783,0.15812793;0.54877089,-0.62247783,0.16095468;0.54893648,-0.62247783,0.16344658;0.55190565,-0.62247783,0.19979681;0.55183232,-0.62247783,0.20105712;0.54491492,-0.62247783,0.23516772;0.54396238,-0.62247783,0.23869042;0.54379717,-0.62247783,0.24296695;0.54075087,-0.62247783,0.27251342;0.53775639,-0.62247783,0.28927307;0.53714088,-0.62247783,0.30420434;0.53964301,-0.62247783,0.32626237;0.54114614,-0.62247783,0.34857404;0.54299953,-0.62247783,0.36635569;0.54572541,-0.62247783,0.39261197;0.54569266,-0.62247783,0.40233238;0.54233319,-0.62247783,0.42277158;0.53761548,-0.62247783,0.43999653;0.53104443,-0.62247783,0.45669864;0.52048821,-0.62247783,0.48069806;0.51621209,-0.62247783,0.48865426;0.50544998,-0.62247783,0.52703372;0.49959975,-0.62247783,0.56009818;0.49920183,-0.62247783,0.58043083;0.49262702,-0.62247783,0.62411954;0.49131625,-0.62247783,0.62826836;0.47423095,-0.62247783,0.65749484;0.47223819,-0.62247783,0.65985801;0.45313092,-0.62247783,0.67555598;0.43902984,-0.62247783,0.68265527;0.4126098,-0.62247783,0.69053012;0.41000349,-0.62247783,0.69090007;0.37375911,-0.62247783,0.69106155;0.3395004,-0.62247783,0.68729322;0.33096541,-0.62247783,0.6853934;0.30686746,-0.62247783,0.67677022;0.27753971,-0.62247783,0.66344883;0.27647178,-0.62247783,0.66284192;0.24832846,-0.62247783,0.64345588;0.22087702,-0.62247783,0.62253898;0.20800529,-0.62247783,0.61186002;0.18811144,-0.62247783,0.59395308;0.16873345,-0.62247783,0.57519949;0.15322029,-0.62247783,0.56096078;0.14167548,-0.62247783,0.55150725;0.11113472,-0.62247783,0.52894952;0.09030876,-0.62247783,0.51319975;0.08698165,-0.62247783,0.51023405;0.0765624,-0.62247783,0.49946343;0.0739016,-0.62247783,0.49751274;0.06143562,-0.62247783,0.48998055
0.0573565,-0.62247783,-0.00578614;0.0674152,-0.62247783,-0.00815275;0.0736908,-0.62247783,-0.01114742;0.08284472,-0.62247783,-0.01089702;0.08842459,-0.62247783,-0.00464409;0.09247651,-0.62247783,-0.00079604;0.09836684,-0.62247783,0.00831419;0.10285709,-0.62247783,0.01363404;0.1075979,-0.62247783,0.01675573;0.11624418,-0.62247783,0.02418245;0.12300157,-0.62247783,0.02814113;0.13567302,-0.62247783,0.03292797;0.14874838,-0.62247783,0.03745756;0.15252504,-0.62247783,0.03934272;0.16154884,-0.62247783,0.04421567;0.1737638,-0.62247783,0.04720676;0.17831151,-0.62247783,0.04856947;0.18898152,-0.62247783,0.05195829;0.19315167,-0.62247783,0.05336249;0.19562111,-0.62247783,0.05378256;0.2029027,-0.62247783,0.0541888;0.22497732,-0.62247783,0.05504889;0.22907781,-0.62247783,0.05492303;0.24286832,-0.62247783,0.05172848;0.24521733,-0.62247783,0.05129406;0.25989553,-0.62247783,0.04933208;0.26789293,-0.62247783,0.04748836;0.27627856,-0.62247783,0.04437125;0.28262221,-0.62247783,0.04129065;0.28817009,-0.62247783,0.03649853;0.29413702,-0.62247783,0.03065554;0.30165747,-0.62247783,0.02478039;0.30414384,-0.62247783,0.02248437;0.30788712,-0.62247783,0.01684075;0.31026206,-0.62247783,0.01072905;0.3113892,-0.62247783,-0.00184355;0.31047064,-0.62247783,-0.00583396;0.3072185,-0.62247783,-0.01470052;0.30345362,-0.62247783,-0.02510211;0.30302889,-0.62247783,-0.02596912;0.30186256,-0.62247783,-0.02711484;0.29244428,-0.62247783,-0.03519175;0.28924358,-0.62247783,-0.03774903;0.27645481,-0.62247783,-0.04439258;0.27189488,-0.62247783,-0.04600297;0.26129102,-0.62247783,-0.04830364;0.24930694,-0.62247783,-0.0519811;0.2417111,-0.62247783,-0.05327537;0.2239785,-0.62247783,-0.05320702;0.22084176,-0.62247783,-0.05276174;0.20739147,-0.62247783,-0.04952822;0.20049493,-0.62247783,-0.04803288;0.19061012,-0.62247783,-0.04631334;0.17267098,-0.62247783,-0.04192616;0.15708713,-0.62247783,-0.0382841;0.15140893,-0.62247783,-0.03640849;0.14064534,-0.62247783,-0.03372365;0.13012176,-0.62247783,-0.03089525;0.12250117,-0.62247783,-0.02861475;0.10925954,-0.62247783,-0.0266222;0.10515328,-0.62247783,-0.02661064;0.09957957,-0.62247783,-0.02644292;0.08826702,-0.62247783,-0.0252645;0.07785352,-0.62247783,-0.03018397;0.07454757,-0.62247783,-0.03370677;0.06983198,-0.62247783,-0.04082103;0.06350976,-0.62247783,-0.0464869;0.05395802,-0.62247783,-0.05461971;0.05285937,-0.62247783,-0.05585947;0.045505,-0.62247783,-0.06596411;0.03950647,-0.62247783,-0.07179557;0.03431831,-0.62247783,-0.07576754;0.0196463,-0.62247783,-0.08312343;0.00583053,-0.62247783,-0.08805769;0.00314944,-0.62247783,-0.08848049;-0.00018764,-0.62247783,-0.08805507;-0.01319266,-0.62247783,-0.0846281;-0.02226973,-0.62247783,-0.08222171;-0.02672372,-0.62247783,-0.08038166;-0.03417538,-0.62247783,-0.07673517;-0.03909408,-0.62247783,-0.07268834;-0.04727383,-0.62247783,-0.0627212;-0.04925469,-0.62247783,-0.06077168;-0.05267838,-0.62247783,-0.05631373;-0.05780543,-0.62247783,-0.04462791;-0.05925782,-0.62247783,-0.03910389;-0.0576917,-0.62247783,-0.03406859;-0.0515306,-0.62247783,-0.01885522;-0.05007184,-0.62247783,-0.01534445;-0.0426137,-0.62247783,-0.00562942;-0.04091647,-0.62247783,-0.00457058;-0.0243995,-0.62247783,-0.00196365;-0.02287871,-0.62247783,-0.0017216;-0.00634588,-0.62247783,0.00120079;-0.00257114,-0.62247783,0.00199813;0.01072342,-0.62247783,0.00413932;0.01293071,-0.62247783,0.00408793;0.02453497,-0.62247783,0.0005544;0.02637904,-0.62247783,0.0001362;0.03933178,-0.62247783,-0.00135631;0.04752214,-0.62247783,-0.00323874
-0.303982,-0.62247783,0.35386909;-0.30301291,-0.62247783,0.35430368;-0.28931021,-0.62247783,0.3596491;-0.28301767,-0.62247783,0.36202303;-0.27409216,-0.62247783,0.36488061;-0.26100632,-0.62247783,0.36857894;-0.24417663,-0.62247783,0.37286171;-0.22957093,-0.62247783,0.37595785;-0.21430522,-0.62247783,0.37895564;-0.20916077,-0.62247783,0.37969033;-0.19561541,-0.62247783,0.38110391;-0.18638533,-0.62247783,0.3819495;-0.17526617,-0.62247783,0.38247224;-0.17136577,-0.62247783,0.38262954;-0.15558037,-0.62247783,0.38295088;-0.14539457,-0.62247783,0.38270923;-0.1389023,-0.62247783,0.38221257;-0.12410661,-0.62247783,0.38116079;-0.12220199,-0.62247783,0.38093252;-0.11999629,-0.62247783,0.38043679;-0.10764212,-0.62247783,0.37761923;-0.09977279,-0.62247783,0.37554512;-0.09498085,-0.62247783,0.3741477;-0.08988949,-0.62247783,0.37199647;-0.08328524,-0.62247783,0.36859315;-0.07168629,-0.62247783,0.36155341;-0.07008869,-0.62247783,0.36062733;-0.05734595,-0.62247783,0.3536133;-0.0491218,-0.62247783,0.349347;-0.04480234,-0.62247783,0.34622741;-0.03773144,-0.62247783,0.33977175;-0.02909319,-0.62247783,0.33309097;-0.02469172,-0.62247783,0.33018168;-0.01981108,-0.62247783,0.32830621;-0.00915908,-0.62247783,0.32623498;-0.00224888,-0.62247783,0.32486637;0.00514769,-0.62247783,0.3237048;0.01624781,-0.62247783,0.32334889;0.02186429,-0.62247783,0.32380376;0.03082759,-0.62247783,0.32669122;0.03796884,-0.62247783,0.33089407;0.04281349,-0.62247783,0.3340998;0.04745196,-0.62247783,0.33652823;0.05561962,-0.62247783,0.34085054;0.06732636,-0.62247783,0.34755038;0.08520253,-0.62247783,0.35555381;0.09895091,-0.62247783,0.3610037;0.11000037,-0.62247783,0.36391519;0.11323536,-0.62247783,0.36500271;0.11516173,-0.62247783,0.36573617;0.12681472,-0.62247783,0.36987186;0.14009139,-0.62247783,0.37299938;0.15283285,-0.62247783,0.37559497;0.15920768,-0.62247783,0.37645683;0.17284159,-0.62247783,0.37827925;0.17622743,-0.62247783,0.3785227;0.18062468,-0.62247783,0.37860584;0.19358961,-0.62247783,0.37808526;0.2027301,-0.62247783,0.37687748;0.20830296,-0.62247783,0.37629498;0.21405245,-0.62247783,0.37601804;0.22349413,-0.62247783,0.37544057;0.23101889,-0.62247783,0.37440896;0.23973694,-0.62247783,0.37262229;0.25402701,-0.62247783,0.36969479;0.2553176,-0.62247783,0.36943122;0.27030985,-0.62247783,0.36605214;0.27972177,-0.62247783,0.36350177;0.28582756,-0.62247783,0.36122249;0.30240756,-0.62247783,0.35429263;0.32322793,-0.62247783,0.34445119;0.34214999,-0.62247783,0.33359365;0.34654842,-0.62247783,0.33059853;0.35902556,-0.62247783,0.32080068;0.36000477,-0.62247783,0.31971745;0.36915266,-0.62247783,0.30640435;0.37088031,-0.62247783,0.30301321;0.37488109,-0.62247783,0.2911937;0.37548639,-0.62247783,0.27669002;0.37533786,-0.62247783,0.27533789;0.37170838,-0.62247783,0.26046319;0.36866774,-0.62247783,0.2553587;0.3620522,-0.62247783,0.24867364;0.35822934,-0.62247783,0.24496749;0.3567079,-0.62247783,0.24347072;0.34555325,-0.62247783,0.2323661;0.34281805,-0.62247783,0.23050719;0.3299877,-0.62247783,0.22440025;0.32026606,-0.62247783,0.21895266;0.31235179,-0.62247783,0.21489443;0.30375635,-0.62247783,0.21137331;0.29662542,-0.62247783,0.20919349;0.28615682,-0.62247783,0.2065932;0.2645149,-0.62247783,0.20316959;0.25004552,-0.62247783,0.20214551;0.24330487,-0.62247783,0.20232247;0.23441995,-0.62247783,0.20246413;0.22251851,-0.62247783,0.20313382;0.22074405,-0.62247783,0.20326239;0.21916625,-0.62247783,0.20330253;0.20438361,-0.62247783,0.20356459;0.19289158,-0.62247783,0.20510749;0.19037803,-0.62247783,0.20534322;0.17447989,-0.62247783,0.20645607;0.17236195,-0.62247783,0.20664902;0.16894421,-0.62247783,0.20692594;0.1535853,-0.62247783,0.20872573;0.14308529,-0.62247783,0.21079521;0.13697136,-0.62247783,0.21226721;0.12400458,-0.62247783,0.21390104;0.1208993,-0.62247783,0.21397489;0.11694199,-0.62247783,0.21362888;0.10467508,-0.62247783,0.212536;0.09381364,-0.62247783,0.21084174;0.08038437,-0.62247783,0.20785711;0.07706237,-0.62247783,0.20741359;0.06378131,-0.62247783,0.20706747;0.06092395,-0.62247783,0.20678027;0.05607113,-0.62247783,0.20557349;0.04639643,-0.62247783,0.20253249;0.03497727,-0.62247783,0.1998903;0.02992068,-0.62247783,0.20007343;0.01466307,-0.62247783,0.20527011;0.01136141,-0.62247783,0.20679931;-0.00073319,-0.62247783,0.21488486;-0.00381771,-0.62247783,0.21678837;-0.00990296,-0.62247783,0.21935857;-0.01924277,-0.62247783,0.22181052;-0.03270816,-0.62247783,0.22434437;-0.03664007,-0.62247783,0.2249475;-0.05321482,-0.62247783,0.2247351;-0.05776682,-0.62247783,0.2243792;-0.07053504,-0.62247783,0.22302079;-0.07265237,-0.62247783,0.22276765;-0.08732268,-0.62247783,0.22215455;-0.0987712,-0.62247783,0.22074373;-0.10435475,-0.62247783,0.21976017;-0.12073332,-0.62247783,0.21554315;-0.12185073,-0.62247783,0.21528066;-0.12359787,-0.62247783,0.21503198;-0.13927762,-0.62247783,0.2128269;-0.15684255,-0.62247783,0.20990987;-0.16412139,-0.62247783,0.20878886;-0.17408995,-0.62247783,0.20718145;-0.17769014,-0.62247783,0.20661041;-0.19455929,-0.62247783,0.20470133;-0.2129475,-0.62247783,0.20296691;-0.21595066,-0.62247783,0.2026943;-0.2231706,-0.62247783,0.20245265;-0.23045043,-0.62247783,0.20238493;-0.24608593,-0.62247783,0.20278382;-0.26551892,-0.62247783,0.20436065;-0.267391,-0.62247783,0.20460481;-0.28452262,-0.62247783,0.20802777;-0.29080833,-0.62247783,0.2096441;-0.30113956,-0.62247783,0.2125903;-0.31106895,-0.62247783,0.21614982;-0.31631211,-0.62247783,0.21828967;-0.32577192,-0.62247783,0.2229612;-0.32792058,-0.62247783,0.22441976;-0.35599262,-0.62247783,0.24633528;-0.36674027,-0.62247783,0.25823342;-0.37547683,-0.62247783,0.27427394;-0.37572186,-0.62247783,0.27533995;-0.37447224,-0.62247783,0.28955393;-0.37126696,-0.62247783,0.29950982;-0.36872086,-0.62247783,0.30492843;-0.36020011,-0.62247783,0.31662017;-0.35763335,-0.62247783,0.31953711;-0.34746307,-0.62247783,0.32821791;-0.34229107,-0.62247783,0.33212763;-0.32409427,-0.62247783,0.34358965;-0.31888713,-0.62247783,0.3464133
0.05148969,-0.62247783,-0.3797146;0.03711617,-0.62247783,-0.38018828;0.03510942,-0.62247783,-0.38023461;0.02205767,-0.62247783,-0.38062018;0.02060044,-0.62247783,-0.38059497;0.0077535,-0.62247783,-0.38002742;0.00329786,-0.62247783,-0.37997798;-0.00609909,-0.62247783,-0.38016455;-0.00926404,-0.62247783,-0.38024209;-0.02167332,-0.62247783,-0.38005835;-0.02430054,-0.62247783,-0.37996282;-0.03863222,-0.62247783,-0.37923114;-0.05321567,-0.62247783,-0.3780295;-0.05517309,-0.62247783,-0.3778782;-0.10150236,-0.62247783,-0.37405582;-0.11244681,-0.62247783,-0.37312725;-0.11789562,-0.62247783,-0.37255714;-0.13742797,-0.62247783,-0.37050075;-0.13979354,-0.62247783,-0.37024182;-0.15833667,-0.62247783,-0.36796798;-0.17154615,-0.62247783,-0.36634324;-0.1890447,-0.62247783,-0.36387364;-0.2061075,-0.62247783,-0.36131864;-0.22426121,-0.62247783,-0.35803257;-0.22722245,-0.62247783,-0.35748118;-0.23733958,-0.62247783,-0.35532364;-0.25203419,-0.62247783,-0.35159736;-0.25595714,-0.62247783,-0.35068067;-0.26843397,-0.62247783,-0.34789591;-0.27636026,-0.62247783,-0.34575425;-0.28291335,-0.62247783,-0.34347698;-0.2969801,-0.62247783,-0.33867327;-0.29930508,-0.62247783,-0.33779711;-0.31213767,-0.62247783,-0.33213062;-0.32103658,-0.62247783,-0.32758604;-0.33819302,-0.62247783,-0.31637878;-0.34007533,-0.62247783,-0.31471127;-0.35116616,-0.62247783,-0.30135489;-0.35620696,-0.62247783,-0.28827544;-0.35722327,-0.62247783,-0.27488437;-0.35705247,-0.62247783,-0.27304679;-0.35584389,-0.62247783,-0.2712714;-0.34700073,-0.62247783,-0.26003786;-0.33774476,-0.62247783,-0.24832165;-0.32673611,-0.62247783,-0.23745573;-0.32500255,-0.62247783,-0.23581188;-0.32285402,-0.62247783,-0.23417063;-0.31104414,-0.62247783,-0.22620074;-0.29717368,-0.62247783,-0.21795141;-0.28246939,-0.62247783,-0.21056237;-0.28133972,-0.62247783,-0.21008003;-0.26616218,-0.62247783,-0.20482838;-0.2632924,-0.62247783,-0.20387261;-0.2497935,-0.62247783,-0.20002587;-0.24622822,-0.62247783,-0.19909184;-0.23278864,-0.62247783,-0.19610665;-0.23176369,-0.62247783,-0.19592542;-0.21942625,-0.62247783,-0.19427722;-0.2032355,-0.62247783,-0.19326302;-0.19752501,-0.62247783,-0.19326531;-0.18193753,-0.62247783,-0.19375997;-0.17063263,-0.62247783,-0.19468886;-0.15333704,-0.62247783,-0.19708699;-0.14915736,-0.62247783,-0.19764541;-0.13730137,-0.62247783,-0.19913694;-0.12912285,-0.62247783,-0.20045907;-0.12043033,-0.62247783,-0.20195894;-0.10655621,-0.62247783,-0.20462335;-0.10207587,-0.62247783,-0.205482;-0.0856231,-0.62247783,-0.20882531;-0.08228355,-0.62247783,-0.20946801;-0.07298857,-0.62247783,-0.21025008;-0.06428534,-0.62247783,-0.21125287;-0.06119915,-0.62247783,-0.211962;-0.04728782,-0.62247783,-0.21750045;-0.0440827,-0.62247783,-0.2186363;-0.03489238,-0.62247783,-0.22115297;-0.02747018,-0.62247783,-0.22231264;0.00050128,-0.62247783,-0.22474439;0.01567815,-0.62247783,-0.22525568;0.01872549,-0.62247783,-0.22503644;0.03596127,-0.62247783,-0.2223545;0.0394867,-0.62247783,-0.22175548;0.05823056,-0.62247783,-0.21814313;0.07321394,-0.62247783,-0.2150096;0.08738037,-0.62247783,-0.21208502;0.0990531,-0.62247783,-0.20918243;0.10403431,-0.62247783,-0.20781669;0.10681289,-0.62247783,-0.20709308;0.12084982,-0.62247783,-0.20346865;0.13350025,-0.62247783,-0.20040686;0.14324959,-0.62247783,-0.19800759;0.15504083,-0.62247783,-0.19502077;0.16343556,-0.62247783,-0.19326938;0.17133669,-0.62247783,-0.19206338;0.1783371,-0.62247783,-0.19104689;0.18534445,-0.62247783,-0.19022111;0.20012895,-0.62247783,-0.18877408;0.20113525,-0.62247783,-0.18880068;0.21596499,-0.62247783,-0.19096106;0.22027675,-0.62247783,-0.19165278;0.23168644,-0.62247783,-0.19384782;0.23988961,-0.62247783,-0.1952524;0.24884433,-0.62247783,-0.19739341;0.26668118,-0.62247783,-0.20564335;0.29729694,-0.62247783,-0.21932367;0.29880751,-0.62247783,-0.22000628;0.31056185,-0.62247783,-0.22586544;0.32020347,-0.62247783,-0.23171168;0.32460087,-0.62247783,-0.23446246;0.32768554,-0.62247783,-0.23764564;0.33817788,-0.62247783,-0.25145465;0.34550352,-0.62247783,-0.26093933;0.34995829,-0.62247783,-0.26848344;0.3529048,-0.62247783,-0.27613502;0.35426112,-0.62247783,-0.28574544;0.3515443,-0.62247783,-0.29510934;0.34873022,-0.62247783,-0.30084983;0.34127323,-0.62247783,-0.31067669;0.33833566,-0.62247783,-0.31385857;0.32836916,-0.62247783,-0.32111666;0.32158764,-0.62247783,-0.32564875;0.31443321,-0.62247783,-0.32954281;0.30243437,-0.62247783,-0.33548984;0.29703392,-0.62247783,-0.3376187;0.28605109,-0.62247783,-0.34145247;0.27187616,-0.62247783,-0.34612215;0.26070303,-0.62247783,-0.34999782;0.2575407,-0.62247783,-0.35083841;0.25313258,-0.62247783,-0.3516215;0.24268306,-0.62247783,-0.35326727;0.23588974,-0.62247783,-0.35489887;0.22623941,-0.62247783,-0.35703543;0.21112875,-0.62247783,-0.35967861;0.20929044,-0.62247783,-0.36001238;0.19698681,-0.62247783,-0.36263573;0.18619445,-0.62247783,-0.36494187;0.18169064,-0.62247783,-0.36598211;0.17774917,-0.62247783,-0.36671578;0.16773825,-0.62247783,-0.36862393;0.15489541,-0.62247783,-0.37054705;0.15187611,-0.62247783,-0.37088266;0.14993059,-0.62247783,-0.37113527;0.13524522,-0.62247783,-0.37292945;0.1232149,-0.62247783,-0.37412741;0.11613365,-0.62247783,-0.37506038;0.10787147,-0.62247783,-0.3759386;0.09966157,-0.62247783,-0.37641545;0.09418967,-0.62247783,-0.37682083;0.08348622,-0.62247783,-0.3778966;0.07961409,-0.62247783,-0.37822174;0.06577822,-0.62247783,-0.37878435
-0.12295819,-0.62247783,-0.02611126;-0.13683114,-0.62247783,-0.03021603;-0.15108202,-0.62247783,-0.03541531;-0.16481643,-0.62247783,-0.04097158;-0.17334907,-0.62247783,-0.04394802;-0.17986414,-0.62247783,-0.04610498;-0.19247961,-0.62247783,-0.04963916;-0.19625191,-0.62247783,-0.05053167;-0.2116869,-0.62247783,-0.0536476;-0.22530748,-0.62247783,-0.05515883;-0.22814712,-0.62247783,-0.05529024;-0.24145882,-0.62247783,-0.05539024;-0.2506159,-0.62247783,-0.0545763;-0.2601891,-0.62247783,-0.05219371;-0.26958502,-0.62247783,-0.0488496;-0.27668212,-0.62247783,-0.0452825;-0.28257057,-0.62247783,-0.0417864;-0.29370791,-0.62247783,-0.03501319;-0.29601044,-0.62247783,-0.03276726;-0.30167572,-0.62247783,-0.02109887;-0.30535935,-0.62247783,-0.00931613;-0.30740776,-0.62247783,0.00578591;-0.30629107,-0.62247783,0.01435804;-0.30163452,-0.62247783,0.02232454;-0.29961381,-0.62247783,0.02480083;-0.29122764,-0.62247783,0.03279577;-0.28621586,-0.62247783,0.03659152;-0.27680605,-0.62247783,0.04189405;-0.26066053,-0.62247783,0.04943147;-0.25083814,-0.62247783,0.05287535;-0.24206099,-0.62247783,0.05481067;-0.22752654,-0.62247783,0.05687057;-0.22421656,-0.62247783,0.05715414;-0.21753727,-0.62247783,0.05717333;-0.20572495,-0.62247783,0.05687355;-0.18960002,-0.62247783,0.05580431;-0.18171747,-0.62247783,0.05483537;-0.15889823,-0.62247783,0.05090465;-0.15723429,-0.62247783,0.0505001;-0.14942253,-0.62247783,0.04753801;-0.14180645,-0.62247783,0.04463324;-0.13962686,-0.62247783,0.04367754;-0.12266165,-0.62247783,0.03618204;-0.12058749,-0.62247783,0.0354241;-0.10608322,-0.62247783,0.03073073;-0.10061672,-0.62247783,0.02747584;-0.09124087,-0.62247783,0.0201065;-0.08829119,-0.62247783,0.01636837;-0.08040632,-0.62247783,0.01292302;-0.07466048,-0.62247783,0.01150054;-0.06200699,-0.62247783,0.0153585;-0.05456789,-0.62247783,0.01615554;-0.05223535,-0.62247783,0.01156367;-0.05210323,-0.62247783,0.00461635;-0.06052063,-0.62247783,0.00294807;-0.07471197,-0.62247783,0.00236535;-0.07695065,-0.62247783,0.0019213;-0.08985002,-0.62247783,-0.00203181;-0.09574256,-0.62247783,-0.00882105;-0.10132826,-0.62247783,-0.01484155;-0.10768969,-0.62247783,-0.01788728;-0.11731728,-0.62247783,-0.02379748
0.62247783,-0.037644,-0.14238138;0.62247783,-0.04154093,-0.1396774;0.62247783,-0.05003214,-0.13449092;0.62247783,-0.05546402,-0.13032138;0.62247783,-0.06279092,-0.12418406;0.62247783,-0.06805095,-0.12058804;0.62247783,-0.07368953,-0.11433824;0.62247783,-0.07689717,-0.10487445;0.62247783,-0.07388164,-0.08660359;0.62247783,-0.07350117,-0.08527433;0.62247783,-0.07225951,-0.08486926;0.62247783,-0.05858492,-0.07966428;0.62247783,-0.05630395,-0.07844268;0.62247783,-0.04263672,-0.07267169;0.62247783,-0.03460152,-0.06896101;0.62247783,-0.02740116,-0.06344513;0.62247783,-0.01684325,-0.05923569;0.62247783,-0.0139925,-0.05896876;0.62247783,-0.00372587,-0.0605755;0.62247783,0.00341123,-0.0649887;0.62247783,0.01152614,-0.06712033;0.62247783,0.02172172,-0.06743703;0.62247783,0.02842971,-0.06465251;0.62247783,0.03592396,-0.06671411;0.62247783,0.04527931,-0.06850318;0.62247783,0.05138948,-0.06967212;0.62247783,0.05526693,-0.07605497;0.62247783,0.06082979,-0.0871896;0.62247783,0.0622888,-0.08900351;0.62247783,0.07077258,-0.09646655;0.62247783,0.07323808,-0.10854662;0.62247783,0.06701705,-0.1181518;0.62247783,0.06154789,-0.12352128;0.62247783,0.05545112,-0.12995477;0.62247783,0.04948407,-0.13470747;0.62247783,0.03979556,-0.14175581;0.62247783,0.03173071,-0.14537356;0.62247783,0.02679139,-0.14581084;0.62247783,0.02093159,-0.14433711;0.62247783,0.01662866,-0.14258663;0.62247783,0.01179491,-0.14328132;0.62247783,0.00415904,-0.14428743;0.62247783,-0.00707417,-0.14562353;0.62247783,-0.01552637,-0.14510659;0.62247783,-0.01844669,-0.14443162;0.62247783,-0.0216333,-0.14471295;0.62247783,-0.02959883,-0.14431936
0.62247783,0.09012292,-0.55290607;0.62247783,0.11258332,-0.55993879;0.62247783,0.11803535,-0.56152985;0.62247783,0.12392503,-0.56336716;0.62247783,0.14738973,-0.56948813;0.62247783,0.16532498,-0.5740254;0.62247783,0.17709743,-0.57663043;0.62247783,0.1943306,-0.58023356;0.62247783,0.20908502,-0.58291476;0.62247783,0.22359076,-0.58537038;0.62247783,0.24078117,-0.5874643;0.62247783,0.2620307,-0.58874081;0.62247783,0.27027005,-0.58882262;0.62247783,0.27578068,-0.58837734;0.62247783,0.29947056,-0.58507221;0.62247783,0.31265295,-0.58337858;0.62247783,0.32767821,-0.58151072;0.62247783,0.35505837,-0.57501199;0.62247783,0.36057841,-0.57270783;0.62247783,0.38532358,-0.56028146;0.62247783,0.41124806,-0.54923959;0.62247783,0.42498579,-0.54115363;0.62247783,0.44049234,-0.52513194;0.62247783,0.44662665,-0.51769986;0.62247783,0.45331052,-0.50796684;0.62247783,0.46401787,-0.49114351;0.62247783,0.47064081,-0.47537767;0.62247783,0.47525682,-0.45995893;0.62247783,0.48369234,-0.4311034;0.62247783,0.48588794,-0.42344638;0.62247783,0.48602806,-0.41917068;0.62247783,0.48575205,-0.40765065;0.62247783,0.4827384,-0.38759468;0.62247783,0.47711931,-0.37056127;0.62247783,0.47234025,-0.35745421;0.62247783,0.46268002,-0.34150449;0.62247783,0.44600762,-0.32615006;0.62247783,0.44385686,-0.32420168;0.62247783,0.44357503,-0.32223037;0.62247783,0.44478206,-0.3207411;0.62247783,0.46396417,-0.30148169;0.62247783,0.4700415,-0.29319804;0.62247783,0.4789493,-0.27155206;0.62247783,0.48040267,-0.2668017;0.62247783,0.48247918,-0.26365323;0.62247783,0.48510037,-0.25903894;0.62247783,0.49658901,-0.23897195;0.62247783,0.50754301,-0.22573907;0.62247783,0.51322285,-0.20931404;0.62247783,0.52035668,-0.18455721;0.62247783,0.52268412,-0.1789719;0.62247783,0.52470367,-0.17074603;0.62247783,0.52904976,-0.14815135;0.62247783,0.53717496,-0.13084439;0.62247783,0.54009639,-0.11449141;0.62247783,0.54266515,-0.08867014;0.62247783,0.54334001,-0.08153034;0.62247783,0.54326677,-0.05602255;0.62247783,0.54291397,-0.04733233;0.62247783,0.54088092,-0.0340549;0.62247783,0.53912815,-0.02126773;0.62247783,0.53923898,-0.01556199;0.62247783,0.54200847,0.0126635;0.62247783,0.54205221,0.0215271;0.62247783,0.54031032,0.04355569;0.62247783,0.53974368,0.06505917;0.62247783,0.53912626,0.07306155;0.62247783,0.53632376,0.10539219;0.62247783,0.52988494,0.13553836;0.62247783,0.5289559,0.13985118;0.62247783,0.52341313,0.16591004;0.62247783,0.52050812,0.17336401;0.62247783,0.50829544,0.19547184;0.62247783,0.50650708,0.20069029;0.62247783,0.50219882,0.20517065;0.62247783,0.49005613,0.22039257;0.62247783,0.482291,0.22878125;0.62247783,0.47211268,0.239843;0.62247783,0.46216647,0.24515675;0.62247783,0.45327549,0.24653838;0.62247783,0.44004027,0.2473911;0.62247783,0.43620829,0.24749175;0.62247783,0.41834399,0.24524514;0.62247783,0.41601295,0.24486413;0.62247783,0.4001639,0.24185624;0.62247783,0.39850433,0.24153232;0.62247783,0.38172577,0.23738048;0.62247783,0.37721762,0.23542054;0.62247783,0.36849095,0.23078523;0.62247783,0.35673211,0.22706775;0.62247783,0.35083856,0.22482056;0.62247783,0.34547782,0.2219883;0.62247783,0.33512261,0.21661368;0.62247783,0.32617405,0.21397769;0.62247783,0.32070698,0.21184011;0.62247783,0.31500177,0.20826834;0.62247783,0.30746804,0.20391303;0.62247783,0.30145276,0.20240665;0.62247783,0.29110273,0.20089621;0.62247783,0.27882849,0.19980592;0.62247783,0.27488264,0.20040702;0.62247783,0.27057762,0.20012347;0.62247783,0.25686618,0.20215903;0.62247783,0.24590547,0.20593287;0.62247783,0.24171686,0.20718235;0.62247783,0.23748619,0.20783457;0.62247783,0.22774027,0.20817264;0.62247783,0.2178749,0.20702598;0.62247783,0.2099266,0.20736659;0.62247783,0.19758626,0.20833179;0.62247783,0.19333933,0.20914324;0.62247783,0.18933194,0.2122265;0.62247783,0.18218795,0.21803185;0.62247783,0.17066626,0.22384036;0.62247783,0.16928539,0.22423639;0.62247783,0.15271241,0.22691706;0.62247783,0.14746085,0.2288783;0.62247783,0.13584721,0.23266602;0.62247783,0.13139467,0.23366695;0.62247783,0.11346707,0.23733714;0.62247783,0.1083054,0.23831151;0.62247783,0.09440716,0.24075737;0.62247783,0.08682426,0.2422503;0.62247783,0.07595884,0.2434843;0.62247783,0.06105067,0.24402552;0.62247783,0.0590968,0.24417754;0.62247783,0.04181535,0.24628814;0.62247783,0.03905558,0.24642254;0.62247783,0.00075994,0.24675396;0.62247783,-0.00083845,0.24676043;0.62247783,-0.01762746,0.24637205;0.62247783,-0.02014218,0.24619266;0.62247783,-0.03850302,0.24466506;0.62247783,-0.05613782,0.24326906;0.62247783,-0.07469813,0.24108781;0.62247783,-0.08077238,0.24044731;0.62247783,-0.09250465,0.23878816;0.62247783,-0.10240409,0.23660215;0.62247783,-0.11026473,0.23483651;0.62247783,-0.12902178,0.23231343;0.62247783,-0.13108821,0.23176409;0.62247783,-0.14589712,0.22622202;0.62247783,-0.15002768,0.22470631;0.62247783,-0.16258363,0.22157322;0.62247783,-0.17138289,0.21898442;0.62247783,-0.1805057,0.21687305;0.62247783,-0.18747291,0.21504183;0.62247783,-0.1963764,0.21188087;0.62247783,-0.21140697,0.20957074;0.62247783,-0.2223943,0.20447018;0.62247783,-0.23655218,0.200811;0.62247783,-0.24603188,0.20003871;0.62247783,-0.2517369,0.20077477;0.62247783,-0.26551409,0.20470417;0.62247783,-0.27189564,0.20669302;0.62247783,-0.27976274,0.20715227;0.62247783,-0.28584794,0.2076585;0.62247783,-0.29379295,0.20840857;0.62247783,-0.30781729,0.21082875;0.62247783,-0.33289345,0.21702493;0.62247783,-0.33620782,0.21786526;0.62247783,-0.33967126,0.21982143;0.62247783,-0.34756615,0.22632457;0.62247783,-0.35111213,0.22899253;0.62247783,-0.35297112,0.2292697;0.62247783,-0.3643947,0.22860603;0.62247783,-0.36891162,0.22824712;0.62247783,-0.36993594,0.22827416;0.62247783,-0.37380676,0.22911559;0.62247783,-0.38510906,0.23219128;0.62247783,-0.39007715,0.23333222;0.62247783,-0.40275749,0.23590041;0.62247783,-0.41244919,0.23718127;0.62247783,-0.42162053,0.23720206;0.62247783,-0.43129118,0.2359594;0.62247783,-0.44399291,0.23382937;0.62247783,-0.45068909,0.23303271;0.62247783,-0.45600486,0.22845586;0.62247783,-0.46488337,0.22154466;0.62247783,-0.47717584,0.21170356;0.62247783,-0.47995807,0.20926654;0.62247783,-0.48320364,0.20602341;0.62247783,-0.49604104,0.19316201;0.62247783,-0.500352,0.18821812;0.62247783,-0.51446713,0.17360027;0.62247783,-0.51831048,0.16886483;0.62247783,-0.5189174,0.1671818;0.62247783,-0.51978656,0.15676695;0.62247783,-0.5203975,0.13887379;0.62247783,-0.52100061,0.13498721;0.62247783,-0.52200953,0.13173218;0.62247783,-0.53226815,0.10366775;0.62247783,-0.53319709,0.09964061;0.62247783,-0.53616628,0.07362816;0.62247783,-0.53640863,0.07027327;0.62247783,-0.53738191,0.04749911;0.62247783,-0.53717359,0.04403856;0.62247783,-0.53456708,0.0268049;0.62247783,-0.53450318,0.00439995;0.62247783,-0.53444942,0.00311528;0.62247783,-0.53279361,-0.01905136;0.62247783,-0.53311554,-0.02721837;0.62247783,-0.53614034,-0.04987787;0.62247783,-0.53603509,-0.05473269;0.62247783,-0.53113133,-0.12435984;0.62247783,-0.52549621,-0.1453786;0.62247783,-0.52544025,-0.17073605;0.62247783,-0.52468918,-0.17929326;0.62247783,-0.52234801,-0.18587811;0.62247783,-0.51539929,-0.20807684;0.62247783,-0.51120696,-0.22286672;0.62247783,-0.50194877,-0.23640895;0.62247783,-0.49583527,-0.2443988;0.62247783,-0.48459352,-0.26748435;0.62247783,-0.48198262,-0.27925009;0.62247783,-0.47655139,-0.29257565;0.62247783,-0.46910899,-0.30442083;0.62247783,-0.4649949,-0.32135536;0.62247783,-0.47137102,-0.33496902;0.62247783,-0.48377522,-0.35752874;0.62247783,-0.48407095,-0.35847595;0.62247783,-0.48747193,-0.38614038;0.62247783,-0.48934384,-0.40778532;0.62247783,-0.48947722,-0.41934923;0.62247783,-0.48892497,-0.42348353;0.62247783,-0.48466829,-0.43792214;0.62247783,-0.47853039,-0.45567388;0.62247783,-0.47727291,-0.4615955;0.62247783,-0.47518567,-0.46791496;0.62247783,-0.46598667,-0.48839563;0.62247783,-0.44974486,-0.51521547;0.62247783,-0.448336,-0.51739613;0.62247783,-0.4467816,-0.51873915;0.62247783,-0.41834949,-0.54237449;0.62247783,-0.40852397,-0.54865748;0.62247783,-0.38269659,-0.56071996;0.62247783,-0.37329307,-0.5647124;0.62247783,-0.34889159,-0.57264091;0.62247783,-0.33116786,-0.57753138;0.62247783,-0.28089381,-0.58376304;0.62247783,-0.27923442,-0.58389493;0.62247783,-0.24321874,-0.58478329;0.62247783,-0.22744435,-0.58376802;0.62247783,-0.21171578,-0.58145476;0.62247783,-0.19423449,-0.57848642;0.62247783,-0.1699519,-0.57371814;0.62247783,-0.12030513,-0.56331982;0.62247783,-0.11896485,-0.56302259;0.62247783,-0.11778736,-0.56269724;0.62247783,-0.06581454,-0.54797465;0.62247783,-0.06373847,-0.54750199;0.62247783,-0.03183999,-0.54310164;0.62247783,-0.00474463,-0.54013536;0.62247783,0.00448849,-0.54005282;0.62247783,0.03186606,-0.5420872;0.62247783,0.06264808,-0.54434966;0.62247783,0.064499,-0.54455209;0.62247783,0.06735014,-0.54538583
0.62247783,0.08323678,-0.22306523;0.62247783,0.08789702,-0.22135458;0.62247783,0.10051526,-0.21812601;0.62247783,0.10880066,-0.21895918;0.62247783,0.11730454,-0.22357429;0.62247783,0.11815822,-0.22396045;0.62247783,0.12039463,-0.22406875;0.62247783,0.13299366,-0.22235354;0.62247783,0.13721826,-0.22118707;0.62247783,0.14001333,-0.21956299;0.62247783,0.15189784,-0.21368968;0.62247783,0.15918328,-0.21252116;0.62247783,0.1699199,-0.20874151;0.62247783,0.1813225,-0.19995222;0.62247783,0.18394737,-0.19635716;0.62247783,0.19051588,-0.19207017;0.62247783,0.19796203,-0.19323393;0.62247783,0.20495826,-0.19392097;0.62247783,0.21302189,-0.19573158;0.62247783,0.22588712,-0.19743507;0.62247783,0.23048524,-0.1974451;0.62247783,0.24731859,-0.19848205;0.62247783,0.24828542,-0.19839877;0.62247783,0.26265999,-0.19574602;0.62247783,0.27233033,-0.19685075;0.62247783,0.28433908,-0.19776481;0.62247783,0.28572839,-0.1981159;0.62247783,0.28711738,-0.19968282;0.62247783,0.29232161,-0.20847843;0.62247783,0.30076475,-0.21625204;0.62247783,0.30341368,-0.21829212;0.62247783,0.31221271,-0.22325968;0.62247783,0.32364989,-0.22959354;0.62247783,0.33624036,-0.23338578;0.62247783,0.3454201,-0.23663103;0.62247783,0.35240734,-0.24391853;0.62247783,0.3557123,-0.24878393;0.62247783,0.36367267,-0.25815662;0.62247783,0.36586397,-0.26114901;0.62247783,0.37285698,-0.27531194;0.62247783,0.37380587,-0.27854708;0.62247783,0.37563017,-0.29166733;0.62247783,0.37150791,-0.30469929;0.62247783,0.37056139,-0.30588308;0.62247783,0.3586136,-0.31434683;0.62247783,0.35243051,-0.31913716;0.62247783,0.34436417,-0.32332423;0.62247783,0.33276234,-0.32797423;0.62247783,0.32898342,-0.32956274;0.62247783,0.32755302,-0.3303278;0.62247783,0.31439389,-0.33694609;0.62247783,0.30619555,-0.34011733;0.62247783,0.29916943,-0.34267415;0.62247783,0.28684584,-0.34848195;0.62247783,0.28442233,-0.34934338;0.62247783,0.26878206,-0.35311802;0.62247783,0.26119683,-0.35535538;0.62247783,0.25482336,-0.3574041;0.62247783,0.24052938,-0.36114303;0.62247783,0.23710217,-0.36222799;0.62247783,0.22356306,-0.36707202;0.62247783,0.21791995,-0.36896025;0.62247783,0.20936828,-0.37163512;0.62247783,0.20008035,-0.37456665;0.62247783,0.1941586,-0.37688982;0.62247783,0.18349136,-0.3815706;0.62247783,0.18124575,-0.38235842;0.62247783,0.16817073,-0.38613696;0.62247783,0.16496778,-0.38697193;0.62247783,0.1509126,-0.38972575;0.62247783,0.13880604,-0.39318253;0.62247783,0.13521503,-0.39391453;0.62247783,0.12220724,-0.39658654;0.62247783,0.11458259,-0.39953475;0.62247783,0.10707491,-0.40273133;0.62247783,0.09445952,-0.40815789;0.62247783,0.09289469,-0.40863511;0.62247783,0.0782103,-0.41160765;0.62247783,0.07265198,-0.41309009;0.62247783,0.06014875,-0.41623602;0.62247783,0.05365732,-0.41771883;0.62247783,0.0418692,-0.42013994;0.62247783,0.03650025,-0.42070047;0.62247783,0.02427669,-0.42060432;0.62247783,0.02142784,-0.42059739;0.62247783,0.01045829,-0.42034962;0.62247783,0.00719211,-0.41902004;0.62247783,0.00356864,-0.41999596;0.62247783,-0.0066721,-0.41920329;0.62247783,-0.00815,-0.41912744;0.62247783,-0.02218014,-0.41811816;0.62247783,-0.03804439,-0.41712062;0.62247783,-0.03951524,-0.41675229;0.62247783,-0.05467544,-0.41071625;0.62247783,-0.05569745,-0.41052342;0.62247783,-0.0720913,-0.40972146;0.62247783,-0.07536211,-0.40905792;0.62247783,-0.07910352,-0.40725764;0.62247783,-0.09056583,-0.40084766;0.62247783,-0.09716257,-0.39842806;0.62247783,-0.10588185,-0.39618485;0.62247783,-0.11630486,-0.39335356;0.62247783,-0.1231464,-0.39180461;0.62247783,-0.13393373,-0.38905645;0.62247783,-0.14079617,-0.38644828;0.62247783,-0.15073151,-0.38442901;0.62247783,-0.1550035,-0.3838631;0.62247783,-0.15741274,-0.38302081;0.62247783,-0.16826461,-0.37934404;0.62247783,-0.17778221,-0.37849669;0.62247783,-0.18450583,-0.37770862;0.62247783,-0.18970352,-0.37645756;0.62247783,-0.20062631,-0.3727553;0.62247783,-0.20490435,-0.37146734;0.62247783,-0.21445361,-0.36893741;0.62247783,-0.22536507,-0.36590392;0.62247783,-0.22927249,-0.36457951;0.62247783,-0.23854452,-0.36223343;0.62247783,-0.25793747,-0.35779791;0.62247783,-0.26954711,-0.35526008;0.62247783,-0.2724465,-0.35451361;0.62247783,-0.27795275,-0.35277721;0.62247783,-0.28689806,-0.34969007;0.62247783,-0.29063574,-0.34836127;0.62247783,-0.30172729,-0.34406021;0.62247783,-0.31264101,-0.33947815;0.62247783,-0.31652159,-0.33763487;0.62247783,-0.32680271,-0.33297761;0.62247783,-0.33122062,-0.33103684;0.62247783,-0.33391664,-0.32961101;0.62247783,-0.3454414,-0.32228709;0.62247783,-0.35221263,-0.317665;0.62247783,-0.35858276,-0.31158658;0.62247783,-0.3659081,-0.30364222;0.62247783,-0.3695695,-0.29599964;0.62247783,-0.37174837,-0.28878494;0.62247783,-0.3713056,-0.28153613;0.62247783,-0.3700049,-0.27271916;0.62247783,-0.36493399,-0.25964581;0.62247783,-0.36105735,-0.2551077;0.62247783,-0.35393639,-0.24982487;0.62247783,-0.35079723,-0.24720081;0.62247783,-0.34374086,-0.24102177;0.62247783,-0.3336567,-0.23480441;0.62247783,-0.32653716,-0.23042969;0.62247783,-0.31581769,-0.22342876;0.62247783,-0.31364483,-0.22189722;0.62247783,-0.31200156,-0.22073004;0.62247783,-0.30291568,-0.21518446;0.62247783,-0.29355865,-0.21120519;0.62247783,-0.29116412,-0.21022783;0.62247783,-0.28947141,-0.20912749;0.62247783,-0.27950581,-0.20223355;0.62247783,-0.27666889,-0.20042705;0.62247783,-0.26640934,-0.19408926;0.62247783,-0.2630037,-0.1922351;0.62247783,-0.25084417,-0.18440876;0.62247783,-0.24864041,-0.18401339;0.62247783,-0.23598786,-0.18538166;0.62247783,-0.23060405,-0.18744889;0.62247783,-0.21747677,-0.18928718;0.62247783,-0.20971589,-0.18807878;0.62247783,-0.20128704,-0.18669801;0.62247783,-0.19289707,-0.18713995;0.62247783,-0.18470581,-0.18851067;0.62247783,-0.17717331,-0.19310923;0.62247783,-0.16529665,-0.20100352;0.62247783,-0.1512832,-0.20219533;0.62247783,-0.14892227,-0.20260851;0.62247783,-0.14675025,-0.20390339;0.62247783,-0.13476226,-0.21311172;0.62247783,-0.13114174,-0.21573596;0.62247783,-0.11880153,-0.22159011;0.62247783,-0.11266668,-0.22306363;0.62247783,-0.1077889,-0.22380166;0.62247783,-0.09619645,-0.22658457;0.62247783,-0.09144114,-0.22621107;0.62247783,-0.08599225,-0.22714407;0.62247783,-0.07080229,-0.22251978;0.62247783,-0.06242699,-0.21724124;0.62247783,-0.05433494,-0.21269315;0.62247783,-0.04289751,-0.2066089;0.62247783,-0.02278391,-0.19937304;0.62247783,-0.00206235,-0.19549515;0.62247783,0.00422785,-0.19539401;0.62247783,0.01872651,-0.19733592;0.62247783,0.0247419,-0.19909706;0.62247783,0.04504275,-0.20757144;0.62247783,0.05683504,-0.21377042;0.62247783,0.06979463,-0.21969784;0.62247783,0.07556487,-0.22259907
0.62247783,-0.13162765,0.09475303;0.62247783,-0.12418639,0.09828569;0.62247783,-0.11543126,0.10171948;0.62247783,-0.09814518,0.10693788;0.62247783,-0.08863982,0.108509;0.62247783,-0.08252723,0.10931736;0.62247783,-0.07930976,0.11094316;0.62247783,-0.06450259,0.1194371;0.62247783,-0.06302263,0.12018998;0.62247783,-0.04774859,0.12677307;0.62247783,-0.04401832,0.12827972;0.62247783,-0.03079877,0.13126431;0.62247783,-0.01563276,0.13274068;0.62247783,-0.01261664,0.13306194;0.62247783,-0.01107816,0.13315623;0.62247783,0.00826617,0.13429586;0.62247783,0.01034738,0.13430139;0.62247783,0.0263064,0.13516383;0.62247783,0.05856545,0.1303137;0.62247783,0.05985763,0.13010445;0.62247783,0.06088345,0.12968836;0.62247783,0.07554956,0.12377764;0.62247783,0.09160417,0.11746289;0.62247783,0.09691342,0.11481774;0.62247783,0.10762748,0.10834489;0.62247783,0.11816791,0.09994807;0.62247783,0.12005466,0.09755731;0.62247783,0.12970794,0.08434932;0.62247783,0.13163387,0.08217898;0.62247783,0.13692184,0.07994439;0.62247783,0.14962998,0.07848749;0.62247783,0.1553078,0.07780081;0.62247783,0.1671745,0.07518271;0.62247783,0.17632532,0.07513842;0.62247783,0.19020634,0.07567219;0.62247783,0.19345431,0.07545029;0.62247783,0.20583751,0.07398649;0.62247783,0.20945142,0.07355614;0.62247783,0.22286708,0.07229401;0.62247783,0.23064343,0.0709344;0.62247783,0.23936981,0.07060804;0.62247783,0.25515426,0.06796848;0.62247783,0.26974144,0.06418376;0.62247783,0.27471761,0.06281313;0.62247783,0.28286631,0.06025873;0.62247783,0.28757209,0.05767408;0.62247783,0.29659743,0.05194083;0.62247783,0.3004488,0.04889281;0.62247783,0.30109676,0.04343835;0.62247783,0.29762826,0.02957174;0.62247783,0.29752988,0.02856016;0.62247783,0.29912608,0.02598051;0.62247783,0.3067804,0.01698925;0.62247783,0.31637498,0.00977448;0.62247783,0.31887022,0.00793395;0.62247783,0.31926541,0.00471853;0.62247783,0.31651096,0.00151054;0.62247783,0.31043007,-0.00568005;0.62247783,0.29797185,-0.01606327;0.62247783,0.29659177,-0.01711764;0.62247783,0.29618998,-0.01836313;0.62247783,0.29592445,-0.01997371;0.62247783,0.29381565,-0.03176391;0.62247783,0.29075693,-0.04113059;0.62247783,0.28006238,-0.04520358;0.62247783,0.27633657,-0.04669938;0.62247783,0.259631,-0.05148535;0.62247783,0.24384644,-0.05353942;0.62247783,0.23046827,-0.05152747;0.62247783,0.22518432,-0.05129019;0.62247783,0.21654859,-0.05209091;0.62247783,0.20769832,-0.05380307;0.62247783,0.20038564,-0.0539086;0.62247783,0.19117446,-0.05464057;0.62247783,0.17923843,-0.05913126;0.62247783,0.17563517,-0.06216001;0.62247783,0.16844343,-0.06327363;0.62247783,0.16344477,-0.06164336;0.62247783,0.15806904,-0.05444911;0.62247783,0.15766034,-0.05354539;0.62247783,0.15557395,-0.04362861;0.62247783,0.15507105,-0.03831182;0.62247783,0.1543238,-0.03602028;0.62247783,0.15055221,-0.02034867;0.62247783,0.14901271,-0.01655637;0.62247783,0.14255623,-0.00650419;0.62247783,0.14053129,-0.00360503;0.62247783,0.13995659,-0.0023204;0.62247783,0.13326069,0.01206252;0.62247783,0.13252978,0.01382417;0.62247783,0.13056275,0.02117841;0.62247783,0.12821729,0.03000591;0.62247783,0.12614306,0.0330643;0.62247783,0.1226643,0.03444712;0.62247783,0.11015888,0.03838838;0.62247783,0.09737304,0.03994788;0.62247783,0.09301179,0.03988619;0.62247783,0.07813556,0.03739307;0.62247783,0.07246711,0.03570379;0.62247783,0.06193202,0.0317287;0.62247783,0.05073315,0.03040287;0.62247783,0.03719114,0.03045541;0.62247783,0.03423091,0.03052152;0.62247783,0.03024171,0.03108045;0.62247783,0.01849496,0.03240684;0.62247783,0.01001049,0.03249303;0.62247783,0.00250754,0.03178552;0.62247783,-0.01111615,0.02943029;0.62247783,-0.01429936,0.02869673;0.62247783,-0.01775018,0.02902692;0.62247783,-0.02972064,0.02962205;0.62247783,-0.04464677,0.03185529;0.62247783,-0.0460168,0.03205001;0.62247783,-0.06187471,0.03290228;0.62247783,-0.07425298,0.03296941;0.62247783,-0.0775729,0.03330057;0.62247783,-0.09320592,0.03636338;0.62247783,-0.09448847,0.03638013;0.62247783,-0.09640334,0.03452023;0.62247783,-0.10770432,0.02338727;0.62247783,-0.10927163,0.02205805;0.62247783,-0.11597253,0.01701514;0.62247783,-0.12336088,0.01172353;0.62247783,-0.12577983,0.00900332;0.62247783,-0.13594513,-0.00395358;0.62247783,-0.13679945,-0.00519879;0.62247783,-0.14527313,-0.01907838;0.62247783,-0.14697313,-0.0215648;0.62247783,-0.15071737,-0.0238464;0.62247783,-0.15966286,-0.02925364;0.62247783,-0.16714449,-0.03403327;0.62247783,-0.17198509,-0.03717144;0.62247783,-0.17734235,-0.04004113;0.62247783,-0.18516898,-0.0440039;0.62247783,-0.19955102,-0.04992399;0.62247783,-0.20078483,-0.05026711;0.62247783,-0.2056049,-0.05008091;0.62247783,-0.21716588,-0.04944874;0.62247783,-0.21893538,-0.04950904;0.62247783,-0.23675897,-0.0493597;0.62247783,-0.24156858,-0.04964506;0.62247783,-0.25342088,-0.05140264;0.62247783,-0.26100615,-0.05304749;0.62247783,-0.26641386,-0.05346373;0.62247783,-0.27132649,-0.05109253;0.62247783,-0.28042648,-0.04657075;0.62247783,-0.28726018,-0.04246252;0.62247783,-0.29685512,-0.03718538;0.62247783,-0.30490921,-0.03358528;0.62247783,-0.31564023,-0.02505932;0.62247783,-0.31688998,-0.02179106;0.62247783,-0.31517455,-0.01717458;0.62247783,-0.31167065,-0.01061843;0.62247783,-0.30578195,-0.00033414;0.62247783,-0.30601885,0.00034517;0.62247783,-0.31534905,0.00592316;0.62247783,-0.31844234,0.00950929;0.62247783,-0.3198751,0.01373136;0.62247783,-0.3201207,0.02182885;0.62247783,-0.31761673,0.02689437;0.62247783,-0.31422868,0.0295865;0.62247783,-0.30485713,0.03536277;0.62247783,-0.30110822,0.03725747;0.62247783,-0.29247325,0.04156687;0.62247783,-0.2866261,0.04852828;0.62247783,-0.28230814,0.05460522;0.62247783,-0.2739239,0.05735689;0.62247783,-0.26701127,0.05997622;0.62247783,-0.25825573,0.06350124;0.62247783,-0.24742394,0.06684196;0.62247783,-0.23640544,0.07533496;0.62247783,-0.23486265,0.07608594;0.62247783,-0.21908936,0.08039809;0.62247783,-0.21538474,0.08105119;0.62247783,-0.20717541,0.07972135;0.62247783,-0.20149545,0.07892772;0.62247783,-0.19979273,0.07896164;0.62247783,-0.19634559,0.08079669;0.62247783,-0.18989345,0.08710802;0.62247783,-0.17803424,0.08702677;0.62247783,-0.16784938,0.08831291;0.62247783,-0.16366764,0.08887745;0.62247783,-0.15794813,0.08951493;0.62247783,-0.14698129,0.09092575
0.62247783,0.24376963,0.36868431;0.62247783,0.2553055,0.36654532;0.62247783,0.25811085,0.36596212;0.62247783,0.264532,0.36434548;0.62247783,0.27307521,0.36258946;0.62247783,0.280131,0.36151911;0.62247783,0.30004178,0.35837712;0.62247783,0.30513972,0.35750825;0.62247783,0.30992428,0.3565931;0.62247783,0.33423527,0.3511897;0.62247783,0.33662621,0.35068622;0.62247783,0.33979186,0.35009443;0.62247783,0.35313171,0.34733261;0.62247783,0.36567311,0.34493875;0.62247783,0.37026333,0.34426739;0.62247783,0.37613575,0.34288546;0.62247783,0.38504103,0.34109988;0.62247783,0.3925531,0.34156731;0.62247783,0.40612139,0.34278722;0.62247783,0.42871219,0.34104088;0.62247783,0.43024223,0.34099434;0.62247783,0.43109323,0.34227367;0.62247783,0.44615231,0.36466305;0.62247783,0.45676595,0.37590169;0.62247783,0.4606605,0.38291134;0.62247783,0.46329688,0.40150059;0.62247783,0.46177211,0.41469904;0.62247783,0.45972731,0.43120583;0.62247783,0.45611002,0.45765228;0.62247783,0.44944202,0.47349308;0.62247783,0.44402783,0.48309873;0.62247783,0.43966046,0.48747893;0.62247783,0.41716718,0.50464705;0.62247783,0.39632039,0.51986887;0.62247783,0.39060161,0.52369754;0.62247783,0.38571271,0.52545269;0.62247783,0.35743771,0.52995155;0.62247783,0.35269767,0.53050809;0.62247783,0.32323556,0.53376175;0.62247783,0.31379803,0.53452759;0.62247783,0.28280069,0.53735234;0.62247783,0.27211661,0.53798296;0.62247783,0.2459151,0.53947843;0.62247783,0.23203198,0.53989804;0.62247783,0.20628932,0.54052304;0.62247783,0.18878322,0.54090397;0.62247783,0.16512869,0.54179431;0.62247783,0.14664657,0.54244397;0.62247783,0.12506635,0.54384769;0.62247783,0.10684084,0.54449894;0.62247783,0.08556568,0.54533398;0.62247783,0.06809563,0.54570319;0.62247783,0.04792249,0.54614956;0.62247783,-0.04460835,0.54647349;0.62247783,-0.06779399,0.5462915;0.62247783,-0.08447851,0.54599805;0.62247783,-0.10651538,0.54505481;0.62247783,-0.16557024,0.54362272;0.62247783,-0.18857551,0.54266375;0.62247783,-0.24565413,0.5409449;0.62247783,-0.26954882,0.53969082;0.62247783,-0.28076999,0.5389851;0.62247783,-0.3096131,0.53588609;0.62247783,-0.31771745,0.53513059;0.62247783,-0.35001531,0.53132184;0.62247783,-0.3542629,0.5307381;0.62247783,-0.3829107,0.52513873;0.62247783,-0.38898155,0.52284071;0.62247783,-0.39656421,0.51796952;0.62247783,-0.41641232,0.50368616;0.62247783,-0.4314602,0.49103937;0.62247783,-0.44117479,0.47975785;0.62247783,-0.45767312,0.45704435;0.62247783,-0.45922118,0.45337362;0.62247783,-0.46324194,0.42849671;0.62247783,-0.46212947,0.42036838;0.62247783,-0.45710055,0.39869731;0.62247783,-0.45087402,0.38193332;0.62247783,-0.44154852,0.3689181;0.62247783,-0.43138939,0.36004708;0.62247783,-0.41698339,0.35319349;0.62247783,-0.40529816,0.34986639;0.62247783,-0.38847491,0.34407878;0.62247783,-0.38625821,0.34352748;0.62247783,-0.38284203,0.34399974;0.62247783,-0.37153397,0.3462545;0.62247783,-0.36406968,0.34660732;0.62247783,-0.3523576,0.34776643;0.62247783,-0.33456416,0.35040896;0.62247783,-0.30202119,0.35585578;0.62247783,-0.28683426,0.35820974;0.62247783,-0.27407176,0.36102443;0.62247783,-0.2711639,0.36161025;0.62247783,-0.2669918,0.36240411;0.62247783,-0.25463138,0.36501903;0.62247783,-0.24769467,0.36656359;0.62247783,-0.23833325,0.36850419;0.62247783,-0.22495796,0.37092129;0.62247783,-0.20955803,0.37330898;0.62247783,-0.19272399,0.37632596;0.62247783,-0.1814823,0.37890803;0.62247783,-0.17975137,0.3792576;0.62247783,-0.16187159,0.38175617;0.62247783,-0.16075673,0.38199012;0.62247783,-0.14695546,0.38553838;0.62247783,-0.12869022,0.38894493;0.62247783,-0.12179761,0.39061002;0.62247783,-0.11411191,0.39254156;0.62247783,-0.10635239,0.39359109;0.62247783,-0.09782127,0.39482775;0.62247783,-0.08873393,0.39701212;0.62247783,-0.08278969,0.39824907;0.62247783,-0.07676018,0.39885068;0.62247783,-0.06560711,0.3997892;0.62247783,-0.05406533,0.40163343;0.62247783,-0.05035892,0.40222035;0.62247783,-0.04621813,0.40239552;0.62247783,-0.03458555,0.40287156;0.62247783,-0.02284315,0.40431638;0.62247783,-0.01912949,0.4046916;0.62247783,-0.01490197,0.40461108;0.62247783,-0.00225048,0.40408917;0.62247783,0.00991113,0.40443601;0.62247783,0.01307817,0.40444028;0.62247783,0.02886201,0.40327137;0.62247783,0.04421481,0.40295895;0.62247783,0.04951213,0.40236802;0.62247783,0.06106461,0.40052412;0.62247783,0.07154071,0.39968466;0.62247783,0.07629442,0.39924007;0.62247783,0.09195627,0.39639066;0.62247783,0.10728954,0.39442096;0.62247783,0.11750175,0.39213;0.62247783,0.12415922,0.39037936;0.62247783,0.12967257,0.38952282;0.62247783,0.13937918,0.38815097;0.62247783,0.15367898,0.38429855;0.62247783,0.15504183,0.38393052;0.62247783,0.15611757,0.38380671;0.62247783,0.17092426,0.3823649;0.62247783,0.17343957,0.38187254;0.62247783,0.18579411,0.37894224;0.62247783,0.19170739,0.37807406;0.62247783,0.20011158,0.37720483;0.62247783,0.21344201,0.37515355;0.62247783,0.21531663,0.37479;0.62247783,0.2196363,0.37408997;0.62247783,0.22860006,0.37239538;0.62247783,0.23228729,0.37156912
0.62247783,-0.02576683,-0.03963889;0.62247783,-0.02464819,-0.04682127;0.62247783,-0.02981844,-0.04774883;0.62247783,-0.03381555,-0.04463604;0.62247783,-0.03109705,-0.03869291;0.62247783,-0.02868229,-0.03785863
0.62247783,0.01540375,-0.04488043;0.62247783,0.0161543,-0.04454946;0.62247783,0.0296661,-0.0390793;0.62247783,0.03261579,-0.03870992;0.62247783,0.0362839,-0.0415467;0.62247783,0.03339563,-0.0471828;0.62247783,0.02643791,-0.05017067;0.62247783,0.02107442,-0.04953305;0.62247783,0.01616534,-0.04767402;0.62247783,0.01421896,-0.04640732
0.62247783,0.0817392,0.05390811;0.62247783,0.08700318,0.05455949;0.62247783,0.08731343,0.05966881;0.62247783,0.08591948,0.06182376;0.62247783,0.08306713,0.06125404;0.62247783,0.07986173,0.05852691
0.62247783,-0.08807692,-0.0591662;0.62247783,-0.09029686,-0.05716306;0.62247783,-0.09095728,-0.05433818;0.62247783,-0.08910963,-0.053255;0.62247783,-0.08746003,-0.05407738;0.62247783,-0.08402918,-0.05898142
-0.1579252,0.62247783,-0.37355039;-0.15352147,0.62247783,-0.37414756;-0.14100096,0.62247783,-0.37538972;-0.12661453,0.62247783,-0.3765913;-0.12230972,0.62247783,-0.37704044;-0.11023085,0.62247783,-0.37808361;-0.10583941,0.62247783,-0.3783141;-0.09739082,0.62247783,-0.37884602;-0.08870899,0.62247783,-0.37959071;-0.0820457,0.62247783,-0.38007556;-0.07118618,0.62247783,-0.38061282;-0.05548688,0.62247783,-0.38162181;-0.05381347,0.62247783,-0.38170073;-0.03914409,0.62247783,-0.38212826;-0.03752211,0.62247783,-0.38221984;-0.02444134,0.62247783,-0.3832952;-0.02275253,0.62247783,-0.38324082;-0.00896555,0.62247783,-0.38126806;-0.00619617,0.62247783,-0.38094029;0.00480587,0.62247783,-0.38078803;0.02151804,0.62247783,-0.38077385;0.0231155,0.62247783,-0.38080734;0.03622431,0.62247783,-0.38091322;0.05206697,0.62247783,-0.37979529;0.06572562,0.62247783,-0.37900278;0.07957252,0.62247783,-0.37853001;0.08424642,0.62247783,-0.37825206;0.09390844,0.62247783,-0.37763195;0.10095888,0.62247783,-0.37675035;0.1083623,0.62247783,-0.37578229;0.11605928,0.62247783,-0.37499142;0.12323233,0.62247783,-0.37424572;0.13631597,0.62247783,-0.373004;0.15083943,0.62247783,-0.37146538;0.15189868,0.62247783,-0.37134195;0.15363561,0.62247783,-0.37110097;0.16778026,0.62247783,-0.36882666;0.17802161,0.62247783,-0.36724133;0.1830226,0.62247783,-0.36651125;0.18847487,0.62247783,-0.36503753;0.19716682,0.62247783,-0.36293427;0.21135285,0.62247783,-0.35951058;0.22645106,0.62247783,-0.35712445;0.23652769,0.62247783,-0.35518432;0.24307309,0.62247783,-0.35386721;0.25108961,0.62247783,-0.35295795;0.2576077,0.62247783,-0.35209355;0.26260267,0.62247783,-0.35095414;0.27218931,0.62247783,-0.34794487;0.28635655,0.62247783,-0.34413016;0.29129494,0.62247783,-0.34268803;0.30147158,0.62247783,-0.33955656;0.30784719,0.62247783,-0.33730423;0.316156,0.62247783,-0.33359209;0.32985277,0.62247783,-0.32807549;0.33115352,0.62247783,-0.32749853;0.33446216,0.62247783,-0.32576183;0.34530558,0.62247783,-0.31999067;0.35046437,0.62247783,-0.31683703;0.35844886,0.62247783,-0.31000248;0.36563585,0.62247783,-0.30360176;0.36945654,0.62247783,-0.29722403;0.37154441,0.62247783,-0.28943665;0.37012437,0.62247783,-0.28258498;0.36570504,0.62247783,-0.27191898;0.36231305,0.62247783,-0.26580299;0.35514649,0.62247783,-0.25336317;0.35325723,0.62247783,-0.2511376;0.35173301,0.62247783,-0.25026198;0.34068715,0.62247783,-0.24513387;0.33016862,0.62247783,-0.23647801;0.32524265,0.62247783,-0.2329044;0.31949082,0.62247783,-0.23029079;0.31081743,0.62247783,-0.22640069;0.30029732,0.62247783,-0.22270693;0.29608968,0.62247783,-0.22123999;0.28605065,0.62247783,-0.21756775;0.27539666,0.62247783,-0.21325111;0.26653994,0.62247783,-0.20941335;0.26347323,0.62247783,-0.2081189;0.25936815,0.62247783,-0.20546585;0.24738526,0.62247783,-0.1990643;0.24174534,0.62247783,-0.19758359;0.23104196,0.62247783,-0.19528857;0.22228279,0.62247783,-0.19317314;0.20079453,0.62247783,-0.18868907;0.19957373,0.62247783,-0.18857316;0.1854428,0.62247783,-0.18953508;0.17136341,0.62247783,-0.1905032;0.1603764,0.62247783,-0.19183543;0.14748898,0.62247783,-0.19427966;0.13774842,0.62247783,-0.19622996;0.12958325,0.62247783,-0.19822473;0.12138747,0.62247783,-0.20036416;0.10444473,0.62247783,-0.20556983;0.08730646,0.62247783,-0.21137569;0.07820221,0.62247783,-0.21402012;0.05848037,0.62247783,-0.21950525;0.0405315,0.62247783,-0.2262653;0.03784834,0.62247783,-0.2272508;0.02189984,0.62247783,-0.2319006;0.01618673,0.62247783,-0.23311408;0.00204724,0.62247783,-0.23445586;-0.00326395,0.62247783,-0.23395763;-0.03729025,0.62247783,-0.22723736;-0.04429596,0.62247783,-0.22514432;-0.05023722,0.62247783,-0.22285285;-0.06203609,0.62247783,-0.21946419;-0.06965091,0.62247783,-0.21728051;-0.08140354,0.62247783,-0.21357956;-0.08921599,0.62247783,-0.21072457;-0.10178956,0.62247783,-0.20661763;-0.10695042,0.62247783,-0.20515325;-0.12004946,0.62247783,-0.20275403;-0.13083707,0.62247783,-0.20145591;-0.136456,0.62247783,-0.20056859;-0.14836537,0.62247783,-0.19813197;-0.15286643,0.62247783,-0.1973484;-0.1705905,0.62247783,-0.19543208;-0.1811752,0.62247783,-0.19432162;-0.18733933,0.62247783,-0.1939923;-0.20321673,0.62247783,-0.1940559;-0.20565872,0.62247783,-0.19424595;-0.21995782,0.62247783,-0.1961853;-0.23078191,0.62247783,-0.19734274;-0.23304443,0.62247783,-0.19769376;-0.2454839,0.62247783,-0.19987962;-0.24948036,0.62247783,-0.20094531;-0.26647238,0.62247783,-0.20696215;-0.27912573,0.62247783,-0.21199771;-0.28408123,0.62247783,-0.21441046;-0.29516703,0.62247783,-0.22012767;-0.30359446,0.62247783,-0.22450097;-0.30903556,0.62247783,-0.22757871;-0.3165611,0.62247783,-0.23314051;-0.32194556,0.62247783,-0.2380669;-0.32679722,0.62247783,-0.24305896;-0.33377415,0.62247783,-0.25047293;-0.33800585,0.62247783,-0.2566023;-0.34253915,0.62247783,-0.26419475;-0.3468968,0.62247783,-0.27303815;-0.34801768,0.62247783,-0.28403204;-0.34799165,0.62247783,-0.28727723;-0.34724561,0.62247783,-0.28993142;-0.343144,0.62247783,-0.30074948;-0.3374514,0.62247783,-0.30830587;-0.33161881,0.62247783,-0.31448493;-0.32515472,0.62247783,-0.31999689;-0.31694069,0.62247783,-0.32639595;-0.31174116,0.62247783,-0.32933424;-0.29680909,0.62247783,-0.33672075;-0.28192556,0.62247783,-0.34354866;-0.27675511,0.62247783,-0.34584113;-0.26688635,0.62247783,-0.34924219;-0.25130047,0.62247783,-0.35400836;-0.24657949,0.62247783,-0.35552474;-0.23736659,0.62247783,-0.35852431;-0.23305134,0.62247783,-0.35963963;-0.22261007,0.62247783,-0.36192465;-0.20636566,0.62247783,-0.36559662;-0.19186431,0.62247783,-0.36822095;-0.17364357,0.62247783,-0.37131824
0.50527712,0.62247783,0.59689567;0.50603708,0.62247783,0.59473041;0.50591309,0.62247783,0.59353719;0.50300163,0.62247783,0.5600019;0.50728302,0.62247783,0.52646194;0.51652075,0.62247783,0.49008278;0.51816229,0.62247783,0.48623343;0.53144067,0.62247783,0.45414142;0.53695413,0.62247783,0.44100955;0.54249187,0.62247783,0.42352933;0.54668412,0.62247783,0.40180147;0.54666408,0.62247783,0.39396653;0.54254029,0.62247783,0.35142907;0.54039374,0.62247783,0.32832155;0.53740293,0.62247783,0.30387452;0.53808847,0.62247783,0.29079629;0.54122856,0.62247783,0.27304689;0.54437093,0.62247783,0.24395186;0.54469331,0.62247783,0.2395913;0.54544776,0.62247783,0.23617704;0.55089331,0.62247783,0.20464364;0.55111955,0.62247783,0.20107734;0.54913096,0.62247783,0.16587432;0.54880848,0.62247783,0.16126826;0.54893076,0.62247783,0.1546218;0.54975541,0.62247783,0.12482149;0.55005819,0.62247783,0.11126823;0.54967198,0.62247783,0.0880612;0.54997859,0.62247783,0.06750676;0.5505616,0.62247783,0.05485948;0.54983273,0.62247783,0.03771439;0.54810713,0.62247783,0.02099261;0.54487045,0.62247783,-0.0026193;0.54464545,0.62247783,-0.00602935;0.54495449,0.62247783,-0.03120204;0.54543723,0.62247783,-0.04937511;0.54516508,0.62247783,-0.07505908;0.54336901,0.62247783,-0.08967315;0.5317099,0.62247783,-0.11644427;0.53127841,0.62247783,-0.11790769;0.52663883,0.62247783,-0.1459688;0.51796687,0.62247783,-0.17015798;0.51686221,0.62247783,-0.17320925;0.51643589,0.62247783,-0.17427507;0.51594333,0.62247783,-0.17612325;0.50924722,0.62247783,-0.20608169;0.50569549,0.62247783,-0.21231084;0.50280529,0.62247783,-0.22049891;0.4917831,0.62247783,-0.23912132;0.49086262,0.62247783,-0.24056101;0.47912659,0.62247783,-0.25781981;0.47471424,0.62247783,-0.26179373;0.45907199,0.62247783,-0.27057459;0.44873989,0.62247783,-0.28591166;0.43224067,0.62247783,-0.29477594;0.42990457,0.62247783,-0.2960728;0.42590467,0.62247783,-0.29909787;0.41723344,0.62247783,-0.31025835;0.41591201,0.62247783,-0.313533;0.41947932,0.62247783,-0.31624895;0.42618906,0.62247783,-0.31579331;0.43554357,0.62247783,-0.31183547;0.44765913,0.62247783,-0.31143833;0.45369418,0.62247783,-0.32473082;0.46403959,0.62247783,-0.33943227;0.47258837,0.62247783,-0.35246896;0.47684889,0.62247783,-0.36196792;0.48592722,0.62247783,-0.37696902;0.49040945,0.62247783,-0.38689108;0.49110079,0.62247783,-0.39286764;0.49127518,0.62247783,-0.42476434;0.49095408,0.62247783,-0.42905404;0.48888349,0.62247783,-0.43870092;0.48307105,0.62247783,-0.46021915;0.47959961,0.62247783,-0.47094385;0.47325675,0.62247783,-0.48796472;0.46407191,0.62247783,-0.50615798;0.455531,0.62247783,-0.51722124;0.44997095,0.62247783,-0.52260838;0.42655258,0.62247783,-0.54273646;0.41482832,0.62247783,-0.55010278;0.38760552,0.62247783,-0.56220999;0.38122994,0.62247783,-0.56404772;0.33767678,0.62247783,-0.57246946;0.31387939,0.62247783,-0.57501031;0.27975249,0.62247783,-0.57749442;0.24422277,0.62247783,-0.57650274;0.21959324,0.62247783,-0.57529792;0.2041297,0.62247783,-0.57358207;0.18104436,0.62247783,-0.56973459;0.16265817,0.62247783,-0.56566196;0.15229533,0.62247783,-0.56333457;0.13450659,0.62247783,-0.56030023;0.12152596,0.62247783,-0.55786682;0.11300122,0.62247783,-0.55599596;0.09276711,0.62247783,-0.55115136;0.06593417,0.62247783,-0.54650683;0.06433665,0.62247783,-0.54630534;0.03225182,0.62247783,-0.54337228;0.00471427,0.62247783,-0.54173636;-0.00255212,0.62247783,-0.54177033;-0.02802866,0.62247783,-0.54359374;-0.03170651,0.62247783,-0.54393555;-0.06238959,0.62247783,-0.54769458;-0.06532711,0.62247783,-0.54819952;-0.11848605,0.62247783,-0.5584815;-0.13035017,0.62247783,-0.56119153;-0.14690199,0.62247783,-0.56497495;-0.16104371,0.62247783,-0.56809645;-0.17682096,0.62247783,-0.57088504;-0.20437595,0.62247783,-0.57574629;-0.20905436,0.62247783,-0.57648048;-0.21299737,0.62247783,-0.57697123;-0.24113029,0.62247783,-0.57962719;-0.26499886,0.62247783,-0.58088529;-0.26994897,0.62247783,-0.58096508;-0.2796146,0.62247783,-0.5809769;-0.2999148,0.62247783,-0.58043122;-0.31025086,0.62247783,-0.57953897;-0.32859898,0.62247783,-0.57651128;-0.34808069,0.62247783,-0.57257498;-0.35867898,0.62247783,-0.56935976;-0.38640196,0.62247783,-0.55854454;-0.41284697,0.62247783,-0.54504697;-0.42076447,0.62247783,-0.54063042;-0.44701336,0.62247783,-0.52310922;-0.44942677,0.62247783,-0.52133765;-0.45040343,0.62247783,-0.51995928;-0.46716586,0.62247783,-0.49414463;-0.48328149,0.62247783,-0.46625902;-0.48431451,0.62247783,-0.46420668;-0.48495106,0.62247783,-0.46053302;-0.49066508,0.62247783,-0.41618368;-0.49127735,0.62247783,-0.39370638;-0.49079111,0.62247783,-0.38707813;-0.48645198,0.62247783,-0.3583801;-0.48630259,0.62247783,-0.35730425;-0.48279424,0.62247783,-0.32520708;-0.48269286,0.62247783,-0.31475182;-0.48330747,0.62247783,-0.29743418;-0.48752744,0.62247783,-0.26872268;-0.4880874,0.62247783,-0.26708142;-0.50356948,0.62247783,-0.23806642;-0.5086779,0.62247783,-0.22438653;-0.51211003,0.62247783,-0.21070327;-0.51983239,0.62247783,-0.18838432;-0.52233822,0.62247783,-0.17887299;-0.52496182,0.62247783,-0.1700044;-0.53021924,0.62247783,-0.1476095;-0.53446678,0.62247783,-0.12199008;-0.53528979,0.62247783,-0.11724949;-0.54091479,0.62247783,-0.08740561;-0.54134063,0.62247783,-0.08386493;-0.54402268,0.62247783,-0.05639159;-0.54518894,0.62247783,-0.04565589;-0.54785872,0.62247783,-0.02094548;-0.54795961,0.62247783,-0.01376521;-0.54769055,0.62247783,0.01147918;-0.5488821,0.62247783,0.03021408;-0.54964112,0.62247783,0.0436019;-0.55156471,0.62247783,0.07988861;-0.55147524,0.62247783,0.09226133;-0.54946984,0.62247783,0.11186508;-0.54944222,0.62247783,0.12787322;-0.55334849,0.62247783,0.16530321;-0.55343242,0.62247783,0.16646765;-0.55272703,0.62247783,0.16893146;-0.54356286,0.62247783,0.19632498;-0.53430525,0.62247783,0.21988405;-0.53370759,0.62247783,0.22308956;-0.53363893,0.62247783,0.25312029;-0.53388096,0.62247783,0.26917237;-0.53408808,0.62247783,0.29255234;-0.53469864,0.62247783,0.30633804;-0.53723267,0.62247783,0.32867428;-0.53901033,0.62247783,0.35081357;-0.5398962,0.62247783,0.36597199;-0.54191884,0.62247783,0.40155534;-0.53842043,0.62247783,0.43027896;-0.53372387,0.62247783,0.44741585;-0.53087255,0.62247783,0.45489265;-0.52346113,0.62247783,0.47413511;-0.51747465,0.62247783,0.4821119;-0.50630062,0.62247783,0.50568191;-0.50263333,0.62247783,0.534519;-0.4991107,0.62247783,0.56025035;-0.49982041,0.62247783,0.5794485;-0.49792724,0.62247783,0.5938753;-0.49031779,0.62247783,0.62391131;-0.48814405,0.62247783,0.62877656;-0.46966723,0.62247783,0.65567263;-0.46286754,0.62247783,0.66218849;-0.44154684,0.62247783,0.67578741;-0.41752808,0.62247783,0.68542982;-0.41164046,0.62247783,0.68687878;-0.37617622,0.62247783,0.6907111;-0.37274662,0.62247783,0.6907098;-0.34054176,0.62247783,0.68657243;-0.32954382,0.62247783,0.68424923;-0.30690403,0.62247783,0.67693804;-0.27860683,0.62247783,0.66550346;-0.27568481,0.62247783,0.66403571;-0.24649611,0.62247783,0.64650797;-0.2180309,0.62247783,0.62747933;-0.21660615,0.62247783,0.62638221;-0.17816578,0.62247783,0.59390959;-0.16497357,0.62247783,0.58209443;-0.14047619,0.62247783,0.55993731;-0.13889876,0.62247783,0.558452;-0.11205434,0.62247783,0.53265258;-0.10995893,0.62247783,0.53079667;-0.08973499,0.62247783,0.51388919;-0.08554053,0.62247783,0.5095009;-0.0772147,0.62247783,0.49796406;-0.07634291,0.62247783,0.49708605;-0.06375721,0.62247783,0.48668149;-0.05679876,0.62247783,0.48149434;-0.04990468,0.62247783,0.47666833;-0.03992162,0.62247783,0.47182407;-0.03517268,0.62247783,0.46975199;-0.02779493,0.62247783,0.46684311;-0.02065824,0.62247783,0.46411797;-0.01651823,0.62247783,0.46349103;-0.00324587,0.62247783,0.46246922;0.00266832,0.62247783,0.46201151;0.01349652,0.62247783,0.46222633;0.01929114,0.62247783,0.46337922;0.0303032,0.62247783,0.46680664;0.03568805,0.62247783,0.46853656;0.03856139,0.62247783,0.46963736;0.04998912,0.62247783,0.47422218;0.06257052,0.62247783,0.48078969;0.06499384,0.62247783,0.48221339;0.07058974,0.62247783,0.4867219;0.07885915,0.62247783,0.49409086;0.08086719,0.62247783,0.49635002;0.0840822,0.62247783,0.50206404;0.08963591,0.62247783,0.51068674;0.09133218,0.62247783,0.51247354;0.10406895,0.62247783,0.52202313;0.11197478,0.62247783,0.52718622;0.11495851,0.62247783,0.53008237;0.11681946,0.62247783,0.53159857;0.14297947,0.62247783,0.5521035;0.15292674,0.62247783,0.56105145;0.16804566,0.62247783,0.57659811;0.1843692,0.62247783,0.59371263;0.21452008,0.62247783,0.62280993;0.21869036,0.62247783,0.62647562;0.24595331,0.62247783,0.64772443;0.27391825,0.62247783,0.66709713;0.28275812,0.62247783,0.67216534;0.30375781,0.62247783,0.6816403;0.33272919,0.62247783,0.69218947;0.33462547,0.62247783,0.69268175;0.36714543,0.62247783,0.69812142;0.37461073,0.62247783,0.69884499;0.40178904,0.62247783,0.69904915;0.40690441,0.62247783,0.69875924;0.41809446,0.62247783,0.69666098;0.4323488,0.62247783,0.6920727;0.45027003,0.62247783,0.68211726;0.47298096,0.62247783,0.66054201;0.48831863,0.62247783,0.63801757
-0.04786195,0.62247783,-0.01536865;-0.05028636,0.62247783,-0.01655538;-0.05285142,0.62247783,-0.01889676;-0.06172349,0.62247783,-0.02851314;-0.0714979,0.62247783,-0.04000102;-0.07219456,0.62247783,-0.04288315;-0.06850028,0.62247783,-0.05602621;-0.06755271,0.62247783,-0.05791233;-0.06305334,0.62247783,-0.06379154;-0.05857082,0.62247783,-0.06798655;-0.04891832,0.62247783,-0.07438851;-0.04655526,0.62247783,-0.07622126;-0.0341416,0.62247783,-0.08409977;-0.02180757,0.62247783,-0.0907257;-0.02076146,0.62247783,-0.09127726;-0.01738101,0.62247783,-0.09303908;-0.01061522,0.62247783,-0.09594528;-0.00768588,0.62247783,-0.09623385;0.00212773,0.62247783,-0.09483863;0.00980438,0.62247783,-0.09220559;0.02131824,0.62247783,-0.08533368;0.03632101,0.62247783,-0.07786927;0.03920997,0.62247783,-0.07581611;0.04763359,0.62247783,-0.06710291;0.0534531,0.62247783,-0.06117195;0.05970896,0.62247783,-0.0549163;0.06469176,0.62247783,-0.04814335;0.06977255,0.62247783,-0.04228344;0.07663175,0.62247783,-0.03127393;0.08816107,0.62247783,-0.02646821;0.09761793,0.62247783,-0.02852683;0.10532524,0.62247783,-0.02968491;0.11421741,0.62247783,-0.02996955;0.12241417,0.62247783,-0.03105468;0.12729359,0.62247783,-0.03269597;0.14715895,0.62247783,-0.03888545;0.15729451,0.62247783,-0.042482;0.16752508,0.62247783,-0.04447967;0.17278336,0.62247783,-0.04503465;0.18211753,0.62247783,-0.04671977;0.19042476,0.62247783,-0.04834504;0.19585988,0.62247783,-0.04893198;0.20712635,0.62247783,-0.05036277;0.22341742,0.62247783,-0.0534532;0.22491428,0.62247783,-0.05360539;0.24195052,0.62247783,-0.05331268;0.24968338,0.62247783,-0.05179892;0.26177194,0.62247783,-0.04797646;0.27273833,0.62247783,-0.0459048;0.27698982,0.62247783,-0.04458011;0.29424311,0.62247783,-0.03703877;0.30643346,0.62247783,-0.0292238;0.31531594,0.62247783,-0.02200311;0.31756669,0.62247783,-0.0193557;0.31823197,0.62247783,-0.01734378;0.32203341,0.62247783,0.00219952;0.32219116,0.62247783,0.00933001;0.31998858,0.62247783,0.01564964;0.3149758,0.62247783,0.0238193;0.31171599,0.62247783,0.02695457;0.29988126,0.62247783,0.03350231;0.29804274,0.62247783,0.03451254;0.29642194,0.62247783,0.03585215;0.2858791,0.62247783,0.04402959;0.27537722,0.62247783,0.04809401;0.27019797,0.62247783,0.04941928;0.26044995,0.62247783,0.05082519;0.24653837,0.62247783,0.05245427;0.24253811,0.62247783,0.05309588;0.22937034,0.62247783,0.05543298;0.22509783,0.62247783,0.05533944;0.21139629,0.62247783,0.05396516;0.19921488,0.62247783,0.05337483;0.19543576,0.62247783,0.05320069;0.19387726,0.62247783,0.052917;0.19126883,0.62247783,0.0519391;0.17931326,0.62247783,0.04752472;0.17346075,0.62247783,0.04574032;0.16144029,0.62247783,0.04314042;0.13583942,0.62247783,0.03275932;0.1230731,0.62247783,0.0281632;0.11595636,0.62247783,0.02430342;0.10856417,0.62247783,0.01819991;0.10349172,0.62247783,0.01380306;0.09908106,0.62247783,0.00715179;0.0975972,0.62247783,-0.00294804;0.09741842,0.62247783,-0.00566548;0.09555585,0.62247783,-0.00808069;0.08864163,0.62247783,-0.01355976;0.08565005,0.62247783,-0.01484382;0.07221231,0.62247783,-0.01733935;0.05750988,0.62247783,-0.01229;0.05514669,0.62247783,-0.01185023;0.0430605,0.62247783,-0.01101652;0.04077159,0.62247783,-0.01078321;0.03796409,0.62247783,-0.01076831;0.02615207,0.62247783,-0.01153661;0.01296125,0.62247783,-0.01246138;0.00986845,0.62247783,-0.01274813;0.00809354,0.62247783,-0.01253452;0.00588326,0.62247783,-0.01217865;-0.01835839,0.62247783,-0.0085745;-0.02599364,0.62247783,-0.0082293;-0.03684672,0.62247783,-0.01007132
-0.1374722,0.62247783,-0.02912788;-0.12327957,0.62247783,-0.02529899;-0.11880306,0.62247783,-0.02352185;-0.10908188,0.62247783,-0.01775378;-0.10156898,0.62247783,-0.01495988;-0.10013024,0.62247783,-0.00737226;-0.1017255,0.62247783,-0.00117378;-0.1034485,0.62247783,0.00743042;-0.10446592,0.62247783,0.02168685;-0.10468813,0.62247783,0.02332776;-0.10638478,0.62247783,0.02455573;-0.12258567,0.62247783,0.03345675;-0.12498425,0.62247783,0.03490645;-0.13969468,0.62247783,0.04329922;-0.14152947,0.62247783,0.04422812;-0.14555759,0.62247783,0.04547132;-0.1571189,0.62247783,0.04922087;-0.16068505,0.62247783,0.05043277;-0.17278063,0.62247783,0.05386487;-0.18025812,0.62247783,0.05486697;-0.22302619,0.62247783,0.05774308;-0.22882116,0.62247783,0.05779042;-0.24140431,0.62247783,0.05640784;-0.25212878,0.62247783,0.05401693;-0.26058542,0.62247783,0.0510064;-0.27617894,0.62247783,0.04436819;-0.28854012,0.62247783,0.03754371;-0.29177657,0.62247783,0.03477252;-0.30135312,0.62247783,0.02443675;-0.30780347,0.62247783,0.01505414;-0.31150585,0.62247783,0.00219589;-0.31157768,0.62247783,-0.01131167;-0.31055081,0.62247783,-0.01485936;-0.30557019,0.62247783,-0.02364381;-0.29681595,0.62247783,-0.03344989;-0.28404937,0.62247783,-0.04283885;-0.27473545,0.62247783,-0.04808845;-0.27089139,0.62247783,-0.04939336;-0.26003538,0.62247783,-0.05100246;-0.24821225,0.62247783,-0.05273703;-0.24194419,0.62247783,-0.0529966;-0.2250619,0.62247783,-0.05182753;-0.21150035,0.62247783,-0.04974788;-0.20021433,0.62247783,-0.04770181;-0.19409197,0.62247783,-0.04619553;-0.18257164,0.62247783,-0.04281866;-0.16701808,0.62247783,-0.03821026;-0.15407705,0.62247783,-0.03435214;-0.15122326,0.62247783,-0.03339954;-0.14912207,0.62247783,-0.0327133
-0.00053339,0.62247783,0.23212615;0.00036019,0.62247783,0.2318566;0.00022154,0.62247783,0.2307867;-0.00291447,0.62247783,0.2144057;-0.00314088,0.62247783,0.21308303;-0.00472112,0.62247783,0.21048219;-0.00986417,0.62247783,0.20204379;-0.00985505,0.62247783,0.19757979;-0.00864107,0.62247783,0.19588474;-0.00634271,0.62247783,0.1946794;0.00362673,0.62247783,0.18998106;0.00649212,0.62247783,0.18497675;0.00991794,0.62247783,0.17677795;0.00270475,0.62247783,0.17106068;0.00031569,0.62247783,0.16839537;0.00000599,0.62247783,0.1658534;0.00189145,0.62247783,0.16443749;0.00511571,0.62247783,0.16593165;0.02040514,0.62247783,0.17547223;0.03433393,0.62247783,0.18687289;0.04203082,0.62247783,0.19251401;0.0486503,0.62247783,0.19929518;0.05608999,0.62247783,0.20479061;0.06080911,0.62247783,0.20695251;0.06703321,0.62247783,0.20851159;0.07541882,0.62247783,0.20613715;0.0788563,0.62247783,0.20590073;0.08996108,0.62247783,0.20739724;0.09750846,0.62247783,0.20928673;0.10499473,0.62247783,0.21022795;0.11075808,0.62247783,0.210114;0.12131327,0.62247783,0.21084171;0.12948566,0.62247783,0.21155201;0.1372967,0.62247783,0.21150426;0.14243062,0.62247783,0.21044696;0.15392186,0.62247783,0.20832642;0.17230782,0.62247783,0.20690405;0.17467361,0.62247783,0.20671781;0.19035539,0.62247783,0.20563278;0.19302239,0.62247783,0.20537413;0.20449138,0.62247783,0.20394425;0.22123817,0.62247783,0.20395948;0.23509521,0.62247783,0.20321886;0.24335668,0.62247783,0.20297406;0.2505627,0.62247783,0.20286637;0.26352704,0.62247783,0.20377142;0.26572624,0.62247783,0.20407403;0.28171007,0.62247783,0.20714465;0.28417376,0.62247783,0.20769312;0.29753847,0.62247783,0.21146815;0.30203216,0.62247783,0.21280642;0.3133868,0.62247783,0.21659637;0.31636926,0.62247783,0.2178188;0.31979705,0.62247783,0.2196175;0.32960573,0.62247783,0.22541228;0.34051804,0.62247783,0.23137998;0.34520271,0.62247783,0.23469583;0.35449837,0.62247783,0.24347343;0.36456428,0.62247783,0.25266782;0.36867819,0.62247783,0.25664746;0.3707308,0.62247783,0.26040902;0.37451598,0.62247783,0.27642333;0.37515847,0.62247783,0.29172913;0.37199591,0.62247783,0.3043857;0.37095696,0.62247783,0.30675647;0.36200067,0.62247783,0.32138322;0.36134764,0.62247783,0.32211546;0.34735877,0.62247783,0.33402091;0.34589552,0.62247783,0.33505921;0.3269047,0.62247783,0.34602862;0.30607307,0.62247783,0.3560638;0.28412946,0.62247783,0.36497325;0.27215102,0.62247783,0.36875695;0.24932184,0.62247783,0.37464221;0.24162624,0.62247783,0.37639537;0.23690463,0.62247783,0.37735171;0.22501859,0.62247783,0.37879787;0.21276335,0.62247783,0.37918359;0.21045931,0.62247783,0.37924172;0.20812292,0.62247783,0.37953162;0.19398269,0.62247783,0.3818737;0.1865614,0.62247783,0.38214895;0.17739143,0.62247783,0.38136244;0.1711064,0.62247783,0.38074452;0.16058564,0.62247783,0.37895518;0.15196298,0.62247783,0.37775813;0.14104655,0.62247783,0.3751651;0.13691742,0.62247783,0.37393479;0.12684806,0.62247783,0.37062756;0.11682022,0.62247783,0.36629937;0.11419899,0.62247783,0.3649211;0.10719661,0.62247783,0.36107533;0.10047526,0.62247783,0.35794176;0.0943508,0.62247783,0.35424831;0.08692426,0.62247783,0.34942717;0.07590479,0.62247783,0.3395741;0.06235853,0.62247783,0.32906378;0.05014085,0.62247783,0.31845866;0.04344877,0.62247783,0.31306122;0.03792646,0.62247783,0.30834866;0.02881751,0.62247783,0.30155632;0.02549129,0.62247783,0.29849063;0.01885255,0.62247783,0.29168605;0.00686803,0.62247783,0.28549707;0.00366451,0.62247783,0.28465544;0.00142131,0.62247783,0.28236144;-0.00599807,0.62247783,0.27805526;-0.01264831,0.62247783,0.27788294;-0.0138359,0.62247783,0.28454402;-0.01428421,0.62247783,0.29409477;-0.01654762,0.62247783,0.30004905;-0.02030801,0.62247783,0.30491517;-0.02426117,0.62247783,0.30652329;-0.03153363,0.62247783,0.30826887;-0.03639942,0.62247783,0.31688131;-0.04424163,0.62247783,0.33082542;-0.045785,0.62247783,0.33305924;-0.05626504,0.62247783,0.34424032;-0.05868271,0.62247783,0.34649917;-0.0703477,0.62247783,0.35615274;-0.0740489,0.62247783,0.35929745;-0.08347073,0.62247783,0.36718353;-0.09081343,0.62247783,0.37188424;-0.09482933,0.62247783,0.37386101;-0.09845497,0.62247783,0.37489742;-0.10769928,0.62247783,0.37712757;-0.11937154,0.62247783,0.37957055;-0.12234265,0.62247783,0.38024549;-0.12493427,0.62247783,0.38071754;-0.13905459,0.62247783,0.38271252;-0.14475373,0.62247783,0.38332921;-0.15453285,0.62247783,0.38353707;-0.16459818,0.62247783,0.38379587;-0.17080421,0.62247783,0.38375842;-0.17523412,0.62247783,0.38335639;-0.20019821,0.62247783,0.38103579;-0.22924439,0.62247783,0.37701449;-0.23966823,0.62247783,0.37523631;-0.2441297,0.62247783,0.37435205;-0.25248034,0.62247783,0.37264414;-0.25885523,0.62247783,0.37119216;-0.2628114,0.62247783,0.3701199;-0.27404106,0.62247783,0.36671348;-0.28480795,0.62247783,0.36322995;-0.30390741,0.62247783,0.35617303;-0.30486034,0.62247783,0.35577336;-0.32800669,0.62247783,0.34494173;-0.33403055,0.62247783,0.3415304;-0.34652529,0.62247783,0.33316701;-0.3612938,0.62247783,0.32073598;-0.37381891,0.62247783,0.30767309;-0.37491886,0.62247783,0.3061167;-0.38129698,0.62247783,0.29093057;-0.38233925,0.62247783,0.28497796;-0.38236354,0.62247783,0.27483797;-0.38062549,0.62247783,0.26877976;-0.37489017,0.62247783,0.2570104;-0.3717094,0.62247783,0.25261588;-0.36531831,0.62247783,0.24581727;-0.36032498,0.62247783,0.24107727;-0.35459572,0.62247783,0.2366965;-0.34581155,0.62247783,0.23085784;-0.34275707,0.62247783,0.22916799;-0.32868451,0.62247783,0.221981;-0.32744917,0.62247783,0.22141825;-0.31619945,0.62247783,0.21703046;-0.31016057,0.62247783,0.21498875;-0.30091237,0.62247783,0.21209905;-0.28901513,0.62247783,0.20878586;-0.28414977,0.62247783,0.20754942;-0.27358201,0.62247783,0.205754;-0.26705846,0.62247783,0.2051001;-0.23003852,0.62247783,0.20335852;-0.21507503,0.62247783,0.20349883;-0.21241901,0.62247783,0.2036776;-0.19485382,0.62247783,0.20524351;-0.1934867,0.62247783,0.20539527;-0.178472,0.62247783,0.20764685;-0.17359406,0.62247783,0.20849575;-0.15712236,0.62247783,0.21077508;-0.15283033,0.62247783,0.21157133;-0.13943749,0.62247783,0.21457999;-0.12401592,0.62247783,0.21756406;-0.11503545,0.62247783,0.21943636;-0.10346451,0.62247783,0.22157482;-0.09875601,0.62247783,0.22231327;-0.08691515,0.62247783,0.22430453;-0.07655409,0.62247783,0.22563944;-0.06938218,0.62247783,0.22717321;-0.05418943,0.62247783,0.22819299;-0.05208377,0.62247783,0.22841898;-0.0480104,0.62247783,0.227572;-0.03721986,0.62247783,0.22543551;-0.03039428,0.62247783,0.22419659;-0.01971481,0.62247783,0.22508664;-0.01040184,0.62247783,0.22506113;-0.00217734,0.62247783,0.23107195
0.48574064,0.62247783,-0.29303652;0.48715611,0.62247783,-0.29056568;0.48870397,0.62247783,-0.29356573
-0.62247783,0.18275732,0.2378172;-0.62247783,0.19133233,0.23885546;-0.62247783,0.20530495,0.23923371;-0.62247783,0.20640931,0.23917811;-0.62247783,0.22148419,0.23784145;-0.62247783,0.24092129,0.23837371;-0.62247783,0.25732571,0.24081165;-0.62247783,0.26337205,0.24208703;-0.62247783,0.27543649,0.24498187;-0.62247783,0.28146864,0.24826218;-0.62247783,0.2884744,0.25285918;-0.62247783,0.29938772,0.26029349;-0.62247783,0.30007853,0.26108251;-0.62247783,0.30743403,0.27352258;-0.62247783,0.30931136,0.27859085;-0.62247783,0.31175645,0.29040732;-0.62247783,0.31030044,0.30112783;-0.62247783,0.30889578,0.3052948;-0.62247783,0.30790012,0.30638978;-0.62247783,0.29671966,0.3158324;-0.62247783,0.28239362,0.32818413;-0.62247783,0.28111525,0.32899011;-0.62247783,0.27012476,0.3334294;-0.62247783,0.26608043,0.33537448;-0.62247783,0.25630069,0.33941555;-0.62247783,0.24787173,0.34240677;-0.62247783,0.24175471,0.34437534;-0.62247783,0.23169362,0.34854802;-0.62247783,0.22796624,0.34996653;-0.62247783,0.21482678,0.35310987;-0.62247783,0.21267546,0.35369451;-0.62247783,0.20977141,0.35482594;-0.62247783,0.19764716,0.35916044;-0.62247783,0.18996831,0.36109328;-0.62247783,0.18176093,0.36326285;-0.62247783,0.17003478,0.36712666;-0.62247783,0.16630559,0.36826312;-0.62247783,0.16423698,0.3685865;-0.62247783,0.15065902,0.37049025;-0.62247783,0.14430816,0.37176909;-0.62247783,0.13719512,0.37293996;-0.62247783,0.13339036,0.37347846;-0.62247783,0.12200875,0.37460012;-0.62247783,0.1081374,0.37616512;-0.62247783,0.09967788,0.37692857;-0.62247783,0.09342834,0.37735268;-0.62247783,0.06751665,0.37942019;-0.62247783,0.0661386,0.37950991;-0.62247783,0.05048786,0.38036911;-0.62247783,0.03618032,0.38063013;-0.62247783,0.02150301,0.38103099;-0.62247783,0.01885347,0.38108152;-0.62247783,0.00780896,0.38131631;-0.62247783,0.00547955,0.38134217;-0.62247783,-0.00804496,0.38147242;-0.62247783,-0.00988059,0.38142165;-0.62247783,-0.02267246,0.38063693;-0.62247783,-0.0386621,0.38003458;-0.62247783,-0.05363709,0.37940009;-0.62247783,-0.07070917,0.3784969;-0.62247783,-0.08276349,0.37684957;-0.62247783,-0.08542251,0.37655746;-0.62247783,-0.09796556,0.37568259;-0.62247783,-0.10268221,0.37536444;-0.62247783,-0.11218333,0.37442455;-0.62247783,-0.12046847,0.37372199;-0.62247783,-0.12546631,0.37326641;-0.62247783,-0.13834864,0.37166404;-0.62247783,-0.14183844,0.37091188;-0.62247783,-0.15005982,0.36903127;-0.62247783,-0.15489435,0.36789693;-0.62247783,-0.16955079,0.36566023;-0.62247783,-0.17158663,0.36523183;-0.62247783,-0.18633723,0.36059409;-0.62247783,-0.1951808,0.3581858;-0.62247783,-0.20444009,0.35564151;-0.62247783,-0.21588976,0.3510611;-0.62247783,-0.21851521,0.34988988;-0.62247783,-0.22099314,0.34916106;-0.62247783,-0.23634519,0.3451093;-0.62247783,-0.23967925,0.34369296;-0.62247783,-0.24827186,0.33941799;-0.62247783,-0.25381804,0.33723948;-0.62247783,-0.26423586,0.33285553;-0.62247783,-0.27310953,0.3286478;-0.62247783,-0.2778727,0.32569659;-0.62247783,-0.28887736,0.31839532;-0.62247783,-0.30016822,0.30676759;-0.62247783,-0.30207308,0.30296741;-0.62247783,-0.30545621,0.2942519;-0.62247783,-0.30621426,0.28531964;-0.62247783,-0.30662959,0.27952662;-0.62247783,-0.30397124,0.27013233;-0.62247783,-0.29875488,0.26374497;-0.62247783,-0.28915265,0.25768118;-0.62247783,-0.28530351,0.2553663;-0.62247783,-0.2780063,0.25121424;-0.62247783,-0.27007006,0.24678654;-0.62247783,-0.26669061,0.24537196;-0.62247783,-0.26190282,0.24439438;-0.62247783,-0.25147485,0.24173547;-0.62247783,-0.24363047,0.23944065;-0.62247783,-0.23818521,0.23764274;-0.62247783,-0.23504956,0.23715658;-0.62247783,-0.22854761,0.23614315;-0.62247783,-0.21764979,0.23431531;-0.62247783,-0.21320962,0.2336665;-0.62247783,-0.20139679,0.23269261;-0.62247783,-0.19247952,0.2330001;-0.62247783,-0.18507394,0.23372536;-0.62247783,-0.17746402,0.23579674;-0.62247783,-0.17114369,0.23764248;-0.62247783,-0.16121091,0.23891749;-0.62247783,-0.15164429,0.24078777;-0.62247783,-0.13445932,0.2427816;-0.62247783,-0.12586109,0.24464545;-0.62247783,-0.11458946,0.24645286;-0.62247783,-0.10858787,0.24782391;-0.62247783,-0.09072782,0.25090579;-0.62247783,-0.06918381,0.25395595;-0.62247783,-0.05250486,0.25619003;-0.62247783,-0.04683248,0.25677224;-0.62247783,-0.03148869,0.25771697;-0.62247783,-0.01346278,0.25827948;-0.62247783,-0.00516459,0.25872404;-0.62247783,0.00895418,0.25866783;-0.62247783,0.01499592,0.25810868;-0.62247783,0.02685699,0.25686217;-0.62247783,0.03580963,0.25629709;-0.62247783,0.05022911,0.25516421;-0.62247783,0.05511951,0.2544477;-0.62247783,0.06868241,0.25209053;-0.62247783,0.07487532,0.25152216;-0.62247783,0.08712007,0.25035064;-0.62247783,0.09282017,0.24986295;-0.62247783,0.09575718,0.24946003;-0.62247783,0.11101393,0.24671874;-0.62247783,0.11440193,0.24613616;-0.62247783,0.12596362,0.24618211;-0.62247783,0.13235448,0.24603128;-0.62247783,0.13518932,0.24557379;-0.62247783,0.14576433,0.24263803;-0.62247783,0.15427669,0.23900394;-0.62247783,0.15819085,0.23746319;-0.62247783,0.16092121,0.23732923;-0.62247783,0.17494254,0.23761929
-0.62247783,-0.01816985,0.09435603;-0.62247783,-0.01548255,0.0925703;-0.62247783,-0.0087924,0.09363962;-0.62247783,-0.00620507,0.0997832;-0.62247783,-0.00456663,0.10196976;-0.62247783,-0.00082947,0.10350331;-0.62247783,0.00341301,0.09840381;-0.62247783,0.00422878,0.09226662;-0.62247783,0.0035054,0.08520213;-0.62247783,0.0051664,0.07541288;-0.62247783,0.00603775,0.0620203;-0.62247783,0.00569544,0.05831732;-0.62247783,0.00905389,0.0576075;-0.62247783,0.01063821,0.05795014;-0.62247783,0.02613944,0.06338525;-0.62247783,0.02888109,0.06438145;-0.62247783,0.02997898,0.06667107;-0.62247783,0.03531675,0.07740415;-0.62247783,0.03666809,0.08749513;-0.62247783,0.02950371,0.09461739;-0.62247783,0.01733387,0.10129105;-0.62247783,0.01528125,0.10258417;-0.62247783,0.00305072,0.11347683;-0.62247783,0.00155818,0.11403624;-0.62247783,-0.01286882,0.11370125;-0.62247783,-0.01721292,0.11215934;-0.62247783,-0.02061205,0.10466059
-0.62247783,-0.26881588,-0.62044348;-0.62247783,-0.3102043,-0.61864935;-0.62247783,-0.31446603,-0.61851663;-0.62247783,-0.32174286,-0.61775944;-0.62247783,-0.34971912,-0.61499783;-0.62247783,-0.3644023,-0.61281225;-0.62247783,-0.40290316,-0.60598692;-0.62247783,-0.41446763,-0.60225615;-0.62247783,-0.43959947,-0.59150481;-0.62247783,-0.44956588,-0.58633851;-0.62247783,-0.47300431,-0.57273144;-0.62247783,-0.48271642,-0.5657851;-0.62247783,-0.50013845,-0.54947167;-0.62247783,-0.5177488,-0.52738448;-0.62247783,-0.52059213,-0.52267779;-0.62247783,-0.5347883,-0.49176881;-0.62247783,-0.54315384,-0.46758198;-0.62247783,-0.54529118,-0.45861147;-0.62247783,-0.55050752,-0.42537814;-0.62247783,-0.55077508,-0.42237318;-0.62247783,-0.55565778,-0.34406166;-0.62247783,-0.55690316,-0.30895517;-0.62247783,-0.55721147,-0.3063496;-0.62247783,-0.56306081,-0.27591387;-0.62247783,-0.56492403,-0.26003346;-0.62247783,-0.56674858,-0.23366937;-0.62247783,-0.56784416,-0.22495083;-0.62247783,-0.57440719,-0.20159112;-0.62247783,-0.58108734,-0.17180429;-0.62247783,-0.58524773,-0.13258214;-0.62247783,-0.58554693,-0.12587042;-0.62247783,-0.58627093,-0.09653371;-0.62247783,-0.58894954,-0.05371984;-0.62247783,-0.58830617,-0.01940507;-0.62247783,-0.58834682,-0.01253576;-0.62247783,-0.58909429,-0.00267098;-0.62247783,-0.58785127,0.0250482;-0.62247783,-0.58782724,0.02761932;-0.62247783,-0.58847843,0.05953984;-0.62247783,-0.58820241,0.06427034;-0.62247783,-0.58801121,0.06718985;-0.62247783,-0.58530127,0.10040337;-0.62247783,-0.58470197,0.10701232;-0.62247783,-0.58189874,0.138991;-0.62247783,-0.58079939,0.14756925;-0.62247783,-0.57668515,0.17574947;-0.62247783,-0.57383579,0.19222704;-0.62247783,-0.57069912,0.21029913;-0.62247783,-0.56545747,0.23525903;-0.62247783,-0.56365277,0.24566655;-0.62247783,-0.55829828,0.27796079;-0.62247783,-0.55806034,0.28049075;-0.62247783,-0.5567101,0.31821725;-0.62247783,-0.55669045,0.31931085;-0.62247783,-0.55673888,0.35654835;-0.62247783,-0.55654498,0.35986519;-0.62247783,-0.55516995,0.36515996;-0.62247783,-0.5481396,0.39158862;-0.62247783,-0.54606132,0.4028976;-0.62247783,-0.54017485,0.42173039;-0.62247783,-0.52559396,0.44788062;-0.62247783,-0.52187394,0.45282257;-0.62247783,-0.50496214,0.47216464;-0.62247783,-0.49058493,0.48872329;-0.62247783,-0.48545353,0.49385787;-0.62247783,-0.48042387,0.49806199;-0.62247783,-0.46127442,0.51275476;-0.62247783,-0.44116605,0.52507221;-0.62247783,-0.43269056,0.52822174;-0.62247783,-0.4310328,0.52847981;-0.62247783,-0.39684975,0.53224594;-0.62247783,-0.39002355,0.53283549;-0.62247783,-0.35913983,0.53567678;-0.62247783,-0.34789557,0.53644123;-0.62247783,-0.32301068,0.53849419;-0.62247783,-0.30831786,0.53944449;-0.62247783,-0.28475393,0.54171077;-0.62247783,-0.2681864,0.54260174;-0.62247783,-0.24735872,0.54377168;-0.62247783,-0.18649887,0.54531763;-0.62247783,-0.16797129,0.54597013;-0.62247783,-0.14694289,0.54638263;-0.62247783,-0.12682067,0.54687941;-0.62247783,-0.10566082,0.54731995;-0.62247783,-0.08696203,0.54804809;-0.62247783,-0.06640023,0.54847221;-0.62247783,-0.04694221,0.54893683;-0.62247783,-0.02723379,0.5490603;-0.62247783,-0.00890139,0.54896179;-0.62247783,0.01146694,0.54897649;-0.62247783,0.02905888,0.54911214;-0.62247783,0.04902175,0.54894106;-0.62247783,0.06643905,0.5483472;-0.62247783,0.08763992,0.54777369;-0.62247783,0.10464194,0.5469235;-0.62247783,0.12715856,0.54622697;-0.62247783,0.14413393,0.54542588;-0.62247783,0.16659686,0.54478761;-0.62247783,0.18575986,0.54399536;-0.62247783,0.24734121,0.54238558;-0.62247783,0.26767973,0.54135841;-0.62247783,0.28558522,0.54060631;-0.62247783,0.30804797,0.53900423;-0.62247783,0.32408908,0.53813392;-0.62247783,0.34842158,0.53615686;-0.62247783,0.36076941,0.53542517;-0.62247783,0.38818392,0.53334394;-0.62247783,0.39636352,0.53268099;-0.62247783,0.42748986,0.52895361;-0.62247783,0.43101666,0.52839892;-0.62247783,0.44343791,0.52451533;-0.62247783,0.46176253,0.51349535;-0.62247783,0.482957,0.49969971;-0.62247783,0.48858656,0.49499049;-0.62247783,0.50557055,0.47874325;-0.62247783,0.50855035,0.47496269;-0.62247783,0.52636935,0.44844363;-0.62247783,0.538477,0.42244216;-0.62247783,0.54480231,0.40407099;-0.62247783,0.54715989,0.39142328;-0.62247783,0.55081278,0.35989295;-0.62247783,0.5510935,0.35577279;-0.62247783,0.5535533,0.318014;-0.62247783,0.5574692,0.27983345;-0.62247783,0.56410347,0.24483058;-0.62247783,0.57071858,0.20946688;-0.62247783,0.573514,0.19171537;-0.62247783,0.57583063,0.17617183;-0.62247783,0.57913055,0.15047193;-0.62247783,0.58187682,0.13648398;-0.62247783,0.5870639,0.10317452;-0.62247783,0.58746559,0.09901759;-0.62247783,0.59025943,0.07038057;-0.62247783,0.59057129,0.06466145;-0.62247783,0.59045775,0.06315454;-0.62247783,0.58669784,0.03013646;-0.62247783,0.58649709,0.01610321;-0.62247783,0.58746714,-0.00798463;-0.62247783,0.58749859,-0.01943552;-0.62247783,0.58760892,-0.04711555;-0.62247783,0.58749049,-0.05727798;-0.62247783,0.58695188,-0.08933844;-0.62247783,0.58616519,-0.09715702;-0.62247783,0.58473596,-0.12647636;-0.62247783,0.58495049,-0.13503647;-0.62247783,0.58508366,-0.17120369;-0.62247783,0.58490709,-0.17310986;-0.62247783,0.57832362,-0.20376472;-0.62247783,0.5750514,-0.21878278;-0.62247783,0.56602496,-0.27460357;-0.62247783,0.56158218,-0.30276763;-0.62247783,0.56097262,-0.30989469;-0.62247783,0.5607977,-0.34141315;-0.62247783,0.56026898,-0.35023968;-0.62247783,0.55671146,-0.38531448;-0.62247783,0.55349922,-0.42418696;-0.62247783,0.55291672,-0.42866194;-0.62247783,0.54737688,-0.46008297;-0.62247783,0.54551725,-0.46655274;-0.62247783,0.53568144,-0.49224557;-0.62247783,0.52029967,-0.52344147;-0.62247783,0.51666276,-0.52888336;-0.62247783,0.4981821,-0.54808996;-0.62247783,0.47046979,-0.56824174;-0.62247783,0.4000423,-0.60202391;-0.62247783,0.3609875,-0.61557769;-0.62247783,0.35362057,-0.61773147;-0.62247783,0.35059215,-0.61809321;-0.62247783,0.32366413,-0.62042867;-0.62247783,0.32201625,-0.62052429;-0.62247783,0.30121061,-0.62043683;-0.62247783,0.27767027,-0.62025803;-0.62247783,0.26257567,-0.61925138;-0.62247783,0.23934724,-0.61646709;-0.62247783,0.21198963,-0.61347993;-0.62247783,0.20432176,-0.61251028;-0.62247783,0.19831104,-0.61152636;-0.62247783,0.16796661,-0.60559298;-0.62247783,0.14247369,-0.59951145;-0.62247783,0.13752986,-0.59833138;-0.62247783,0.12870266,-0.59669658;-0.62247783,0.10697192,-0.59246431;-0.62247783,0.09714208,-0.59055156;-0.62247783,0.07755099,-0.5863743;-0.62247783,0.04772121,-0.58115322;-0.62247783,0.01289167,-0.57834045;-0.62247783,-0.01978361,-0.57923839;-0.62247783,-0.04780594,-0.58234807;-0.62247783,-0.05748951,-0.58352314;-0.62247783,-0.0810672,-0.58700528;-0.62247783,-0.10273995,-0.59131639;-0.62247783,-0.11197655,-0.5933269;-0.62247783,-0.12715732,-0.59646216;-0.62247783,-0.14306575,-0.59963271;-0.62247783,-0.17428715,-0.60633694;-0.62247783,-0.19947932,-0.61230394;-0.62247783,-0.20399207,-0.61327936;-0.62247783,-0.20838293,-0.61385793;-0.62247783,-0.26732802,-0.62037637
-0.62247783,0.24999096,-0.25816286;-0.62247783,0.24902247,-0.25448835;-0.62247783,0.251233,-0.24974131;-0.62247783,0.25258817,-0.24566005;-0.62247783,0.2519446,-0.24398244;-0.62247783,0.24994386,-0.2432525;-0.62247783,0.23860521,-0.2415953;-0.62247783,0.23019937,-0.23911388;-0.62247783,0.22326367,-0.23683333;-0.62247783,0.20858321,-0.23399243;-0.62247783,0.20731292,-0.23378547;-0.62247783,0.20531899,-0.23311541;-0.62247783,0.19281891,-0.22939764;-0.62247783,0.18605803,-0.23050631;-0.62247783,0.18074108,-0.23454061;-0.62247783,0.18208783,-0.24055048;-0.62247783,0.18215574,-0.24789063;-0.62247783,0.17781256,-0.25193597;-0.62247783,0.17035269,-0.25325717;-0.62247783,0.16110051,-0.25322228;-0.62247783,0.1464022,-0.2557736;-0.62247783,0.14458516,-0.25619941;-0.62247783,0.13095204,-0.25986;-0.62247783,0.12492194,-0.26010397;-0.62247783,0.11395608,-0.26008488;-0.62247783,0.10396794,-0.26803988;-0.62247783,0.10183268,-0.27165583;-0.62247783,0.09849689,-0.2755836;-0.62247783,0.09330732,-0.28811292;-0.62247783,0.09256419,-0.2909648;-0.62247783,0.08816159,-0.31304578;-0.62247783,0.08799546,-0.3143132;-0.62247783,0.08883347,-0.31498095;-0.62247783,0.10274427,-0.32546635;-0.62247783,0.10692044,-0.32762061;-0.62247783,0.1139373,-0.32887717;-0.62247783,0.12255616,-0.32920907;-0.62247783,0.13375803,-0.32830189;-0.62247783,0.13702691,-0.32797306;-0.62247783,0.14225038,-0.32861665;-0.62247783,0.15342181,-0.32949202;-0.62247783,0.1588567,-0.32890086;-0.62247783,0.18128065,-0.32570229;-0.62247783,0.19017465,-0.32326471;-0.62247783,0.20240839,-0.32109921;-0.62247783,0.20723848,-0.32032907;-0.62247783,0.22100419,-0.31601528;-0.62247783,0.2230262,-0.31496645;-0.62247783,0.22721671,-0.31046923;-0.62247783,0.23097716,-0.30570203;-0.62247783,0.23393665,-0.3037291;-0.62247783,0.24512254,-0.29744441;-0.62247783,0.24663967,-0.29637478;-0.62247783,0.25271409,-0.29010615;-0.62247783,0.25577688,-0.28629781;-0.62247783,0.25638751,-0.28508227;-0.62247783,0.25893579,-0.27585491;-0.62247783,0.2567763,-0.26823832;-0.62247783,0.25155587,-0.26051259
-0.62247783,-0.25290406,-0.27955116;-0.62247783,-0.24988523,-0.28653571;-0.62247783,-0.24585094,-0.29588691;-0.62247783,-0.24415988,-0.29875446;-0.62247783,-0.24312008,-0.29945956;-0.62247783,-0.23976794,-0.30056701;-0.62247783,-0.23147823,-0.30257849;-0.62247783,-0.22809793,-0.30421265;-0.62247783,-0.21677569,-0.30871072;-0.62247783,-0.21559111,-0.30946601;-0.62247783,-0.21608462,-0.30988826;-0.62247783,-0.22062197,-0.31508087;-0.62247783,-0.22025162,-0.31812648;-0.62247783,-0.21917479,-0.31856216;-0.62247783,-0.2042674,-0.3210368;-0.62247783,-0.18709369,-0.32301029;-0.62247783,-0.18099634,-0.32464219;-0.62247783,-0.17206032,-0.32805764;-0.62247783,-0.16521761,-0.33053988;-0.62247783,-0.15697387,-0.33258819;-0.62247783,-0.13877877,-0.33452306;-0.62247783,-0.13431701,-0.33512397;-0.62247783,-0.12433666,-0.33624204;-0.62247783,-0.12170642,-0.33660236;-0.62247783,-0.12050979,-0.33727683;-0.62247783,-0.11221106,-0.34210295;-0.62247783,-0.10771596,-0.34480333;-0.62247783,-0.09972847,-0.34828743;-0.62247783,-0.08900522,-0.35133119;-0.62247783,-0.08665532,-0.35208243;-0.62247783,-0.0833058,-0.35248763;-0.62247783,-0.06524713,-0.35083625;-0.62247783,-0.06306654,-0.35004014;-0.62247783,-0.06414619,-0.34724465;-0.62247783,-0.07288928,-0.32986392;-0.62247783,-0.07536899,-0.32492829;-0.62247783,-0.08437025,-0.30309754;-0.62247783,-0.08990149,-0.28698943;-0.62247783,-0.09169488,-0.28131091;-0.62247783,-0.09805843,-0.26499215;-0.62247783,-0.1005526,-0.26074164;-0.62247783,-0.1040441,-0.25667233;-0.62247783,-0.11246406,-0.24804186;-0.62247783,-0.11978035,-0.24773991;-0.62247783,-0.1246353,-0.24954512;-0.62247783,-0.13047447,-0.25181899;-0.62247783,-0.13875617,-0.25025747;-0.62247783,-0.14580812,-0.24840899;-0.62247783,-0.15894954,-0.2441901;-0.62247783,-0.16161178,-0.24346003;-0.62247783,-0.17120153,-0.24378035;-0.62247783,-0.17252329,-0.2499975;-0.62247783,-0.17588324,-0.25483434;-0.62247783,-0.17840916,-0.2560592;-0.62247783,-0.18102426,-0.25511547;-0.62247783,-0.18408317,-0.25151572;-0.62247783,-0.18855522,-0.24271802;-0.62247783,-0.20211562,-0.23777514;-0.62247783,-0.21035945,-0.2394631;-0.62247783,-0.2162739,-0.24097631;-0.62247783,-0.22396823,-0.24527243;-0.62247783,-0.22766741,-0.24742408;-0.62247783,-0.23775595,-0.25023449;-0.62247783,-0.23902503,-0.2511131;-0.62247783,-0.24705068,-0.26148189;-0.62247783,-0.25217142,-0.26919849;-0.62247783,-0.25368727,-0.27172125;-0.62247783,-0.25421313,-0.27495514
-0.62247783,0.10806038,-0.30771792;-0.62247783,0.10646265,-0.30896592;-0.62247783,0.10129502,-0.30866085;-0.62247783,0.10519508,-0.30512653;-0.62247783,0.10722045,-0.30551502;-0.62247783,0.10822522,-0.30644551
-0.62247783,0.21950914,0.03034453;-0.62247783,0.22387623,0.03623317;-0.62247783,0.22111674,0.04166625;-0.62247783,0.21498472,0.042754;-0.62247783,0.20132576,0.04336177;-0.62247783,0.19887884,0.04329795;-0.62247783,0.1963654,0.04313542;-0.62247783,0.18200472,0.04050852;-0.62247783,0.17964971,0.03957021;-0.62247783,0.17779515,0.03826204;-0.62247783,0.17861573,0.03606369;-0.62247783,0.18288871,0.0343636;-0.62247783,0.19346647,0.03154831;-0.62247783,0.20427736,0.02212712;-0.62247783,0.20586329,0.02077653;-0.62247783,0.20777772,0.02070062;-0.62247783,0.20887911,0.02162605
-0.62247783,0.02123239,-0.09374591;-0.62247783,0.01890827,-0.09403388;-0.62247783,0.01595406,-0.09761139;-0.62247783,0.01927959,-0.09882267;-0.62247783,0.02144109,-0.09798068;-0.62247783,0.02306169,-0.09545396
-0.62247783,-0.22764597,0.01378822;-0.62247783,-0.22449434,0.00835199;-0.62247783,-0.21474259,0.00541676;-0.62247783,-0.2129294,0.00553614;-0.62247783,-0.20087398,0.01151716;-0.62247783,-0.20091507,0.02116968;-0.62247783,-0.20537231,0.02462137;-0.62247783,-0.21354078,0.02438789;-0.62247783,-0.21948903,0.02179466;-0.62247783,-0.22440243,0.0184367
-0.62247783,-0.17840482,-0.30353941;-0.62247783,-0.17818657,-0.30237462;-0.62247783,-0.17728093,-0.30228382;-0.62247783,-0.17735709,-0.30264219
-0.62247783,-0.24572192,0.00357201;-0.62247783,-0.24610098,0.0073155;-0.62247783,-0.2504153,0.00721055;-0.62247783,-0.25331823,0.00631784;-0.62247783,-0.25272415,0.0031451;-0.62247783,-0.25044692,0.00255434
-0.56182232,-0.62247783,-0.38057453;-0.55826148,-0.62247783,-0.42059202;-0.55747355,-0.62247783,-0.42647414;-0.55084187,-0.62247783,-0.46177986;-0.5502675,-0.62247783,-0.46405874;-0.54031804,-0.62247783,-0.49481054;-0.53319825,-0.62247783,-0.51239944;-0.52643519,-0.62247783,-0.52563775;-0.51755022,-0.62247783,-0.53832178;-0.50440316,-0.62247783,-0.55262346;-0.48328691,-0.62247783,-0.57018209;-0.47666373,-0.62247783,-0.57473264;-0.44915082,-0.62247783,-0.58955119;-0.43978113,-0.62247783,-0.59348148;-0.40256827,-0.62247783,-0.60604935;-0.38632738,-0.62247783,-0.61043748;-0.35781628,-0.62247783,-0.61581226;-0.35047363,-0.62247783,-0.616648;-0.31907371,-0.62247783,-0.61781297;-0.30777784,-0.62247783,-0.61818223;-0.28079732,-0.62247783,-0.61753347;-0.27303194,-0.62247783,-0.61721166;-0.26413528,-0.62247783,-0.61641315;-0.23956542,-0.62247783,-0.61315877;-0.19293585,-0.62247783,-0.6057212;-0.1688396,-0.62247783,-0.60112782;-0.13536149,-0.62247783,-0.59478263;-0.10736769,-0.62247783,-0.58937448;-0.07700379,-0.62247783,-0.58406134;-0.04962024,-0.62247783,-0.57993476;-0.04721766,-0.62247783,-0.57973355;0.01811483,-0.62247783,-0.57632166;0.02021429,-0.62247783,-0.57626336;0.02866326,-0.62247783,-0.57728727;0.08254732,-0.62247783,-0.58515769;0.20287651,-0.62247783,-0.60653257;0.20785073,-0.62247783,-0.60738788;0.21409721,-0.62247783,-0.60819354;0.23806741,-0.62247783,-0.61138742;0.27056593,-0.62247783,-0.61590844;0.27810436,-0.62247783,-0.61674298;0.28551332,-0.62247783,-0.61686668;0.31345283,-0.62247783,-0.61681563;0.34828663,-0.62247783,-0.61559389;0.36224287,-0.62247783,-0.61437199;0.38645883,-0.62247783,-0.61136986;0.40053068,-0.62247783,-0.60831287;0.41738511,-0.62247783,-0.60313437;0.44228711,-0.62247783,-0.59334927;0.47821544,-0.62247783,-0.5751764;0.48367292,-0.62247783,-0.57163919;0.50684893,-0.62247783,-0.55307526;0.5174601,-0.62247783,-0.54228993;0.5281764,-0.62247783,-0.52753984;0.53707788,-0.62247783,-0.51080834;0.54317411,-0.62247783,-0.49646353;0.55340384,-0.62247783,-0.46703578;0.55452781,-0.62247783,-0.46358855;0.55479683,-0.62247783,-0.46208554;0.56012201,-0.62247783,-0.42778657;0.56121701,-0.62247783,-0.41923081;0.56385147,-0.62247783,-0.39154079;0.56464909,-0.62247783,-0.37872029;0.56549535,-0.62247783,-0.35247397;0.56621917,-0.62247783,-0.33940071;0.56820928,-0.62247783,-0.31598176;0.56981881,-0.62247783,-0.29733929;0.57176662,-0.62247783,-0.27871072;0.5782448,-0.62247783,-0.25142675;0.57947923,-0.62247783,-0.24431263;0.58385904,-0.62247783,-0.21136339;0.58456647,-0.62247783,-0.2077987;0.58557886,-0.62247783,-0.20115407;0.58785144,-0.62247783,-0.1726869;0.5879911,-0.62247783,-0.17102008;0.59171829,-0.62247783,-0.13112469;0.59180664,-0.62247783,-0.12959049;0.59285941,-0.62247783,-0.08943977;0.59254989,-0.62247783,-0.0532973;0.59255403,-0.62247783,-0.05219715;0.59315953,-0.62247783,-0.01228306;0.59343283,-0.62247783,0.09743736;0.59340306,-0.62247783,0.10360723;0.59335995,-0.62247783,0.10471778;0.59131525,-0.62247783,0.14171332;0.59017199,-0.62247783,0.1825639;0.58915398,-0.62247783,0.21961916;0.58465101,-0.62247783,0.41612553;0.58417918,-0.62247783,0.42233121;0.57455757,-0.62247783,0.44539594;0.56470376,-0.62247783,0.46498274;0.55593091,-0.62247783,0.47715415;0.5489975,-0.62247783,0.4813611;0.54702969,-0.62247783,0.48260369;0.52545504,-0.62247783,0.49959806;0.51277241,-0.62247783,0.5253583;0.51119702,-0.62247783,0.53348059;0.51103265,-0.62247783,0.55836184;0.51928001,-0.62247783,0.58340257;0.52922616,-0.62247783,0.59698452;0.53233603,-0.62247783,0.61036238;0.53343022,-0.62247783,0.62117164;0.53372042,-0.62247783,0.64344674;0.53310687,-0.62247783,0.64977316;0.53013445,-0.62247783,0.65868433;0.52332214,-0.62247783,0.67333288;0.51710223,-0.62247783,0.68281968;0.50634325,-0.62247783,0.69515204;0.49379011,-0.62247783,0.70589227;0.48512266,-0.62247783,0.71145473;0.4622721,-0.62247783,0.72212635;0.46114569,-0.62247783,0.72252962;0.43014079,-0.62247783,0.73090639;0.4236639,-0.62247783,0.73194382;0.39694519,-0.62247783,0.73332047;0.38842239,-0.62247783,0.73304817;0.35764644,-0.62247783,0.73003811;0.3525492,-0.62247783,0.72907692;0.31956314,-0.62247783,0.719936;0.31033969,-0.62247783,0.71667852;0.28852001,-0.62247783,0.70687703;0.26656336,-0.62247783,0.69530587;0.25927851,-0.62247783,0.69114377;0.25073673,-0.62247783,0.68536841;0.23200676,-0.62247783,0.67146824;0.20539546,-0.62247783,0.64971038;0.15232711,-0.62247783,0.60413553;0.14123538,-0.62247783,0.59470983;0.12563449,-0.62247783,0.58150204;0.09935651,-0.62247783,0.56164217;0.09807498,-0.62247783,0.56085941;0.06770831,-0.62247783,0.5463155;0.04210228,-0.62247783,0.53655985;0.03705198,-0.62247783,0.53466931;0.03509462,-0.62247783,0.53402505;0.03164116,-0.62247783,0.53364211;0.00347928,-0.62247783,0.53094026;-0.00403053,-0.62247783,0.53077587;-0.01189393,-0.62247783,0.53219569;-0.04011924,-0.62247783,0.53899381;-0.04183294,-0.62247783,0.53962358;-0.06508873,-0.62247783,0.55103637;-0.08126119,-0.62247783,0.56072448;-0.09363885,-0.62247783,0.56876132;-0.12155888,-0.62247783,0.588863;-0.12934089,-0.62247783,0.59486241;-0.17622223,-0.62247783,0.63152796;-0.20370476,-0.62247783,0.65241054;-0.21885659,-0.62247783,0.66327164;-0.23157811,-0.62247783,0.67195095;-0.24906163,-0.62247783,0.68277991;-0.26040917,-0.62247783,0.68919326;-0.27309129,-0.62247783,0.69545701;-0.29072726,-0.62247783,0.70355197;-0.30485226,-0.62247783,0.70895063;-0.32233119,-0.62247783,0.71423798;-0.35101812,-0.62247783,0.720916;-0.35586435,-0.62247783,0.72149109;-0.39324456,-0.62247783,0.72247955;-0.42776776,-0.62247783,0.71989467;-0.4378777,-0.62247783,0.71783774;-0.45800812,-0.62247783,0.71072294;-0.47963996,-0.62247783,0.69966775;-0.48731235,-0.62247783,0.69390103;-0.51070069,-0.62247783,0.66905721;-0.51648952,-0.62247783,0.660034;-0.52240021,-0.62247783,0.64166628;-0.5262111,-0.62247783,0.6153515;-0.52566114,-0.62247783,0.60436146;-0.51480543,-0.62247783,0.58426373;-0.50857471,-0.62247783,0.55923929;-0.50941102,-0.62247783,0.53881979;-0.5100553,-0.62247783,0.53088459;-0.51364385,-0.62247783,0.50994753;-0.52556761,-0.62247783,0.49376292;-0.55017974,-0.62247783,0.48020306;-0.5546446,-0.62247783,0.47764232;-0.56045301,-0.62247783,0.46944568;-0.57069113,-0.62247783,0.4465408;-0.57792417,-0.62247783,0.41413843;-0.58462316,-0.62247783,0.2981251;-0.59241642,-0.62247783,0.06331301;-0.59264311,-0.62247783,0.05074196;-0.59068323,-0.62247783,0.02851853;-0.5905779,-0.62247783,0.01826083;-0.59271022,-0.62247783,-0.01411559;-0.59407254,-0.62247783,-0.04128447;-0.5941438,-0.62247783,-0.0508968;-0.59381297,-0.62247783,-0.07506779;-0.59330151,-0.62247783,-0.09124657;-0.59327354,-0.62247783,-0.09238803;-0.59312911,-0.62247783,-0.09921802;-0.59144064,-0.62247783,-0.13220729;-0.58827329,-0.62247783,-0.16710732;-0.58292383,-0.62247783,-0.20597182;-0.58196808,-0.62247783,-0.21389903;-0.57832082,-0.62247783,-0.24253903;-0.57637863,-0.62247783,-0.25419825;-0.57277651,-0.62247783,-0.27769092;-0.56530834,-0.62247783,-0.34068467
-0.26733752,-0.62247783,0.24786631;-0.27039671,-0.62247783,0.24913526;-0.27715199,-0.62247783,0.25335197;-0.28294254,-0.62247783,0.25796563;-0.2867436,-0.62247783,0.26207076;-0.29211878,-0.62247783,0.26939718;-0.29507085,-0.62247783,0.27770979;-0.29585594,-0.62247783,0.28413417;-0.29383136,-0.62247783,0.29798773;-0.29267125,-0.62247783,0.3009973;-0.28558861,-0.62247783,0.31024027;-0.28155012,-0.62247783,0.31399295;-0.27158063,-0.62247783,0.32272569;-0.2694317,-0.62247783,0.32412734;-0.25815096,-0.62247783,0.32945664;-0.25554908,-0.62247783,0.33046903;-0.24030114,-0.62247783,0.3358966;-0.22468246,-0.62247783,0.34000613;-0.21069909,-0.62247783,0.34333437;-0.20749985,-0.62247783,0.34388454;-0.2034585,-0.62247783,0.34397204;-0.18629562,-0.62247783,0.34343995;-0.17968211,-0.62247783,0.3430055;-0.17370225,-0.62247783,0.34219431;-0.16670811,-0.62247783,0.3408152;-0.15972488,-0.62247783,0.33951326;-0.15538826,-0.62247783,0.3384324;-0.14979255,-0.62247783,0.33619305;-0.14356535,-0.62247783,0.33289495;-0.13973525,-0.62247783,0.32990615;-0.13083393,-0.62247783,0.32241937;-0.12004404,-0.62247783,0.30972341;-0.1139501,-0.62247783,0.29823227;-0.11334459,-0.62247783,0.29587377;-0.11471001,-0.62247783,0.2861737;-0.11643871,-0.62247783,0.28171173;-0.12369271,-0.62247783,0.27207411;-0.12611328,-0.62247783,0.26964697;-0.13585511,-0.62247783,0.26053216;-0.1395943,-0.62247783,0.25793828;-0.14613475,-0.62247783,0.25374997;-0.15271085,-0.62247783,0.25016872;-0.15835205,-0.62247783,0.24795195;-0.16606764,-0.62247783,0.24572829;-0.17492835,-0.62247783,0.24328855;-0.18484559,-0.62247783,0.2410261;-0.20756467,-0.62247783,0.2369166;-0.21035022,-0.62247783,0.23653228;-0.2120784,-0.62247783,0.23659593;-0.22760997,-0.62247783,0.23806029;-0.23535293,-0.62247783,0.23908907;-0.25328735,-0.62247783,0.24331718
-0.19173669,-0.62247783,-0.31766816;-0.19719163,-0.62247783,-0.31595397;-0.20570478,-0.62247783,-0.31267478;-0.21372391,-0.62247783,-0.30923705;-0.22632425,-0.62247783,-0.30203637;-0.23047604,-0.62247783,-0.29903079;-0.23749448,-0.62247783,-0.29303114;-0.24048727,-0.62247783,-0.28878576;-0.24330323,-0.62247783,-0.28163335;-0.24450955,-0.62247783,-0.27155525;-0.24324953,-0.62247783,-0.26727703;-0.23680455,-0.62247783,-0.25797833;-0.23234979,-0.62247783,-0.25419909;-0.22306696,-0.62247783,-0.24787011;-0.21656769,-0.62247783,-0.24488555;-0.20644464,-0.62247783,-0.24124628;-0.18850561,-0.62247783,-0.23635408;-0.18662205,-0.62247783,-0.23594919;-0.18506245,-0.62247783,-0.23592384;-0.17007995,-0.62247783,-0.23631597;-0.16196753,-0.62247783,-0.2365455;-0.15389666,-0.62247783,-0.23727326;-0.14481129,-0.62247783,-0.23887314;-0.13323439,-0.62247783,-0.24164203;-0.12822229,-0.62247783,-0.24305692;-0.12010102,-0.62247783,-0.24523562;-0.11348088,-0.62247783,-0.24721181;-0.1069565,-0.62247783,-0.24912443;-0.10235051,-0.62247783,-0.25074074;-0.08910417,-0.62247783,-0.25649241;-0.07585215,-0.62247783,-0.26430888;-0.07181957,-0.62247783,-0.26619619;-0.05918022,-0.62247783,-0.27148866;-0.05535592,-0.62247783,-0.27375969;-0.04797856,-0.62247783,-0.27730911;-0.04083356,-0.62247783,-0.28120973;-0.03460468,-0.62247783,-0.28514803;-0.02755897,-0.62247783,-0.2917768;-0.01578038,-0.62247783,-0.29824517;-0.0151057,-0.62247783,-0.29853412;-0.00882596,-0.62247783,-0.29998706;-0.01417896,-0.62247783,-0.30311264;-0.0156892,-0.62247783,-0.30354738;-0.02708549,-0.62247783,-0.30856432;-0.0329763,-0.62247783,-0.31000884;-0.0424874,-0.62247783,-0.31401558;-0.05534412,-0.62247783,-0.31764653;-0.06175266,-0.62247783,-0.3189827;-0.06914612,-0.62247783,-0.32041728;-0.08220821,-0.62247783,-0.3229775;-0.09941277,-0.62247783,-0.32515663;-0.10949475,-0.62247783,-0.32588737;-0.11693971,-0.62247783,-0.32598637;-0.12586587,-0.62247783,-0.32626475;-0.1308797,-0.62247783,-0.32614346;-0.1412691,-0.62247783,-0.32530878;-0.16470473,-0.62247783,-0.32278302;-0.16990243,-0.62247783,-0.32202275;-0.17846167,-0.62247783,-0.32070451;-0.18400489,-0.62247783,-0.31964318
0.03763838,-0.62247783,-0.2894199;0.04955147,-0.62247783,-0.28072226;0.06076077,-0.62247783,-0.27474255;0.07159708,-0.62247783,-0.26960493;0.0777133,-0.62247783,-0.26527417;0.08589215,-0.62247783,-0.26161089;0.09238805,-0.62247783,-0.26034709;0.09910706,-0.62247783,-0.25867487;0.10434807,-0.62247783,-0.25635837;0.10923861,-0.62247783,-0.25360653;0.11711193,-0.62247783,-0.24867729;0.12318885,-0.62247783,-0.24650482;0.13763415,-0.62247783,-0.24098047;0.14196317,-0.62247783,-0.23964655;0.14874945,-0.62247783,-0.23864412;0.15944848,-0.62247783,-0.23814533;0.17269419,-0.62247783,-0.23768862;0.1804443,-0.62247783,-0.23862259;0.19269489,-0.62247783,-0.24438447;0.19725283,-0.62247783,-0.24677122;0.19822847,-0.62247783,-0.24719627;0.19937485,-0.62247783,-0.24761861;0.21470964,-0.62247783,-0.25348386;0.2263831,-0.62247783,-0.25877077;0.23597683,-0.62247783,-0.26474099;0.23744238,-0.62247783,-0.26579763;0.23989716,-0.62247783,-0.26882524;0.24337862,-0.62247783,-0.27605404;0.24326625,-0.62247783,-0.28234593;0.24062275,-0.62247783,-0.28854356;0.23679737,-0.62247783,-0.29302139;0.22954235,-0.62247783,-0.29841654;0.22457942,-0.62247783,-0.30245554;0.21698158,-0.62247783,-0.3075327;0.2122431,-0.62247783,-0.30988542;0.20357066,-0.62247783,-0.31255771;0.19301786,-0.62247783,-0.31595252;0.19116743,-0.62247783,-0.31665585;0.18871461,-0.62247783,-0.31707;0.17882706,-0.62247783,-0.3192861;0.17094843,-0.62247783,-0.3216903;0.16442426,-0.62247783,-0.32305565;0.15621032,-0.62247783,-0.32378624;0.14456727,-0.62247783,-0.32502648;0.12865569,-0.62247783,-0.32615018;0.12700177,-0.62247783,-0.32618356;0.12600361,-0.62247783,-0.32616157;0.11172774,-0.62247783,-0.32519557;0.09880896,-0.62247783,-0.32449021;0.09587173,-0.62247783,-0.32428114;0.09414519,-0.62247783,-0.32407977;0.089524,-0.62247783,-0.32294925;0.07695934,-0.62247783,-0.31984042;0.07015993,-0.62247783,-0.31859223;0.06200053,-0.62247783,-0.31844874;0.05201753,-0.62247783,-0.31738593;0.04766926,-0.62247783,-0.31666358;0.03314768,-0.62247783,-0.31456532;0.0317205,-0.62247783,-0.31403744;0.0231667,-0.62247783,-0.30789479;0.01828853,-0.62247783,-0.30085299;0.02526131,-0.62247783,-0.29681504;0.03173772,-0.62247783,-0.29344165
0.14169176,-0.62247783,0.30128421;0.14506875,-0.62247783,0.30590082;0.15395546,-0.62247783,0.31426329;0.15681048,-0.62247783,0.31614161;0.1693455,-0.62247783,0.32278245;0.17430296,-0.62247783,0.32516612;0.18121172,-0.62247783,0.32721203;0.19137154,-0.62247783,0.32817892;0.19445129,-0.62247783,0.32830155;0.19677485,-0.62247783,0.32864505;0.20881116,-0.62247783,0.32980003;0.21986523,-0.62247783,0.32956953;0.2218012,-0.62247783,0.32937591;0.24034165,-0.62247783,0.3261229;0.25243951,-0.62247783,0.32385953;0.25801876,-0.62247783,0.32244442;0.25966473,-0.62247783,0.32165862;0.27307753,-0.62247783,0.31397693;0.27821214,-0.62247783,0.31073925;0.28419232,-0.62247783,0.30581235;0.28670353,-0.62247783,0.30330327;0.28804926,-0.62247783,0.29876981;0.28847074,-0.62247783,0.28521373;0.28833025,-0.62247783,0.28248553;0.28720672,-0.62247783,0.27988048;0.28153661,-0.62247783,0.26688307;0.2789222,-0.62247783,0.26287917;0.27187545,-0.62247783,0.25493686;0.27044499,-0.62247783,0.25389307;0.25948379,-0.62247783,0.24895953;0.2536852,-0.62247783,0.24684655;0.24539096,-0.62247783,0.24521624;0.23291899,-0.62247783,0.2429792;0.2305305,-0.62247783,0.24269138;0.22888249,-0.62247783,0.24277724;0.21631574,-0.62247783,0.24465476;0.20211379,-0.62247783,0.24780984;0.18743676,-0.62247783,0.24953913;0.18015968,-0.62247783,0.25050553;0.17204163,-0.62247783,0.25232239;0.16439512,-0.62247783,0.25439954;0.15946535,-0.62247783,0.2566258;0.15564424,-0.62247783,0.26078597;0.15198617,-0.62247783,0.26663108;0.14680714,-0.62247783,0.2716059;0.14172052,-0.62247783,0.27679859;0.13740618,-0.62247783,0.28580305;0.13732159,-0.62247783,0.28930963
0.62247783,0.35236888,-0.61774376;0.62247783,0.35827067,-0.61707823;0.62247783,0.36543909,-0.61589851;0.62247783,0.38689602,-0.61102588;0.62247783,0.40387521,-0.6055723;0.62247783,0.4187821,-0.60208845;0.62247783,0.43688832,-0.59319652;0.62247783,0.4494503,-0.58683763;0.62247783,0.47555094,-0.57169359;0.62247783,0.50106539,-0.54959231;0.62247783,0.51797511,-0.53095282;0.62247783,0.52321015,-0.52381042;0.62247783,0.52715092,-0.51599929;0.62247783,0.53668618,-0.49280704;0.62247783,0.5452013,-0.46682156;0.62247783,0.54685834,-0.45997459;0.62247783,0.55145836,-0.42346962;0.62247783,0.5543353,-0.38508823;0.62247783,0.55814319,-0.34901125;0.62247783,0.55839672,-0.34342181;0.62247783,0.55768983,-0.30738918;0.62247783,0.55787691,-0.3052314;0.62247783,0.56435063,-0.2727029;0.62247783,0.57145626,-0.23786814;0.62247783,0.57522384,-0.21730635;0.62247783,0.57860006,-0.20253762;0.62247783,0.58553982,-0.1709089;0.62247783,0.58796143,-0.1333961;0.62247783,0.58764223,-0.12726322;0.62247783,0.58515949,-0.10045863;0.62247783,0.58698609,-0.08439674;0.62247783,0.59051703,-0.05280631;0.62247783,0.5906089,-0.04925661;0.62247783,0.58887572,-0.00889513;0.62247783,0.58702107,0.0172145;0.62247783,0.58701122,0.03080988;0.62247783,0.59045155,0.06343359;0.62247783,0.59031864,0.06875657;0.62247783,0.58528492,0.09741741;0.62247783,0.5840255,0.10980008;0.62247783,0.58063511,0.13646266;0.62247783,0.57887835,0.15122515;0.62247783,0.57804458,0.17776027;0.62247783,0.5762103,0.18956028;0.62247783,0.56631016,0.23508919;0.62247783,0.56416274,0.24591291;0.62247783,0.55694025,0.28107858;0.62247783,0.55223044,0.31924141;0.62247783,0.55169157,0.32376468;0.62247783,0.54781568,0.35506754;0.62247783,0.54677543,0.36602374;0.62247783,0.54317486,0.39034629;0.62247783,0.53830128,0.41274653;0.62247783,0.53514299,0.42247423;0.62247783,0.53202288,0.42921009;0.62247783,0.5217755,0.44881632;0.62247783,0.50898879,0.4667736;0.62247783,0.50112412,0.47705356;0.62247783,0.48781506,0.49061506;0.62247783,0.47892858,0.49855812;0.62247783,0.46091777,0.51148497;0.62247783,0.4388757,0.52595168;0.62247783,0.43108395,0.52910658;0.62247783,0.42902003,0.52946305;0.62247783,0.39669583,0.53362546;0.62247783,0.38961752,0.53423632;0.62247783,0.36112526,0.53634353;0.62247783,0.34930301,0.53705507;0.62247783,0.32570616,0.53905743;0.62247783,0.31017563,0.53995855;0.62247783,0.28544401,0.54186016;0.62247783,0.26892532,0.54259758;0.62247783,0.24803933,0.54361325;0.62247783,0.22896551,0.54406161;0.62247783,0.2084523,0.54448896;0.62247783,0.18649032,0.54487081;0.62247783,0.1676398,0.54548399;0.62247783,0.14490372,0.54612568;0.62247783,0.12770055,0.5470881;0.62247783,0.10516911,0.5477311;0.62247783,0.08821415,0.54830075;0.62247783,0.0662814,0.54866447;0.62247783,0.05020532,0.54895919;0.62247783,-0.04756573,0.54924212;0.62247783,-0.06604085,0.54912362;0.62247783,-0.08734741,0.54883067;0.62247783,-0.10491135,0.54819211;0.62247783,-0.16799095,0.5469343;0.62247783,-0.18632642,0.5462876;0.62247783,-0.24783179,0.54478444;0.62247783,-0.26687924,0.54394444;0.62247783,-0.28382299,0.54314435;0.62247783,-0.30684351,0.5410667;0.62247783,-0.32130378,0.54011221;0.62247783,-0.34716842,0.5377572;0.62247783,-0.35858043,0.5369051;0.62247783,-0.38886588,0.5338428;0.62247783,-0.39582549,0.53321282;0.62247783,-0.43029135,0.52936402;0.62247783,-0.43144377,0.52918353;0.62247783,-0.43734473,0.52658223;0.62247783,-0.45904146,0.51202832;0.62247783,-0.48185673,0.49341752;0.62247783,-0.48382844,0.49172845;0.62247783,-0.48536014,0.48996421;0.62247783,-0.50188271,0.46960745;0.62247783,-0.51790055,0.44940895;0.62247783,-0.51999636,0.44608712;0.62247783,-0.5222496,0.44325238;0.62247783,-0.53638251,0.42029802;0.62247783,-0.54023684,0.40662448;0.62247783,-0.54178747,0.38981797;0.62247783,-0.54657312,0.36239302;0.62247783,-0.54700407,0.35389648;0.62247783,-0.54971204,0.32235117;0.62247783,-0.55027161,0.31686316;0.62247783,-0.55102013,0.28157557;0.62247783,-0.55126146,0.27757483;0.62247783,-0.55452413,0.26415723;0.62247783,-0.56181707,0.23815245;0.62247783,-0.57038271,0.21056151;0.62247783,-0.57566577,0.19109623;0.62247783,-0.5781376,0.17848302;0.62247783,-0.58144197,0.14873725;0.62247783,-0.58246085,0.14080075;0.62247783,-0.58503197,0.10806162;0.62247783,-0.58536722,0.10299146;0.62247783,-0.58656742,0.07031462;0.62247783,-0.58682665,0.06443219;0.62247783,-0.58783774,0.0543603;0.62247783,-0.58782959,0.02845337;0.62247783,-0.58790502,0.02594912;0.62247783,-0.5900018,-0.01200429;0.62247783,-0.59005266,-0.03710922;0.62247783,-0.58875082,-0.0499667;0.62247783,-0.58830465,-0.05536881;0.62247783,-0.58630684,-0.08690674;0.62247783,-0.58546644,-0.09717739;0.62247783,-0.58674093,-0.12609779;0.62247783,-0.58681255,-0.13020792;0.62247783,-0.58397115,-0.16745714;0.62247783,-0.5834561,-0.17197074;0.62247783,-0.57786836,-0.2027823;0.62247783,-0.57452976,-0.2162799;0.62247783,-0.57090485,-0.23559143;0.62247783,-0.56813115,-0.25685507;0.62247783,-0.56555244,-0.27566045;0.62247783,-0.55931912,-0.30489771;0.62247783,-0.55886022,-0.30926612;0.62247783,-0.55946687,-0.34215577;0.62247783,-0.55922912,-0.34954667;0.62247783,-0.5564167,-0.38318167;0.62247783,-0.55259113,-0.42383944;0.62247783,-0.5474177,-0.45983086;0.62247783,-0.54611453,-0.4655865;0.62247783,-0.53675348,-0.49272512;0.62247783,-0.52223718,-0.52327719;0.62247783,-0.51745872,-0.5309116;0.62247783,-0.50155654,-0.54992047;0.62247783,-0.48122133,-0.56830423;0.62247783,-0.47438676,-0.57317246;0.62247783,-0.44786559,-0.58866646;0.62247783,-0.44040631,-0.59234045;0.62247783,-0.41468846,-0.60145203;0.62247783,-0.39014744,-0.60731492;0.62247783,-0.38789871,-0.60792585;0.62247783,-0.35817788,-0.6163208;0.62247783,-0.35425568,-0.61705088;0.62247783,-0.31767548,-0.62057325;0.62247783,-0.30932964,-0.62080057;0.62247783,-0.27162157,-0.62116147;0.62247783,-0.27059782,-0.62112384;0.62247783,-0.24119738,-0.61838486;0.62247783,-0.20743536,-0.614026;0.62247783,-0.17141741,-0.60835845;0.62247783,-0.15541428,-0.60532036;0.62247783,-0.14046753,-0.60187781;0.62247783,-0.11882317,-0.59733284;0.62247783,-0.11011522,-0.59549026;0.62247783,-0.10433413,-0.5944958;0.62247783,-0.07794056,-0.59074844;0.62247783,-0.01620455,-0.58396958;0.62247783,0.0143442,-0.58274654;0.62247783,0.04562978,-0.58396813;0.62247783,0.05353631,-0.58491259;0.62247783,0.07609172,-0.58942949;0.62247783,0.10109817,-0.59541668;0.62247783,0.10618823,-0.59655933;0.62247783,0.11675115,-0.5985827;0.62247783,0.1365457,-0.60191737;0.62247783,0.14621086,-0.60398946;0.62247783,0.20127784,-0.61592355;0.62247783,0.20360948,-0.61640093;0.62247783,0.20599548,-0.61663913;0.62247783,0.27220277,-0.62227883;0.62247783,0.273997,-0.62236225;0.62247783,0.3089176,-0.62116852
0.62247783,-0.22112758,0.34796526;0.62247783,-0.21764201,0.34906292;0.62247783,-0.21382362,0.35091516;0.62247783,-0.20363529,0.35516301;0.62247783,-0.18619192,0.36064005;0.62247783,-0.17495366,0.36498661;0.62247783,-0.17175043,0.366164;0.62247783,-0.16907939,0.36674062;0.62247783,-0.15574705,0.36956853;0.62247783,-0.14460796,0.37327232;0.62247783,-0.1407179,0.37433378;0.62247783,-0.1244438,0.37722273;0.62247783,-0.10682268,0.38036307;0.62247783,-0.09609643,0.3820285;0.62247783,-0.09199624,0.38280132;0.62247783,-0.08200818,0.38505619;0.62247783,-0.07615062,0.38625549;0.62247783,-0.06590784,0.38734335;0.62247783,-0.06027081,0.3879442;0.62247783,-0.05147577,0.38889811;0.62247783,-0.03632616,0.38997867;0.62247783,-0.02981679,0.39045917;0.62247783,-0.01392472,0.39168495;0.62247783,-0.0050302,0.39174823;0.62247783,0.00171233,0.39170488;0.62247783,0.00976822,0.39164372;0.62247783,0.03147695,0.39073022;0.62247783,0.04056049,0.39044711;0.62247783,0.04723329,0.38992875;0.62247783,0.05674023,0.38853792;0.62247783,0.06259793,0.38779786;0.62247783,0.07182599,0.38687295;0.62247783,0.07794012,0.38589264;0.62247783,0.08797987,0.38418455;0.62247783,0.09137427,0.38365351;0.62247783,0.10300511,0.38226584;0.62247783,0.10696234,0.38151235;0.62247783,0.12001418,0.37816779;0.62247783,0.12115715,0.37794838;0.62247783,0.13547572,0.37610319;0.62247783,0.13676985,0.37587268;0.62247783,0.14001551,0.37503817;0.62247783,0.15089643,0.37195123;0.62247783,0.16344371,0.36971201;0.62247783,0.16629202,0.36915338;0.62247783,0.17092902,0.36746297;0.62247783,0.18197859,0.362909;0.62247783,0.19052332,0.36068766;0.62247783,0.19731728,0.35907237;0.62247783,0.20834953,0.35462457;0.62247783,0.21216454,0.35299776;0.62247783,0.2151571,0.35221034;0.62247783,0.22794599,0.34933989;0.62247783,0.23390563,0.34693422;0.62247783,0.2427692,0.34328978;0.62247783,0.25649456,0.33956633;0.62247783,0.26700525,0.33570755;0.62247783,0.27072801,0.33365086;0.62247783,0.28261764,0.32747305;0.62247783,0.29694768,0.31753669;0.62247783,0.29824928,0.31657905;0.62247783,0.30825243,0.30780815;0.62247783,0.30949768,0.30629419;0.62247783,0.31303624,0.29839066;0.62247783,0.31413212,0.29098081;0.62247783,0.31044086,0.2776403;0.62247783,0.30899047,0.27303066;0.62247783,0.30605832,0.26663127;0.62247783,0.30172089,0.25939171;0.62247783,0.28988856,0.25078763;0.62247783,0.27975382,0.24376713;0.62247783,0.27717236,0.24242559;0.62247783,0.26084867,0.23815981;0.62247783,0.2589847,0.23772406;0.62247783,0.24195823,0.23444682;0.62247783,0.23959769,0.23424051;0.62247783,0.23396252,0.23449848;0.62247783,0.22160347,0.23639722;0.62247783,0.20697659,0.2404285;0.62247783,0.20568392,0.24068556;0.62247783,0.19209708,0.24202309;0.62247783,0.17992207,0.24167686;0.62247783,0.17675496,0.24190285;0.62247783,0.16935039,0.2430514;0.62247783,0.15748008,0.24701801;0.62247783,0.1490183,0.25131561;0.62247783,0.14404429,0.25286847;0.62247783,0.13406974,0.25457685;0.62247783,0.12708018,0.25507617;0.62247783,0.11853975,0.25624696;0.62247783,0.10556068,0.26069222;0.62247783,0.09856278,0.26201695;0.62247783,0.09228174,0.26248051;0.62247783,0.08578146,0.2629315;0.62247783,0.07556685,0.26328928;0.62247783,0.06836256,0.26448189;0.62247783,0.05839257,0.26516866;0.62247783,0.05232395,0.26521442;0.62247783,0.03227505,0.26581559;0.62247783,0.01335817,0.26577378;0.62247783,0.01171457,0.26573364;0.62247783,-0.00979526,0.26521264;0.62247783,-0.02912811,0.26423696;0.62247783,-0.04977729,0.26392024;0.62247783,-0.05100878,0.2638689;0.62247783,-0.05309009,0.26371155;0.62247783,-0.068501,0.26172203;0.62247783,-0.07431565,0.26080441;0.62247783,-0.0869088,0.25932166;0.62247783,-0.0939957,0.25813514;0.62247783,-0.10880045,0.25616147;0.62247783,-0.13843036,0.24896749;0.62247783,-0.15519484,0.24590661;0.62247783,-0.16079573,0.2448194;0.62247783,-0.17470008,0.24442028;0.62247783,-0.17641598,0.24432741;0.62247783,-0.17737069,0.24397091;0.62247783,-0.18908683,0.23841684;0.62247783,-0.20227765,0.23510223;0.62247783,-0.21349849,0.23428339;0.62247783,-0.21716615,0.23462295;0.62247783,-0.22828812,0.23695523;0.62247783,-0.23434006,0.23823876;0.62247783,-0.23657572,0.23875727;0.62247783,-0.24005272,0.23988364;0.62247783,-0.25093651,0.24262326;0.62247783,-0.25984426,0.24426801;0.62247783,-0.26523384,0.24507626;0.62247783,-0.28284916,0.25306926;0.62247783,-0.28590228,0.25460847;0.62247783,-0.28802411,0.25590385;0.62247783,-0.29869382,0.26280653;0.62247783,-0.30446283,0.27025781;0.62247783,-0.30662528,0.27880797;0.62247783,-0.30694566,0.28559025;0.62247783,-0.31013211,0.29626649;0.62247783,-0.30991726,0.30068054;0.62247783,-0.30649432,0.3082609;0.62247783,-0.3052038,0.30963061;0.62247783,-0.29196144,0.32076783;0.62247783,-0.29102826,0.32146267;0.62247783,-0.28868007,0.32248801;0.62247783,-0.2783238,0.32612857;0.62247783,-0.27217204,0.32874745;0.62247783,-0.26486515,0.33139276;0.62247783,-0.25135158,0.33654876;0.62247783,-0.24777153,0.33793709;0.62247783,-0.24231696,0.34051421;0.62247783,-0.23533081,0.34385337
0.62247783,0.19002619,-0.3321584;0.62247783,0.18821844,-0.33273329;0.62247783,0.16969344,-0.3369829;0.62247783,0.16717117,-0.33766319;0.62247783,0.1562663,-0.34187464;0.62247783,0.15072769,-0.34404209;0.62247783,0.13577445,-0.34892332;0.62247783,0.12458054,-0.35337382;0.62247783,0.11848878,-0.3543943;0.62247783,0.10930552,-0.35452911;0.62247783,0.10006964,-0.35938789;0.62247783,0.09626697,-0.36062839;0.62247783,0.09360013,-0.36053716;0.62247783,0.07797296,-0.35593382;0.62247783,0.06893621,-0.35025707;0.62247783,0.06761133,-0.34510947;0.62247783,0.0723126,-0.33231309;0.62247783,0.07352972,-0.32939153;0.62247783,0.07933631,-0.31312148;0.62247783,0.08179546,-0.3059829;0.62247783,0.08583022,-0.29182463;0.62247783,0.08805833,-0.2837272;0.62247783,0.09398551,-0.26759757;0.62247783,0.09498472,-0.26481668;0.62247783,0.09767396,-0.26195925;0.62247783,0.1100715,-0.25222246;0.62247783,0.11183632,-0.25118235;0.62247783,0.113712,-0.25139725;0.62247783,0.11618453,-0.25285662;0.62247783,0.1251397,-0.2571299;0.62247783,0.1308635,-0.25828626;0.62247783,0.1438051,-0.25620526;0.62247783,0.1459469,-0.25592958;0.62247783,0.16172455,-0.25473879;0.62247783,0.16944959,-0.25513899;0.62247783,0.1796704,-0.25416151;0.62247783,0.18915386,-0.24901415;0.62247783,0.19530442,-0.2419318;0.62247783,0.20723674,-0.23995606;0.62247783,0.2136973,-0.23982449;0.62247783,0.22086723,-0.24095405;0.62247783,0.23288835,-0.24418504;0.62247783,0.23655202,-0.24541067;0.62247783,0.24358141,-0.24833502;0.62247783,0.2455011,-0.25347796;0.62247783,0.2492144,-0.25901203;0.62247783,0.25225432,-0.26291416;0.62247783,0.25699994,-0.26890135;0.62247783,0.26085278,-0.2763306;0.62247783,0.25985368,-0.28234911;0.62247783,0.25768799,-0.28685856;0.62247783,0.25708457,-0.28781526;0.62247783,0.25031404,-0.29741674;0.62247783,0.24620351,-0.30107647;0.62247783,0.23609625,-0.30800937;0.62247783,0.22697096,-0.31649728;0.62247783,0.22213028,-0.31970196;0.62247783,0.21076062,-0.32513609;0.62247783,0.20717648,-0.32683877
0.62247783,-0.04930545,0.09001624;0.62247783,-0.047991,0.09366194;0.62247783,-0.04670933,0.09521347;0.62247783,-0.03750039,0.10633834;0.62247783,-0.03074366,0.11281219;0.62247783,-0.025138,0.11732188;0.62247783,-0.0130715,0.12074785;0.62247783,-0.00175046,0.12172802;0.62247783,0.00452356,0.12131057;0.62247783,0.01259937,0.1179852;0.62247783,0.01955849,0.11377769;0.62247783,0.03207993,0.10993672;0.62247783,0.03582474,0.10930678;0.62247783,0.04288182,0.10685575;0.62247783,0.04907934,0.10247329;0.62247783,0.05544726,0.0962586;0.62247783,0.0501211,0.08817461;0.62247783,0.04769066,0.08566922;0.62247783,0.03996002,0.07734411;0.62247783,0.03008786,0.06745989;0.62247783,0.02881999,0.0662386;0.62247783,0.02716918,0.06602676;0.62247783,0.01093797,0.06673183;0.62247783,0.00116771,0.07359251;0.62247783,-0.00437743,0.07723169;0.62247783,-0.01495289,0.07997402;0.62247783,-0.01592391,0.08021986;0.62247783,-0.02001622,0.08169597;0.62247783,-0.02911304,0.08506867;0.62247783,-0.03099354,0.08586082;0.62247783,-0.03863669,0.08765897;0.62247783,-0.04512252,0.0891327
0.62247783,0.02528846,-0.09527139;0.62247783,0.02115709,-0.10164245;0.62247783,0.01514282,-0.10485974;0.62247783,0.0077693,-0.10615363;0.62247783,0.00262753,-0.10659399;0.62247783,-0.00125336,-0.1048384;0.62247783,-0.01071888,-0.09955818;0.62247783,-0.02072871,-0.10142979;0.62247783,-0.02575786,-0.10165323;0.62247783,-0.02890089,-0.09953448;0.62247783,-0.02887608,-0.09401719;0.62247783,-0.02282056,-0.09149903;0.62247783,-0.00914017,-0.09001053;0.62247783,-0.00635934,-0.08984257;0.62247783,0.00423527,-0.09037956;0.62247783,0.01131418,-0.08876669;0.62247783,0.02027763,-0.09039868
0.62247783,-0.20106716,-0.23662876;0.62247783,-0.18706778,-0.24087375;0.62247783,-0.1774774,-0.24893492;0.62247783,-0.17400119,-0.24861572;0.62247783,-0.16904889,-0.24478044;0.62247783,-0.16234621,-0.24520905;0.62247783,-0.16138914,-0.24563402;0.62247783,-0.14490927,-0.2550055;0.62247783,-0.14305106,-0.25603546;0.62247783,-0.13302102,-0.26140534;0.62247783,-0.12757808,-0.26187553;0.62247783,-0.12309699,-0.26205409;0.62247783,-0.11629459,-0.26243185;0.62247783,-0.1093735,-0.26650778;0.62247783,-0.09800116,-0.27679306;0.62247783,-0.09380443,-0.28211078;0.62247783,-0.09224957,-0.28581454;0.62247783,-0.0853571,-0.30366566;0.62247783,-0.08276302,-0.30943779;0.62247783,-0.07488568,-0.32387933;0.62247783,-0.071714,-0.32914517;0.62247783,-0.06214428,-0.34570112;0.62247783,-0.06108814,-0.34747739;0.62247783,-0.0596,-0.35249029;0.62247783,-0.06460219,-0.35409714;0.62247783,-0.0724054,-0.35471813;0.62247783,-0.07939593,-0.35054327;0.62247783,-0.08499912,-0.348553;0.62247783,-0.08735823,-0.34865302;0.62247783,-0.10041076,-0.34896433;0.62247783,-0.11191873,-0.3470928;0.62247783,-0.11288972,-0.34681237;0.62247783,-0.11581092,-0.34550087;0.62247783,-0.12473536,-0.34211957;0.62247783,-0.1335714,-0.3404456;0.62247783,-0.14406439,-0.33936043;0.62247783,-0.15959452,-0.33789906;0.62247783,-0.17166472,-0.33548312;0.62247783,-0.17536722,-0.33478729;0.62247783,-0.1817719,-0.3332789;0.62247783,-0.1904162,-0.33129476;0.62247783,-0.19588031,-0.33007367;0.62247783,-0.20501944,-0.32735336;0.62247783,-0.20961829,-0.32588172;0.62247783,-0.21983215,-0.32329943;0.62247783,-0.22639511,-0.31967849;0.62247783,-0.23184344,-0.31413384;0.62247783,-0.23594928,-0.31110782;0.62247783,-0.24442471,-0.30681914;0.62247783,-0.25252467,-0.30140793;0.62247783,-0.2559548,-0.29702414;0.62247783,-0.25942003,-0.2914953;0.62247783,-0.26610451,-0.28206687;0.62247783,-0.26680721,-0.2807833;0.62247783,-0.26649403,-0.27947997;0.62247783,-0.26374693,-0.27270195;0.62247783,-0.26067186,-0.26697459;0.62247783,-0.25378966,-0.25772298;0.62247783,-0.24848891,-0.24872788;0.62247783,-0.24130029,-0.24491525;0.62247783,-0.23844985,-0.24425673;0.62247783,-0.22884733,-0.24326007;0.62247783,-0.22648611,-0.24269001;0.62247783,-0.2158078,-0.23838971;0.62247783,-0.21093119,-0.23751048
0.62247783,-0.2122923,0.00728198;0.62247783,-0.21537309,0.00704768;0.62247783,-0.22329645,0.0097956;0.62247783,-0.22575735,0.01392878;0.62247783,-0.22330574,0.01734604;0.62247783,-0.21968188,0.01949514;0.62247783,-0.21145365,0.02279147;0.62247783,-0.20538268,0.02298304;0.62247783,-0.20228769,0.02047834;0.62247783,-0.20256277,0.01329845
0.62247783,0.23451176,-0.02139316;0.62247783,0.23417585,-0.02120018
0.62247783,-0.24937463,0.00471585;0.62247783,-0.25027697,0.00474291;0.62247783,-0.25010832,0.00507123;0.62247783,-0.2493643,0.00532143
-0.56892993,0.62247783,-0.31478746;-0.5727961,0.62247783,-0.27763069;-0.57750007,0.62247783,-0.24146571;-0.58117481,0.62247783,-0.2128673;-0.58220171,0.62247783,-0.20470035;-0.58673021,0.62247783,-0.17263921;-0.5871014,0.62247783,-0.17030507;-0.58841419,0.62247783,-0.16068699;-0.59098,0.62247783,-0.13100771;-0.5910443,0.62247783,-0.12997726;-0.59188951,0.62247783,-0.10709007;-0.59171159,0.62247783,-0.09320988;-0.5917983,0.62247783,-0.08916097;-0.59376437,0.62247783,-0.05252194;-0.59381934,0.62247783,-0.05125638;-0.59449184,0.62247783,-0.02348747;-0.59448152,0.62247783,-0.01236409;-0.59339743,0.62247783,0.06439804;-0.59285815,0.62247783,0.10408437;-0.59172578,0.62247783,0.14411451;-0.59169296,0.62247783,0.14532648;-0.59067186,0.62247783,0.18245886;-0.59061244,0.62247783,0.1848181;-0.58866093,0.62247783,0.26122542;-0.58445802,0.62247783,0.4166913;-0.58396558,0.62247783,0.42233329;-0.57369665,0.62247783,0.44873615;-0.56311021,0.62247783,0.46843747;-0.55578658,0.62247783,0.47769713;-0.55026021,0.62247783,0.48071341;-0.52558189,0.62247783,0.49396637;-0.5139097,0.62247783,0.5094781;-0.51043219,0.62247783,0.53064847;-0.5098916,0.62247783,0.53886253;-0.50975168,0.62247783,0.55873461;-0.51757455,0.62247783,0.58392727;-0.52592967,0.62247783,0.59752728;-0.52854507,0.62247783,0.62046885;-0.53058269,0.62247783,0.64461755;-0.53048297,0.62247783,0.64754889;-0.52885079,0.62247783,0.65071518;-0.50675193,0.62247783,0.6871714;-0.50412918,0.62247783,0.69091975;-0.50111428,0.62247783,0.69323362;-0.48326189,0.62247783,0.70425814;-0.47045069,0.62247783,0.71118883;-0.4595893,0.62247783,0.71569332;-0.42999424,0.62247783,0.72258687;-0.39399355,0.62247783,0.72736709;-0.39083197,0.62247783,0.72740768;-0.35459992,0.62247783,0.72374768;-0.3210524,0.62247783,0.71710337;-0.30826508,0.62247783,0.71339069;-0.28917955,0.62247783,0.70589631;-0.26699918,0.62247783,0.69543457;-0.25908333,0.62247783,0.69140041;-0.25148584,0.62247783,0.68680914;-0.230828,0.62247783,0.67323571;-0.21697398,0.62247783,0.6632228;-0.203472,0.62247783,0.65289305;-0.17662916,0.62247783,0.63091747;-0.13387539,0.62247783,0.5945662;-0.12342466,0.62247783,0.58561549;-0.1030788,0.62247783,0.56888343;-0.09650187,0.62247783,0.56377368;-0.09160439,0.62247783,0.56056433;-0.06822114,0.62247783,0.54612096;-0.05268033,0.62247783,0.53794708;-0.04252568,0.62247783,0.53321005;-0.03398525,0.62247783,0.53082542;-0.01607069,0.62247783,0.52740986;-0.00383759,0.62247783,0.52556433;0.00620847,0.62247783,0.52618194;0.02452498,0.62247783,0.52793687;0.03402913,0.62247783,0.52878979;0.04056127,0.62247783,0.53148179;0.05432646,0.62247783,0.53722712;0.06971202,0.62247783,0.54389281;0.09877548,0.62247783,0.55950997;0.10194587,0.62247783,0.56165256;0.12558002,0.62247783,0.58142573;0.13943402,0.62247783,0.59448007;0.15159353,0.62247783,0.6055737;0.20384673,0.62247783,0.65272631;0.2302442,0.62247783,0.67451862;0.25827002,0.62247783,0.6941035;0.28603942,0.62247783,0.71014878;0.31319498,0.62247783,0.72294814;0.31585087,0.62247783,0.72391289;0.34774308,0.62247783,0.73253441;0.35666056,0.62247783,0.73426483;0.38190228,0.62247783,0.73716444;0.39393794,0.62247783,0.73775372;0.41478746,0.62247783,0.7367176;0.42571184,0.62247783,0.7350326;0.44772243,0.62247783,0.72919482;0.47199223,0.62247783,0.72034482;0.48799206,0.62247783,0.71239612;0.49799299,0.62247783,0.70636921;0.50185567,0.62247783,0.70240893;0.52041482,0.62247783,0.67712567;0.53061667,0.62247783,0.65637762;0.53572057,0.62247783,0.63214441;0.53826397,0.62247783,0.60703503;0.53830149,0.62247783,0.60345874;0.53793931,0.62247783,0.60211929;0.53696612,0.62247783,0.60115018;0.51967442,0.62247783,0.58186067;0.51166285,0.62247783,0.55846261;0.51210177,0.62247783,0.53363632;0.51381528,0.62247783,0.52563283;0.52691424,0.62247783,0.50217829;0.55283127,0.62247783,0.48313827;0.55501056,0.62247783,0.48147874;0.55883831,0.62247783,0.47465291;0.58028528,0.62247783,0.4257665;0.58149812,0.62247783,0.41603349;0.58903648,0.62247783,0.22049653;0.59031843,0.62247783,0.18398503;0.59039385,0.62247783,0.18151021;0.59152343,0.62247783,0.14355236;0.59155839,0.62247783,0.14231421;0.59264301,0.62247783,0.10424948;0.59396419,0.62247783,-0.04625323;0.59397202,0.62247783,-0.05140423;0.59419015,0.62247783,-0.07160699;0.5939573,0.62247783,-0.09083071;0.59230475,0.62247783,-0.13165496;0.58883668,0.62247783,-0.17029163;0.58716027,0.62247783,-0.18505721;0.58330712,0.62247783,-0.20478929;0.5813875,0.62247783,-0.21330078;0.58035083,0.62247783,-0.2438081;0.57965582,0.62247783,-0.24880694;0.57030887,0.62247783,-0.27754381;0.56658097,0.62247783,-0.30045738;0.56542799,0.62247783,-0.31421264;0.56297514,0.62247783,-0.35050379;0.5620577,0.62247783,-0.37976022;0.56142697,0.62247783,-0.38996265;0.55826234,0.62247783,-0.42038136;0.5523415,0.62247783,-0.46280383;0.55198782,0.62247783,-0.4643379;0.54129808,0.62247783,-0.49540014;0.5272363,0.62247783,-0.5256712;0.51741304,0.62247783,-0.54121624;0.5070763,0.62247783,-0.55282449;0.48401885,0.62247783,-0.57253047;0.47944073,0.62247783,-0.5758124;0.45223738,0.62247783,-0.59115177;0.44704998,0.62247783,-0.59367374;0.42019339,0.62247783,-0.60364855;0.40548871,0.62247783,-0.60791387;0.38821041,0.62247783,-0.61150052;0.35250811,0.62247783,-0.61661341;0.34961586,0.62247783,-0.61682022;0.31495353,0.62247783,-0.61731123;0.28519553,0.62247783,-0.61601328;0.27794871,0.62247783,-0.61561775;0.23943738,0.62247783,-0.61147458;0.21314491,0.62247783,-0.60781732;0.204635,0.62247783,-0.60648119;0.17683262,0.62247783,-0.60116306;0.1488302,0.62247783,-0.59534877;0.14637016,0.62247783,-0.5948506;0.14226997,0.62247783,-0.59401165;0.11449469,0.62247783,-0.58842252;0.10017134,0.62247783,-0.58546103;0.08450824,0.62247783,-0.58287159;0.05804886,0.62247783,-0.58019143;0.04959134,0.62247783,-0.57935798;0.02256692,0.62247783,-0.57575685;0.01990203,0.62247783,-0.57567694;-0.01593055,0.62247783,-0.57730349;-0.04658563,0.62247783,-0.57882106;-0.05007255,0.62247783,-0.5792156;-0.07513059,0.62247783,-0.58374364;-0.09468043,0.62247783,-0.5872924;-0.10577345,0.62247783,-0.58932991;-0.12595533,0.62247783,-0.59359324;-0.1945673,0.62247783,-0.60752361;-0.20414498,0.62247783,-0.6092615;-0.214637,0.62247783,-0.61090546;-0.26706606,0.62247783,-0.61774221;-0.27239342,0.62247783,-0.61817781;-0.30673444,0.62247783,-0.61923041;-0.31678805,0.62247783,-0.61913684;-0.35209407,0.62247783,-0.61833266;-0.35752645,0.62247783,-0.61791705;-0.36635511,0.62247783,-0.61636608;-0.38712219,0.62247783,-0.61240017;-0.40113907,0.62247783,-0.60916148;-0.41738757,0.62247783,-0.60411;-0.4427156,0.62247783,-0.59524975;-0.44923152,0.62247783,-0.59218064;-0.47767564,0.62247783,-0.57542207;-0.48372669,0.62247783,-0.57105442;-0.50562285,0.62247783,-0.55246306;-0.51702373,0.62247783,-0.53970897;-0.52594694,0.62247783,-0.52543167;-0.53955267,0.62247783,-0.49468312;-0.54972924,0.62247783,-0.46168717;-0.55679623,0.62247783,-0.42669463;-0.56294429,0.62247783,-0.37883025;-0.56652362,0.62247783,-0.33937159
-0.29805077,0.62247783,0.3006687;-0.30325349,0.62247783,0.28613212;-0.3038001,0.62247783,0.28419926;-0.30366147,0.62247783,0.28279318;-0.30243181,0.62247783,0.28028347;-0.29498237,0.62247783,0.26770694;-0.28635871,0.62247783,0.25786107;-0.28475706,0.62247783,0.2563666;-0.2804125,0.62247783,0.25381449;-0.26979062,0.62247783,0.24856221;-0.26624621,0.62247783,0.24714992;-0.25329712,0.62247783,0.24270327;-0.24637875,0.62247783,0.24119743;-0.23513493,0.62247783,0.23998477;-0.21494346,0.62247783,0.23972689;-0.21086305,0.62247783,0.23980509;-0.20760921,0.62247783,0.23998677;-0.19599472,0.62247783,0.24114189;-0.18722824,0.62247783,0.24288653;-0.18132596,0.62247783,0.24472778;-0.16831765,0.62247783,0.24962141;-0.16661918,0.62247783,0.25023659;-0.15459955,0.62247783,0.25463489;-0.14153189,0.62247783,0.26167232;-0.14013824,0.62247783,0.26256853;-0.13890505,0.62247783,0.26431851;-0.13137861,0.62247783,0.27670176;-0.12674875,0.62247783,0.28613582;-0.12525618,0.62247783,0.28904995;-0.12534559,0.62247783,0.29229392;-0.1291969,0.62247783,0.3074316;-0.13639534,0.62247783,0.31964893;-0.13832776,0.62247783,0.32193501;-0.14611726,0.62247783,0.32929697;-0.15536259,0.62247783,0.3355563;-0.15693996,0.62247783,0.33617188;-0.16636569,0.62247783,0.33754287;-0.17731655,0.62247783,0.34001258;-0.18374275,0.62247783,0.34109376;-0.19297145,0.62247783,0.34205553;-0.20573855,0.62247783,0.34270559;-0.20684818,0.62247783,0.34273989;-0.20801868,0.62247783,0.34258336;-0.2243924,0.62247783,0.33994438;-0.24001376,0.62247783,0.33681433;-0.24991904,0.62247783,0.33438662;-0.25570743,0.62247783,0.3325891;-0.25981237,0.62247783,0.33083791;-0.2741568,0.62247783,0.32333968;-0.28201113,0.62247783,0.31805305;-0.28903057,0.62247783,0.31237115;-0.29438682,0.62247783,0.30642383
-0.23520859,0.62247783,-0.25883002;-0.24003899,0.62247783,-0.2653214;-0.24273813,0.62247783,-0.27277966;-0.24306476,0.62247783,-0.28185548;-0.24143422,0.62247783,-0.29298677;-0.2408742,0.62247783,-0.29391966;-0.23119576,0.62247783,-0.30110572;-0.22821249,0.62247783,-0.30331193;-0.21982348,0.62247783,-0.31030274;-0.21794262,0.62247783,-0.31150586;-0.20594704,0.62247783,-0.31660974;-0.19283835,0.62247783,-0.3228128;-0.18566521,0.62247783,-0.32518741;-0.18050808,0.62247783,-0.32599842;-0.17187141,0.62247783,-0.3266512;-0.16860734,0.62247783,-0.32677182;-0.16724396,0.62247783,-0.32700024;-0.15529513,0.62247783,-0.32914307;-0.15202728,0.62247783,-0.32963182;-0.13973864,0.62247783,-0.33131256;-0.1349166,0.62247783,-0.33147583;-0.12234567,0.62247783,-0.33073362;-0.11870871,0.62247783,-0.33037889;-0.10741362,0.62247783,-0.32982918;-0.10191147,0.62247783,-0.32947769;-0.09345616,0.62247783,-0.32807404;-0.08256262,0.62247783,-0.32545016;-0.08083523,0.62247783,-0.32500498;-0.07698361,0.62247783,-0.3236659;-0.06914438,0.62247783,-0.31996359;-0.05917521,0.62247783,-0.31367677;-0.05772112,0.62247783,-0.31250656;-0.05750462,0.62247783,-0.31121681;-0.05711809,0.62247783,-0.3003684;-0.06131354,0.62247783,-0.28763477;-0.06869325,0.62247783,-0.27652484;-0.07100669,0.62247783,-0.27410573;-0.07883723,0.62247783,-0.26845607;-0.0875391,0.62247783,-0.26379748;-0.09504892,0.62247783,-0.26014292;-0.10245513,0.62247783,-0.25548602;-0.10521445,0.62247783,-0.25358116;-0.1135386,0.62247783,-0.24905592;-0.12106487,0.62247783,-0.24513423;-0.12704258,0.62247783,-0.2422696;-0.13302385,0.62247783,-0.24099865;-0.14577391,0.62247783,-0.23949961;-0.1519177,0.62247783,-0.2386108;-0.16204834,0.62247783,-0.23703623;-0.16998663,0.62247783,-0.23644656;-0.18435636,0.62247783,-0.23754131;-0.18622938,0.62247783,-0.23777109;-0.1901491,0.62247783,-0.23853018;-0.20071928,0.62247783,-0.24055278;-0.20503288,0.62247783,-0.24142968;-0.21524073,0.62247783,-0.24471588;-0.22204803,0.62247783,-0.24841198
0.28085429,0.62247783,0.2614848;0.28698308,0.62247783,0.26847161;0.28984043,0.62247783,0.27381729;0.2933975,0.62247783,0.28213733;0.29401377,0.62247783,0.28982958;0.29361394,0.62247783,0.29696701;0.29126844,0.62247783,0.30467789;0.28647299,0.62247783,0.30951473;0.27812161,0.62247783,0.31701337;0.27667042,0.62247783,0.31816406;0.26512112,0.62247783,0.32576577;0.26090687,0.62247783,0.32758498;0.25671292,0.62247783,0.32895776;0.24530248,0.62247783,0.33136426;0.23567474,0.62247783,0.3333056;0.22695067,0.62247783,0.33456456;0.21710937,0.62247783,0.33489961;0.21081366,0.62247783,0.33490419;0.2013839,0.62247783,0.33400059;0.1959181,0.62247783,0.33345809;0.1905584,0.62247783,0.33281303;0.1819037,0.62247783,0.33087538;0.1713779,0.62247783,0.32629013;0.16898903,0.62247783,0.32496485;0.15677587,0.62247783,0.31748877;0.15311567,0.62247783,0.3148675;0.14556034,0.62247783,0.3069765;0.14208573,0.62247783,0.30162027;0.13800607,0.62247783,0.28994497;0.13807072,0.62247783,0.28620558;0.14205546,0.62247783,0.27705541;0.14675347,0.62247783,0.27185724;0.15152135,0.62247783,0.2668288;0.15502988,0.62247783,0.26164577;0.1597055,0.62247783,0.25708752;0.17209755,0.62247783,0.25061872;0.17652624,0.62247783,0.24916209;0.18747971,0.62247783,0.24764061;0.20003131,0.62247783,0.24631152;0.20182725,0.62247783,0.24613768;0.20330786,0.62247783,0.24586715;0.21665621,0.62247783,0.24345599;0.23062271,0.62247783,0.24291473;0.24565709,0.62247783,0.24476915;0.25484055,0.62247783,0.24638401;0.25948602,0.62247783,0.24792564;0.27011829,0.62247783,0.25225427;0.27217734,0.62247783,0.25352277
0.21890845,0.62247783,-0.25412297;0.20228263,0.62247783,-0.2460959;0.19979852,0.62247783,-0.24467433;0.19776705,0.62247783,-0.24373595;0.18200335,0.62247783,-0.23639131;0.17671409,0.62247783,-0.2352655;0.15934228,0.62247783,-0.23447167;0.15436743,0.62247783,-0.23452336;0.1422357,0.62247783,-0.23645825;0.13412923,0.62247783,-0.23908571;0.1238327,0.62247783,-0.24363318;0.11555288,0.62247783,-0.24708749;0.10557681,0.62247783,-0.25356191;0.1037639,0.62247783,-0.25465284;0.10123945,0.62247783,-0.25557451;0.09047366,0.62247783,-0.25805642;0.08567938,0.62247783,-0.2587911;0.07130434,0.62247783,-0.26275224;0.06988622,0.62247783,-0.26347426;0.06532676,0.62247783,-0.26731289;0.05711227,0.62247783,-0.27535594;0.05264991,0.62247783,-0.2796958;0.04744131,0.62247783,-0.28770659;0.04442483,0.62247783,-0.29791975;0.04535538,0.62247783,-0.30757741;0.04687784,0.62247783,-0.31258062;0.04869522,0.62247783,-0.3143134;0.05326037,0.62247783,-0.31690187;0.06196269,0.62247783,-0.31971091;0.07124192,0.62247783,-0.319214;0.07698659,0.62247783,-0.31983968;0.08766344,0.62247783,-0.32286854;0.09425816,0.62247783,-0.32463904;0.10262821,0.62247783,-0.3262471;0.11273463,0.62247783,-0.32797227;0.12121994,0.62247783,-0.32899545;0.12698393,0.62247783,-0.32921925;0.12931801,0.62247783,-0.32908804;0.14078025,0.62247783,-0.32810882;0.14796377,0.62247783,-0.32740239;0.15618578,0.62247783,-0.32610276;0.16691065,0.62247783,-0.32518697;0.17076825,0.62247783,-0.32447987;0.1800456,0.62247783,-0.32123085;0.18704778,0.62247783,-0.31930197;0.19229974,0.62247783,-0.31856452;0.19740431,0.62247783,-0.31665978;0.2048948,0.62247783,-0.31435042;0.21541402,0.62247783,-0.31153257;0.21805019,0.62247783,-0.31046667;0.22812,0.62247783,-0.30519782;0.2300651,0.62247783,-0.30396866;0.2407557,0.62247783,-0.29691875;0.24188954,0.62247783,-0.29561621;0.24582643,0.62247783,-0.28494776;0.24558595,0.62247783,-0.27469976;0.24317546,0.62247783,-0.27011572;0.23818508,0.62247783,-0.26487354;0.23614811,0.62247783,-0.26344107;0.22683007,0.62247783,-0.25767029
-0.62247783,0.04457986,0.36442534;-0.62247783,0.04318876,0.36450326;-0.62247783,0.02766565,0.36565463;-0.62247783,0.01378159,0.36583295;-0.62247783,0.0115593,0.36592427;-0.62247783,0.00099376,0.36575929;-0.62247783,-0.01350785,0.36507645;-0.62247783,-0.01451633,0.36503431;-0.62247783,-0.0295077,0.36442939;-0.62247783,-0.03121806,0.36434171;-0.62247783,-0.04382427,0.36380588;-0.62247783,-0.0458243,0.36379947;-0.62247783,-0.05677594,0.363247;-0.62247783,-0.06386,0.36240279;-0.62247783,-0.07012698,0.36157117;-0.62247783,-0.07239712,0.36124833;-0.62247783,-0.08671438,0.3595732;-0.62247783,-0.08932327,0.35925969;-0.62247783,-0.10112353,0.35745385;-0.62247783,-0.10357945,0.35713699;-0.62247783,-0.11919941,0.35537266;-0.62247783,-0.1267487,0.35380891;-0.62247783,-0.13496022,0.35141019;-0.62247783,-0.14142063,0.34977319;-0.62247783,-0.15248904,0.34762256;-0.62247783,-0.15607556,0.34673825;-0.62247783,-0.16692024,0.34425371;-0.62247783,-0.17142338,0.34337518;-0.62247783,-0.18192306,0.34112247;-0.62247783,-0.18658392,0.3394423;-0.62247783,-0.19559762,0.3335689;-0.62247783,-0.1982565,0.33214391;-0.62247783,-0.20894686,0.32737507;-0.62247783,-0.21393932,0.32505148;-0.62247783,-0.22120797,0.31990944;-0.62247783,-0.23087379,0.31327718;-0.62247783,-0.23526234,0.30675134;-0.62247783,-0.23391066,0.29184239;-0.62247783,-0.23125066,0.28288188;-0.62247783,-0.22264511,0.27159182;-0.62247783,-0.22097308,0.27056345;-0.62247783,-0.210607,0.26770975;-0.62247783,-0.20435801,0.2649858;-0.62247783,-0.1935224,0.26286305;-0.62247783,-0.18063057,0.26024523;-0.62247783,-0.17793412,0.25996772;-0.62247783,-0.162343,0.25915095;-0.62247783,-0.15454853,0.25932425;-0.62247783,-0.14650068,0.2600636;-0.62247783,-0.13827755,0.2622976;-0.62247783,-0.13361427,0.26364806;-0.62247783,-0.12097557,0.26533151;-0.62247783,-0.11509084,0.26630538;-0.62247783,-0.0980428,0.26773038;-0.62247783,-0.0893676,0.26996803;-0.62247783,-0.08429892,0.27187206;-0.62247783,-0.08105652,0.27253217;-0.62247783,-0.06927571,0.27465699;-0.62247783,-0.06328951,0.27487271;-0.62247783,-0.05381664,0.27530598;-0.62247783,-0.03879731,0.27837455;-0.62247783,-0.03765555,0.27854434;-0.62247783,-0.02449249,0.2796309;-0.62247783,-0.02177243,0.27949562;-0.62247783,-0.00986131,0.27839277;-0.62247783,0.00340603,0.27946048;-0.62247783,0.0058492,0.27960311;-0.62247783,0.01188403,0.27977163;-0.62247783,0.01970571,0.2795815;-0.62247783,0.02177375,0.2792085;-0.62247783,0.03369156,0.27674936;-0.62247783,0.0482643,0.27650928;-0.62247783,0.04946064,0.27646322;-0.62247783,0.05196661,0.27612514;-0.62247783,0.06333926,0.27413036;-0.62247783,0.06685394,0.27310026;-0.62247783,0.07667039,0.27033265;-0.62247783,0.08783341,0.26968753;-0.62247783,0.09233587,0.26964476;-0.62247783,0.09717381,0.26907926;-0.62247783,0.1067172,0.26724445;-0.62247783,0.1212363,0.26326258;-0.62247783,0.13579078,0.2623781;-0.62247783,0.14536505,0.26201699;-0.62247783,0.15142133,0.26235489;-0.62247783,0.16602589,0.26138285;-0.62247783,0.17820523,0.25962984;-0.62247783,0.18077977,0.25933313;-0.62247783,0.18307041,0.25973035;-0.62247783,0.19807295,0.26290884;-0.62247783,0.20610487,0.2645203;-0.62247783,0.21685864,0.26839334;-0.62247783,0.22262066,0.27065285;-0.62247783,0.23412725,0.27569731;-0.62247783,0.23852772,0.27861796;-0.62247783,0.24243723,0.2852167;-0.62247783,0.24349228,0.29596624;-0.62247783,0.24343324,0.29908115;-0.62247783,0.24228408,0.30249619;-0.62247783,0.23805159,0.31153281;-0.62247783,0.23091692,0.31966806;-0.62247783,0.22932789,0.32099533;-0.62247783,0.21960042,0.32675194;-0.62247783,0.21443982,0.32990766;-0.62247783,0.20559091,0.33361004;-0.62247783,0.19968419,0.33615266;-0.62247783,0.19291721,0.33870408;-0.62247783,0.18368688,0.34220429;-0.62247783,0.17926162,0.34350627;-0.62247783,0.16671122,0.34686404;-0.62247783,0.16574171,0.34711052;-0.62247783,0.1521289,0.35059053;-0.62247783,0.13844038,0.35377027;-0.62247783,0.13417456,0.35473151;-0.62247783,0.12545862,0.35627708;-0.62247783,0.11904132,0.35698584;-0.62247783,0.11318683,0.35767897;-0.62247783,0.10441897,0.35880804;-0.62247783,0.09827108,0.35958295;-0.62247783,0.08854835,0.36124776;-0.62247783,0.07001283,0.3630432
-0.62247783,-0.00198665,-0.61088224;-0.62247783,-0.00475754,-0.61084111;-0.62247783,-0.01318682,-0.61186606;-0.62247783,-0.03535637,-0.61474566;-0.62247783,-0.04325922,-0.61544283;-0.62247783,-0.06806533,-0.61801158;-0.62247783,-0.0880395,-0.62151467;-0.62247783,-0.10072842,-0.62384096;-0.62247783,-0.13726901,-0.63039463;-0.62247783,-0.16833134,-0.63611825;-0.62247783,-0.19084271,-0.64059453;-0.62247783,-0.19798912,-0.64210086;-0.62247783,-0.20472024,-0.64354618;-0.62247783,-0.22552232,-0.64820426;-0.62247783,-0.24920803,-0.65243747;-0.62247783,-0.25630849,-0.65330391;-0.62247783,-0.28903176,-0.65561267;-0.62247783,-0.293591,-0.65597227;-0.62247783,-0.32959848,-0.659212;-0.62247783,-0.33674601,-0.65950323;-0.62247783,-0.36909999,-0.65842666;-0.62247783,-0.37373752,-0.6580098;-0.62247783,-0.40972076,-0.65294598;-0.62247783,-0.41508073,-0.65211354;-0.62247783,-0.43449626,-0.6476133;-0.62247783,-0.45049557,-0.64367686;-0.62247783,-0.45673541,-0.64175079;-0.62247783,-0.48458711,-0.63135234;-0.62247783,-0.49747947,-0.62536359;-0.62247783,-0.51764779,-0.61293195;-0.62247783,-0.5282959,-0.60394761;-0.62247783,-0.55139652,-0.57851219;-0.62247783,-0.57137058,-0.55137418;-0.62247783,-0.5840775,-0.52783652;-0.62247783,-0.58594172,-0.52041235;-0.62247783,-0.59006341,-0.48402956;-0.62247783,-0.59027681,-0.48077031;-0.62247783,-0.59123693,-0.44568865;-0.62247783,-0.59403182,-0.28384173;-0.62247783,-0.59470491,-0.25387826;-0.62247783,-0.5948838,-0.24626864;-0.62247783,-0.5959621,-0.2140696;-0.62247783,-0.59730017,-0.16553066;-0.62247783,-0.5985571,-0.13486633;-0.62247783,-0.59875453,-0.12549613;-0.62247783,-0.59906618,-0.09624879;-0.62247783,-0.59839617,-0.0095929;-0.62247783,-0.59703944,0.02030632;-0.62247783,-0.59693048,0.03219616;-0.62247783,-0.59758229,0.06038189;-0.62247783,-0.59745496,0.10814337;-0.62247783,-0.59685889,0.13864634;-0.62247783,-0.59620418,0.18620732;-0.62247783,-0.59557128,0.21721055;-0.62247783,-0.5953974,0.22482031;-0.62247783,-0.59430187,0.2570822;-0.62247783,-0.58863744,0.41914938;-0.62247783,-0.58561651,0.45181656;-0.62247783,-0.58391364,0.45733208;-0.62247783,-0.57910826,0.46235959;-0.62247783,-0.55612925,0.47895951;-0.62247783,-0.55060175,0.4819434;-0.62247783,-0.52277161,0.49880219;-0.62247783,-0.50335151,0.5211261;-0.62247783,-0.50152581,0.52292743;-0.62247783,-0.49834499,0.5243358;-0.62247783,-0.47315323,0.53151176;-0.62247783,-0.46740865,0.53249045;-0.62247783,-0.43816203,0.53621957;-0.62247783,-0.42691684,0.53713645;-0.62247783,-0.40128722,0.5392192;-0.62247783,-0.38615492,0.5400678;-0.62247783,-0.36310743,0.54176923;-0.62247783,-0.34468584,0.54265375;-0.62247783,-0.3261296,0.54389845;-0.62247783,-0.3051424,0.54489111;-0.62247783,-0.28756587,0.54627465;-0.62247783,-0.26517904,0.54716078;-0.62247783,-0.24965348,0.54786377;-0.62247783,-0.18420382,0.5491621;-0.62247783,-0.17039802,0.5495554;-0.62247783,-0.14467545,0.54993671;-0.62247783,-0.129684,0.55024111;-0.62247783,-0.10386342,0.55064979;-0.62247783,-0.08993042,0.55109299;-0.62247783,-0.06455539,0.55148911;-0.62247783,-0.0500587,0.55177219;-0.62247783,-0.02531797,0.55188913;-0.62247783,-0.01166086,0.55183037;-0.62247783,0.01357179,0.55184381;-0.62247783,0.02667771,0.55192428;-0.62247783,0.05160694,0.55176322;-0.62247783,0.06458503,0.55140481;-0.62247783,0.09043431,0.5508771;-0.62247783,0.10310534,0.55036272;-0.62247783,0.1299341,0.54973223;-0.62247783,0.14258459,0.54924662;-0.62247783,0.16937391,0.54866965;-0.62247783,0.18365418,0.54819136;-0.62247783,0.24964187,0.54684274;-0.62247783,0.26480053,0.5462244;-0.62247783,0.28819032,0.54549525;-0.62247783,0.304936,0.54451798;-0.62247783,0.32693347,0.54363899;-0.62247783,0.3450777,0.54243921;-0.62247783,0.36432551,0.54163466;-0.62247783,0.38478171,0.54041678;-0.62247783,0.40092839,0.5395982;-0.62247783,0.42428952,0.53763284;-0.62247783,0.43695548,0.53675215;-0.62247783,0.46822936,0.53368607;-0.62247783,0.4722838,0.53309375;-0.62247783,0.48289795,0.52936388;-0.62247783,0.49523647,0.52045317;-0.62247783,0.5039794,0.5085518;-0.62247783,0.51959571,0.49502403;-0.62247783,0.54093896,0.48570945;-0.62247783,0.54181392,0.48530245;-0.62247783,0.55063762,0.47973519;-0.62247783,0.56215323,0.4701454;-0.62247783,0.56689174,0.46493137;-0.62247783,0.58143257,0.4486851;-0.62247783,0.58853235,0.43657875;-0.62247783,0.59255458,0.41898998;-0.62247783,0.59279232,0.41600538;-0.62247783,0.59323086,0.38097999;-0.62247783,0.59416684,0.29664393;-0.62247783,0.59469762,0.26344101;-0.62247783,0.59480879,0.25659187;-0.62247783,0.59552143,0.22448469;-0.62247783,0.59644648,0.17854933;-0.62247783,0.59753206,0.14687954;-0.62247783,0.59774411,0.13847127;-0.62247783,0.59858836,0.106914;-0.62247783,0.59953389,0.05981057;-0.62247783,0.6005495,0.02824106;-0.62247783,0.60072992,0.02053319;-0.62247783,0.60143398,-0.00897071;-0.62247783,0.60145973,-0.01742734;-0.62247783,0.60097431,-0.04787571;-0.62247783,0.60078684,-0.05666815;-0.62247783,0.59967996,-0.08722795;-0.62247783,0.59941492,-0.09664704;-0.62247783,0.59840268,-0.12699538;-0.62247783,0.598166,-0.13633558;-0.62247783,0.59727654,-0.16674192;-0.62247783,0.59706434,-0.17651389;-0.62247783,0.59634648,-0.20538326;-0.62247783,0.59619005,-0.21359293;-0.62247783,0.59553513,-0.24393665;-0.62247783,0.59299629,-0.40726071;-0.62247783,0.59237705,-0.44089642;-0.62247783,0.59223548,-0.44596267;-0.62247783,0.59069632,-0.48065367;-0.62247783,0.5904367,-0.48418684;-0.62247783,0.58621276,-0.52128776;-0.62247783,0.58403162,-0.53031258;-0.62247783,0.57238995,-0.55196069;-0.62247783,0.55233442,-0.57895871;-0.62247783,0.52746559,-0.60551436;-0.62247783,0.51781405,-0.61382552;-0.62247783,0.4963085,-0.62772279;-0.62247783,0.48582877,-0.63277677;-0.62247783,0.47489156,-0.63679898;-0.62247783,0.45636023,-0.64284669;-0.62247783,0.43179482,-0.64850003;-0.62247783,0.42274136,-0.65028106;-0.62247783,0.39362001,-0.65508992;-0.62247783,0.36749879,-0.65736613;-0.62247783,0.36423064,-0.65753128;-0.62247783,0.33466149,-0.65789881;-0.62247783,0.32742895,-0.6575706;-0.62247783,0.29220058,-0.65623457;-0.62247783,0.24820691,-0.65111938;-0.62247783,0.21440665,-0.64680518;-0.62247783,0.18949269,-0.64113197;-0.62247783,0.17020559,-0.63765755;-0.62247783,0.1558608,-0.6350592;-0.62247783,0.13063881,-0.62891812;-0.62247783,0.12463031,-0.62741469;-0.62247783,0.12109341,-0.62673549;-0.62247783,0.09402064,-0.6216191;-0.62247783,0.07473014,-0.61804026;-0.62247783,0.06350021,-0.61643356;-0.62247783,0.03497722,-0.61336565;-0.62247783,0.03184961,-0.61308342
-0.29439736,-0.62247783,-0.65267537;-0.24824407,-0.62247783,-0.64740686;-0.22776592,-0.62247783,-0.64436017;-0.21273602,-0.62247783,-0.64167592;-0.15673274,-0.62247783,-0.62997799;-0.09281883,-0.62247783,-0.61755181;-0.07096605,-0.62247783,-0.6137956;-0.05961744,-0.62247783,-0.61239794;-0.02996583,-0.62247783,-0.61015539;0.0064666,-0.62247783,-0.60886313;0.04016301,-0.62247783,-0.60951098;0.04272481,-0.62247783,-0.60967905;0.07295626,-0.62247783,-0.61322341;0.10534767,-0.62247783,-0.61860575;0.13351594,-0.62247783,-0.62429445;0.16779892,-0.62247783,-0.63113568;0.1738825,-0.62247783,-0.63231428;0.18940137,-0.62247783,-0.63630171;0.20380858,-0.62247783,-0.63964848;0.21411059,-0.62247783,-0.64159751;0.23081395,-0.62247783,-0.64424509;0.24693194,-0.62247783,-0.64740139;0.26242366,-0.62247783,-0.64954348;0.29024426,-0.62247783,-0.65189649;0.29824671,-0.62247783,-0.65273969;0.3295362,-0.62247783,-0.65673399;0.33237006,-0.62247783,-0.65686593;0.36326561,-0.62247783,-0.65619368;0.37451746,-0.62247783,-0.65595842;0.39302626,-0.62247783,-0.65537836;0.41514766,-0.62247783,-0.65317437;0.42213635,-0.62247783,-0.65203839;0.43715035,-0.62247783,-0.64911663;0.45367387,-0.62247783,-0.64570134;0.46260797,-0.62247783,-0.64277685;0.50261735,-0.62247783,-0.62697296;0.51823979,-0.62247783,-0.61884692;0.53389482,-0.62247783,-0.60714116;0.55302676,-0.62247783,-0.58915764;0.55883324,-0.62247783,-0.58304873;0.56760591,-0.62247783,-0.57137921;0.57805597,-0.62247783,-0.55534468;0.58471344,-0.62247783,-0.54068594;0.58880566,-0.62247783,-0.52241934;0.58903365,-0.62247783,-0.52046833;0.59159781,-0.62247783,-0.48478049;0.5918163,-0.62247783,-0.48029261;0.5930313,-0.62247783,-0.44642533;0.59315463,-0.62247783,-0.44047567;0.59353282,-0.62247783,-0.40768934;0.59382335,-0.62247783,-0.32297931;0.59374176,-0.62247783,-0.29059168;0.59383792,-0.62247783,-0.28261816;0.59481476,-0.62247783,-0.25273251;0.59598695,-0.62247783,-0.20399122;0.59682875,-0.62247783,-0.1769201;0.59728976,-0.62247783,-0.16571179;0.59946544,-0.62247783,-0.13593456;0.59992283,-0.62247783,-0.12483029;0.60086066,-0.62247783,-0.09525482;0.60090754,-0.62247783,-0.08493611;0.6003142,-0.62247783,-0.0580018;0.60024914,-0.62247783,-0.04720839;0.60041732,-0.62247783,-0.01747764;0.59963044,-0.62247783,0.1085559;0.59890344,-0.62247783,0.13715431;0.59817073,-0.62247783,0.18755624;0.59760867,-0.62247783,0.21520257;0.59403573,-0.62247783,0.42158056;0.59245038,-0.62247783,0.45136881;0.59170155,-0.62247783,0.45736371;0.58608635,-0.62247783,0.47631583;0.58047521,-0.62247783,0.4820297;0.55264227,-0.62247783,0.4905396;0.54475509,-0.62247783,0.49325615;0.52828681,-0.62247783,0.50465135;0.51948684,-0.62247783,0.52363004;0.51725288,-0.62247783,0.53979301;0.51778371,-0.62247783,0.55780613;0.52596654,-0.62247783,0.57483405;0.54110135,-0.62247783,0.58551182;0.54572593,-0.62247783,0.58802523;0.56076714,-0.62247783,0.59890711;0.56453657,-0.62247783,0.60570844;0.56936511,-0.62247783,0.62220264;0.57102516,-0.62247783,0.6387258;0.56925599,-0.62247783,0.66061048;0.56609915,-0.62247783,0.67163742;0.55262594,-0.62247783,0.69823314;0.53175751,-0.62247783,0.72442136;0.51617194,-0.62247783,0.73742782;0.50599216,-0.62247783,0.74377118;0.48031998,-0.62247783,0.75476326;0.451778,-0.62247783,0.76425185;0.44508514,-0.62247783,0.7657589;0.41841256,-0.62247783,0.76916265;0.40506589,-0.62247783,0.76962161;0.38119445,-0.62247783,0.76851222;0.36855707,-0.62247783,0.76700126;0.33794482,-0.62247783,0.7615177;0.33356502,-0.62247783,0.76052895;0.32415383,-0.62247783,0.75729737;0.30145456,-0.62247783,0.7484751;0.27138797,-0.62247783,0.73402987;0.24290627,-0.62247783,0.71717339;0.21551469,-0.62247783,0.69824045;0.21181561,-0.62247783,0.69539569;0.18929125,-0.62247783,0.67675694;0.13634318,-0.62247783,0.63166955;0.10937228,-0.62247783,0.60999456;0.08885807,-0.62247783,0.59518534;0.08146127,-0.62247783,0.59022832;0.07214515,-0.62247783,0.58542899;0.05051499,-0.62247783,0.57675162;0.02320057,-0.62247783,0.56963663;0.01625665,-0.62247783,0.56897417;-0.01474246,-0.62247783,0.57098973;-0.02487575,-0.62247783,0.57312555;-0.04727601,-0.62247783,0.58187134;-0.07731803,-0.62247783,0.59761095;-0.10584523,-0.62247783,0.61633146;-0.16148826,-0.62247783,0.6570952;-0.17041727,-0.62247783,0.66376057;-0.18866896,-0.62247783,0.67770207;-0.21304948,-0.62247783,0.69550748;-0.21593694,-0.62247783,0.69749805;-0.24403521,-0.62247783,0.71530023;-0.26355871,-0.62247783,0.72624851;-0.27331098,-0.62247783,0.73101335;-0.30431369,-0.62247783,0.74332799;-0.3317663,-0.62247783,0.75214881;-0.33670016,-0.62247783,0.75333099;-0.37209677,-0.62247783,0.75942111;-0.3743137,-0.62247783,0.75965684;-0.41232309,-0.62247783,0.76135824;-0.4143253,-0.62247783,0.76138058;-0.42123694,-0.62247783,0.76047304;-0.44894958,-0.62247783,0.75601077;-0.45852262,-0.62247783,0.75373114;-0.47886115,-0.62247783,0.74758673;-0.49802083,-0.62247783,0.73962917;-0.50529096,-0.62247783,0.73545883;-0.52716535,-0.62247783,0.7184439;-0.52848375,-0.62247783,0.71715868;-0.5423681,-0.62247783,0.69909509;-0.55912378,-0.62247783,0.66991735;-0.55953122,-0.62247783,0.66883354;-0.56479595,-0.62247783,0.64078645;-0.56505995,-0.62247783,0.6310987;-0.56267944,-0.62247783,0.62181243;-0.55852523,-0.62247783,0.6083241;-0.55061715,-0.62247783,0.59466509;-0.53698544,-0.62247783,0.58815915;-0.52232562,-0.62247783,0.57521514;-0.51569837,-0.62247783,0.55841011;-0.51566855,-0.62247783,0.54369685;-0.51646222,-0.62247783,0.52730667;-0.51886834,-0.62247783,0.51176414;-0.52790597,-0.62247783,0.50023297;-0.54711979,-0.62247783,0.49201741;-0.58001039,-0.62247783,0.48204063;-0.58612656,-0.62247783,0.4766495;-0.59232025,-0.62247783,0.45834858;-0.59317393,-0.62247783,0.45200143;-0.59475955,-0.62247783,0.42150809;-0.59788993,-0.62247783,0.25461243;-0.59844573,-0.62247783,0.22559442;-0.59982533,-0.62247783,0.13657672;-0.60038333,-0.62247783,0.10760883;-0.6005606,-0.62247783,0.09694979;-0.60119841,-0.62247783,0.06944983;-0.60196174,-0.62247783,0.02096148;-0.60242293,-0.62247783,-0.00713313;-0.60240416,-0.62247783,-0.0164367;-0.60179149,-0.62247783,-0.04601861;-0.60093962,-0.62247783,-0.09660948;-0.6002307,-0.62247783,-0.12620757;-0.59991259,-0.62247783,-0.13680033;-0.59836692,-0.62247783,-0.16661316;-0.59805093,-0.62247783,-0.17649505;-0.59725555,-0.62247783,-0.20498766;-0.59702315,-0.62247783,-0.21400532;-0.59596883,-0.62247783,-0.24348681;-0.59576787,-0.62247783,-0.25216408;-0.59511181,-0.62247783,-0.28314911;-0.5922103,-0.62247783,-0.44618384;-0.59133451,-0.62247783,-0.48048707;-0.59115358,-0.62247783,-0.48456058;-0.58857234,-0.62247783,-0.52065;-0.5883885,-0.62247783,-0.52216944;-0.58462626,-0.62247783,-0.5364794;-0.57571027,-0.62247783,-0.55396978;-0.55668074,-0.62247783,-0.58176198;-0.55276476,-0.62247783,-0.58638059;-0.53260604,-0.62247783,-0.60631729;-0.51877195,-0.62247783,-0.61678296;-0.49681197,-0.62247783,-0.62932426;-0.48630721,-0.62247783,-0.63439949;-0.47474019,-0.62247783,-0.63880375;-0.45713839,-0.62247783,-0.64462634;-0.42862063,-0.62247783,-0.65218252;-0.42592513,-0.62247783,-0.65284559;-0.42420388,-0.62247783,-0.65302482;-0.38471718,-0.62247783,-0.65578712;-0.38074324,-0.62247783,-0.65591764;-0.33488298,-0.62247783,-0.655293
0.62247783,-0.20459883,0.27503805;0.62247783,-0.21000867,0.27762245;0.62247783,-0.21658449,0.27995535;0.62247783,-0.22247492,0.28073988;0.62247783,-0.22797695,0.28745114;0.62247783,-0.2343073,0.30068627;0.62247783,-0.23504818,0.30645939;0.62247783,-0.23174018,0.30977681;0.62247783,-0.22169562,0.31573591;0.62247783,-0.22042462,0.31652217;0.62247783,-0.21041082,0.32307223;0.62247783,-0.20942101,0.32364106;0.62247783,-0.19675215,0.33099898;0.62247783,-0.1951048,0.33203312;0.62247783,-0.18530198,0.33870106;0.62247783,-0.18213976,0.34001461;0.62247783,-0.17231106,0.34290294;0.62247783,-0.168125,0.3439522;0.62247783,-0.16661554,0.34429003;0.62247783,-0.15643368,0.34691528;0.62247783,-0.15251563,0.34834598;0.62247783,-0.14087308,0.35241379;0.62247783,-0.13763216,0.35369294;0.62247783,-0.12695206,0.35816918;0.62247783,-0.12413864,0.3590512;0.62247783,-0.10807398,0.36231963;0.62247783,-0.10023849,0.36393072;0.62247783,-0.09430042,0.36533479;0.62247783,-0.08462048,0.36741934;0.62247783,-0.07878586,0.36876147;0.62247783,-0.06956655,0.37115461;0.62247783,-0.06422076,0.37232266;0.62247783,-0.05536243,0.37348313;0.62247783,-0.0496472,0.37402373;0.62247783,-0.04255912,0.37458338;0.62247783,-0.0357711,0.37527841;0.62247783,-0.02622371,0.37601976;0.62247783,-0.02005422,0.37636152;0.62247783,-0.01079606,0.37709676;0.62247783,-0.00485001,0.37738173;0.62247783,0.00350778,0.37726308;0.62247783,0.01686484,0.37665528;0.62247783,0.02347277,0.37631283;0.62247783,0.03323758,0.37553494;0.62247783,0.0391189,0.37477559;0.62247783,0.05433721,0.37310951;0.62247783,0.06820671,0.37105471;0.62247783,0.08197777,0.36829713;0.62247783,0.09188232,0.36613934;0.62247783,0.09741434,0.36468102;0.62247783,0.12153508,0.35922169;0.62247783,0.12535974,0.35826896;0.62247783,0.13464585,0.35537376;0.62247783,0.13841646,0.35413042;0.62247783,0.15137858,0.35004561;0.62247783,0.15253946,0.34960868;0.62247783,0.16463892,0.34509969;0.62247783,0.16616233,0.34458264;0.62247783,0.17154483,0.34314751;0.62247783,0.18004141,0.34059807;0.62247783,0.18198791,0.33990805;0.62247783,0.1926506,0.33463242;0.62247783,0.1940828,0.33395536;0.62247783,0.20506515,0.32873113;0.62247783,0.21015516,0.32621022;0.62247783,0.22042782,0.31784317;0.62247783,0.23065527,0.31066971;0.62247783,0.23391345,0.30809687;0.62247783,0.23649243,0.30187286;0.62247783,0.23775092,0.29681597;0.62247783,0.2385455,0.28621161;0.62247783,0.23858324,0.28212541;0.62247783,0.23756665,0.28038722;0.62247783,0.23647859,0.27990771;0.62247783,0.21923796,0.2740124;0.62247783,0.20301729,0.2689627;0.62247783,0.20003606,0.26849121;0.62247783,0.19502599,0.26847646;0.62247783,0.18238014,0.27002306;0.62247783,0.17122973,0.27218889;0.62247783,0.15474061,0.27485899;0.62247783,0.15182257,0.27512111;0.62247783,0.13734286,0.27450112;0.62247783,0.12829188,0.2755976;0.62247783,0.12522369,0.27609159;0.62247783,0.1185403,0.27720834;0.62247783,0.11021341,0.27848736;0.62247783,0.1088366,0.27864611;0.62247783,0.10702427,0.27865462;0.62247783,0.09304571,0.27916084;0.62247783,0.07761556,0.27919773;0.62247783,0.0637279,0.28161456;0.62247783,0.05507136,0.28224539;0.62247783,0.04887591,0.28229872;0.62247783,0.04264897,0.28148698;0.62247783,0.03373783,0.28089832;0.62247783,0.02636581,0.28167982;0.62247783,0.01957943,0.28237955;0.62247783,0.0042393,0.28186306;0.62247783,-0.01031216,0.28099062;0.62247783,-0.02488458,0.28154476;0.62247783,-0.03764477,0.28102009;0.62247783,-0.03970072,0.28091825;0.62247783,-0.04337683,0.28022848;0.62247783,-0.05473326,0.27868606;0.62247783,-0.07038198,0.2782973;0.62247783,-0.07898978,0.27735796;0.62247783,-0.0869327,0.27654394;0.62247783,-0.09797857,0.27358613;0.62247783,-0.10103101,0.27290707;0.62247783,-0.11029616,0.27194739;0.62247783,-0.11793886,0.27159925;0.62247783,-0.1193555,0.27149772;0.62247783,-0.12464642,0.27157408;0.62247783,-0.13558316,0.27164701;0.62247783,-0.14006748,0.27090987;0.62247783,-0.15032267,0.26738363;0.62247783,-0.15405024,0.26645376;0.62247783,-0.16372289,0.2652178;0.62247783,-0.17353358,0.26511986;0.62247783,-0.17775511,0.26572641;0.62247783,-0.18550841,0.26782155;0.62247783,-0.19814515,0.27164842
0.62247783,0.155965,-0.63626094;0.62247783,0.18849586,-0.64314978;0.62247783,0.21650449,-0.64969311;0.62247783,0.22105814,-0.65033814;0.62247783,0.24999955,-0.65252518;0.62247783,0.2574144,-0.65335192;0.62247783,0.29492914,-0.65867256;0.62247783,0.29859293,-0.6589269;0.62247783,0.33647595,-0.65851012;0.62247783,0.38195712,-0.6584702;0.62247783,0.38476231,-0.65832983;0.62247783,0.40067729,-0.6554562;0.62247783,0.42161755,-0.65098153;0.62247783,0.42526164,-0.65031856;0.62247783,0.43106048,-0.64864676;0.62247783,0.45554002,-0.64165113;0.62247783,0.48533974,-0.63101114;0.62247783,0.49385803,-0.62721339;0.62247783,0.51870019,-0.61307882;0.62247783,0.52984085,-0.60461698;0.62247783,0.55264724,-0.58212889;0.62247783,0.55417396,-0.58033936;0.62247783,0.57353899,-0.55262722;0.62247783,0.58506037,-0.53132994;0.62247783,0.58803272,-0.52193395;0.62247783,0.58815389,-0.52090882;0.62247783,0.5907247,-0.48431141;0.62247783,0.59088132,-0.48073981;0.62247783,0.5917327,-0.44591202;0.62247783,0.59444997,-0.28362788;0.62247783,0.59514688,-0.25175082;0.62247783,0.59537923,-0.24391356;0.62247783,0.59692373,-0.2126952;0.62247783,0.59726353,-0.20455665;0.62247783,0.59874358,-0.17612303;0.62247783,0.59910583,-0.16618573;0.62247783,0.60029966,-0.13605315;0.62247783,0.60051378,-0.12646273;0.62247783,0.60101845,-0.09498988;0.62247783,0.60147149,-0.04663022;0.62247783,0.60176042,-0.01716249;0.62247783,0.60170058,-0.00825366;0.62247783,0.6009197,0.02157432;0.62247783,0.598946,0.10799845;0.62247783,0.59758128,0.13994197;0.62247783,0.59737143,0.1478237;0.62247783,0.59673969,0.17813466;0.62247783,0.59601155,0.22456819;0.62247783,0.59509819,0.25708881;0.62247783,0.5938195,0.34233395;0.62247783,0.59331147,0.3752923;0.62247783,0.59327583,0.38098995;0.62247783,0.59329496,0.41694955;0.62247783,0.59310755,0.41928525;0.62247783,0.58879702,0.43492903;0.62247783,0.57998755,0.4486209;0.62247783,0.56606896,0.46263146;0.62247783,0.55869634,0.47009181;0.62247783,0.54124217,0.48437135;0.62247783,0.54024515,0.48501598;0.62247783,0.51993352,0.49440249;0.62247783,0.50328628,0.50856461;0.62247783,0.49552117,0.51864674;0.62247783,0.48136928,0.52913942;0.62247783,0.47232397,0.53262301;0.62247783,0.46873244,0.53320825;0.62247783,0.43696841,0.53703306;0.62247783,0.42543188,0.53799525;0.62247783,0.40117059,0.54025189;0.62247783,0.38585043,0.54108305;0.62247783,0.36459047,0.54231581;0.62247783,0.34573489,0.54311286;0.62247783,0.32813766,0.54432433;0.62247783,0.30652228,0.54524694;0.62247783,0.28808403,0.54641396;0.62247783,0.26572801,0.5471543;0.62247783,0.25016353,0.54777375;0.62247783,0.2258978,0.54820329;0.62247783,0.21061538,0.5484661;0.62247783,0.18419673,0.54881821;0.62247783,0.17015163,0.549194;0.62247783,0.14315917,0.54977652;0.62247783,0.13033653,0.55036074;0.62247783,0.10349661,0.55094303;0.62247783,0.09086336,0.55128757;0.62247783,0.06446665,0.55161435;0.62247783,0.05248887,0.55178535;0.62247783,-0.05052336,0.55201694;0.62247783,-0.06428729,0.5519491;0.62247783,-0.09021735,0.55168497;0.62247783,-0.10330599,0.5513042;0.62247783,-0.17041232,0.55026634;0.62247783,-0.18407546,0.54988169;0.62247783,-0.25000835,0.54864119;0.62247783,-0.2642033,0.54813994;0.62247783,-0.2868739,0.54735383;0.62247783,-0.30404269,0.54608843;0.62247783,-0.32485632,0.54508521;0.62247783,-0.34414621,0.54365228;0.62247783,-0.36268914,0.54266986;0.62247783,-0.38529507,0.54083112;0.62247783,-0.40052506,0.53993024;0.62247783,-0.42637149,0.53779089;0.62247783,-0.43723374,0.53689349;0.62247783,-0.46609614,0.53319694;0.62247783,-0.47168972,0.53224352;0.62247783,-0.49844362,0.52483602;0.62247783,-0.50062518,0.52395686;0.62247783,-0.5020755,0.522445;0.62247783,-0.52237796,0.49877647;0.62247783,-0.55089244,0.48100237;0.62247783,-0.55473712,0.47881647;0.62247783,-0.57179135,0.46615547;0.62247783,-0.58043795,0.45651698;0.62247783,-0.5847519,0.4469253;0.62247783,-0.5902893,0.42066553;0.62247783,-0.5905299,0.41829348;0.62247783,-0.59180579,0.38134838;0.62247783,-0.59429762,0.25755588;0.62247783,-0.59512999,0.22545106;0.62247783,-0.59529094,0.21776786;0.62247783,-0.59601854,0.18774883;0.62247783,-0.59689343,0.13976306;0.62247783,-0.5976324,0.10969336;0.62247783,-0.59778806,0.10044701;0.62247783,-0.59829719,0.07053033;0.62247783,-0.59821904,0.06144638;0.62247783,-0.59709556,0.03285224;0.62247783,-0.59707038,0.02101543;0.62247783,-0.59803488,-0.00737951;0.62247783,-0.59876435,-0.09585868;0.62247783,-0.59848331,-0.1243893;0.62247783,-0.59828569,-0.13411745;0.62247783,-0.59705439,-0.16494484;0.62247783,-0.5967767,-0.17438662;0.62247783,-0.59579839,-0.20424504;0.62247783,-0.59556118,-0.21271545;0.62247783,-0.59445642,-0.24395478;0.62247783,-0.59429355,-0.2515891;0.62247783,-0.59381011,-0.28250032;0.62247783,-0.59167956,-0.44595598;0.62247783,-0.59091235,-0.48070281;0.62247783,-0.59075561,-0.48434322;0.62247783,-0.5881632,-0.5208855;0.62247783,-0.58803709,-0.52193766;0.62247783,-0.58499452,-0.53146718;0.62247783,-0.57340108,-0.55253398;0.62247783,-0.55378972,-0.5801332;0.62247783,-0.55260292,-0.58151313;0.62247783,-0.52925096,-0.60441472;0.62247783,-0.51787602,-0.61306581;0.62247783,-0.49777909,-0.62452281;0.62247783,-0.48260623,-0.63146364;0.62247783,-0.45777438,-0.64033248;0.62247783,-0.44899736,-0.64279714;0.62247783,-0.43524594,-0.64626955;0.62247783,-0.41589835,-0.65102598;0.62247783,-0.40764072,-0.6524346;0.62247783,-0.37267945,-0.65638098;0.62247783,-0.33709887,-0.65761934;0.62247783,-0.29592088,-0.65564776;0.62247783,-0.29245155,-0.65540435;0.62247783,-0.2571747,-0.65249918;0.62247783,-0.25529423,-0.65232969;0.62247783,-0.2227264,-0.64915536;0.62247783,-0.21983203,-0.64870547;0.62247783,-0.1927378,-0.64236335;0.62247783,-0.18620476,-0.64111242;0.62247783,-0.16523338,-0.63741703;0.62247783,-0.13529636,-0.63154567;0.62247783,-0.08926951,-0.62366396;0.62247783,-0.06654722,-0.61989012;0.62247783,-0.04390441,-0.61756869;0.62247783,-0.03317453,-0.61700884;0.62247783,-0.00131678,-0.6151469;0.62247783,0.03119902,-0.61579261;0.62247783,0.03528431,-0.61604001;0.62247783,0.06297534,-0.6190876;0.62247783,0.07794753,-0.62121023;0.62247783,0.09314783,-0.62375152;0.62247783,0.12300495,-0.62871485;0.62247783,0.12475189,-0.62905541
0.49963637,0.62247783,0.75271795;0.51015471,0.62247783,0.74593454;0.51645533,0.62247783,0.74222242;0.53427733,0.62247783,0.72732029;0.54762871,0.62247783,0.71420191;0.55284747,0.62247783,0.70780049;0.55879772,0.62247783,0.6969025;0.56819058,0.62247783,0.67530638;0.57126891,0.62247783,0.66388154;0.57296113,0.62247783,0.64594799;0.57143104,0.62247783,0.62822289;0.56616892,0.62247783,0.61250493;0.56430216,0.62247783,0.60815868;0.55389297,0.62247783,0.59283854;0.53715084,0.62247783,0.58594442;0.52345689,0.62247783,0.57454496;0.51722365,0.62247783,0.55818238;0.51753873,0.62247783,0.54002803;0.52022973,0.62247783,0.52398223;0.52943376,0.62247783,0.50669161;0.54894563,0.62247783,0.49440214;0.55573621,0.62247783,0.49202827;0.58156561,0.62247783,0.48406591;0.58668205,0.62247783,0.47896959;0.59299268,0.62247783,0.45882382;0.59380512,0.62247783,0.45242351;0.59507197,0.62247783,0.422431;0.59808662,0.62247783,0.21598704;0.59853985,0.62247783,0.18864389;0.59870706,0.62247783,0.17682684;0.59927674,0.62247783,0.14852289;0.59940472,0.62247783,0.13762702;0.59968445,0.62247783,0.1093573;0.5986137,0.62247783,-0.13631614;0.59789892,0.62247783,-0.16481943;0.59765079,0.62247783,-0.17524692;0.59666625,0.62247783,-0.20297182;0.5955985,0.62247783,-0.25219757;0.59486549,0.62247783,-0.28244817;0.59240988,0.62247783,-0.44632269;0.59162514,0.62247783,-0.48031831;0.59143829,0.62247783,-0.48473032;0.58893264,0.62247783,-0.52044293;0.58870196,0.62247783,-0.52236837;0.58439715,0.62247783,-0.54056328;0.57729144,0.62247783,-0.55493382;0.55829839,0.62247783,-0.58268161;0.55259181,0.62247783,-0.5893858;0.53434578,0.62247783,-0.60740245;0.51853934,0.62247783,-0.61955621;0.50500156,0.62247783,-0.62708555;0.48604346,0.62247783,-0.63476358;0.45471354,0.62247783,-0.6444343;0.43465154,0.62247783,-0.6492419;0.42169188,0.62247783,-0.65219556;0.41592373,0.62247783,-0.65307117;0.39442051,0.62247783,-0.6546676;0.37634217,0.62247783,-0.65448838;0.36566541,0.62247783,-0.65451098;0.3340638,0.62247783,-0.65455866;0.2928016,0.62247783,-0.65086496;0.26396629,0.62247783,-0.64850838;0.24764907,0.62247783,-0.64675026;0.23238961,0.62247783,-0.64433875;0.21240564,0.62247783,-0.64153597;0.20408719,0.62247783,-0.63994366;0.19179886,0.62247783,-0.63671045;0.17399699,0.62247783,-0.63155517;0.16834394,0.62247783,-0.6304092;0.13636605,0.62247783,-0.62458411;0.13427514,0.62247783,-0.62417015;0.10685098,0.62247783,-0.61832324;0.07410218,0.62247783,-0.61321655;0.04031843,0.62247783,-0.61059454;0.02425682,0.62247783,-0.6093535;0.01009661,0.62247783,-0.60939674;-0.07256573,0.62247783,-0.61640253;-0.09158688,0.62247783,-0.61901858;-0.15490464,0.62247783,-0.63116099;-0.21201665,0.62247783,-0.6429668;-0.22488814,0.62247783,-0.64539855;-0.24879043,0.62247783,-0.64998423;-0.25585735,0.62247783,-0.65107733;-0.29437927,0.62247783,-0.65568569;-0.29639429,0.62247783,-0.65584656;-0.33546946,0.62247783,-0.65763575;-0.38024888,0.62247783,-0.65769304;-0.38138187,0.62247783,-0.65762877;-0.42272562,0.62247783,-0.65240446;-0.45725551,0.62247783,-0.64561329;-0.47247858,0.62247783,-0.64131923;-0.48689982,0.62247783,-0.6364873;-0.50014758,0.62247783,-0.63007459;-0.51887249,0.62247783,-0.61870856;-0.53379458,0.62247783,-0.60695923;-0.55277726,0.62247783,-0.587897;-0.55752369,0.62247783,-0.58226141;-0.57645686,0.62247783,-0.55443439;-0.58451542,0.62247783,-0.5383627;-0.58853244,0.62247783,-0.52226093;-0.58873838,0.62247783,-0.52055714;-0.59130362,0.62247783,-0.48465063;-0.59149033,0.62247783,-0.48039693;-0.59233813,0.62247783,-0.44628251;-0.59505272,0.62247783,-0.28307925;-0.59561758,0.62247783,-0.25208819;-0.59578178,0.62247783,-0.24355892;-0.59665601,0.62247783,-0.21311844;-0.59788551,0.62247783,-0.16594621;-0.59912336,0.62247783,-0.13586353;-0.59947855,0.62247783,-0.12512286;-0.60071967,0.62247783,-0.09601529;-0.60091755,0.62247783,-0.08658393;-0.60120862,0.62247783,-0.0568459;-0.60111957,0.62247783,0.0301975;-0.60081589,0.62247783,0.05961542;-0.60033501,0.62247783,0.10913841;-0.59965858,0.62247783,0.13896393;-0.59946936,0.62247783,0.14984412;-0.59887071,0.62247783,0.17752498;-0.59868878,0.62247783,0.18926278;-0.59818459,0.62247783,0.21628523;-0.59803266,0.62247783,0.22677171;-0.59750684,0.62247783,0.25557699;-0.59463101,0.62247783,0.42199476;-0.59315326,0.62247783,0.45230447;-0.59230068,0.62247783,0.4587934;-0.58608813,0.62247783,0.47763427;-0.58050169,0.62247783,0.48252658;-0.54702783,0.62247783,0.49236467;-0.52786897,0.62247783,0.50036539;-0.51906209,0.62247783,0.51141097;-0.51678322,0.62247783,0.52712626;-0.51627118,0.62247783,0.54366811;-0.51698173,0.62247783,0.55796918;-0.52555819,0.62247783,0.5747523;-0.54170304,0.62247783,0.58591858;-0.54582928,0.62247783,0.58834084;-0.55742813,0.62247783,0.59854501;-0.56267264,0.62247783,0.61017246;-0.56634023,0.62247783,0.62265344;-0.56709899,0.62247783,0.63650787;-0.56366288,0.62247783,0.66380289;-0.56210287,0.62247783,0.66878848;-0.54878315,0.62247783,0.69481475;-0.53042873,0.62247783,0.71909574;-0.52300166,0.62247783,0.72564039;-0.5049367,0.62247783,0.737645;-0.48619364,0.62247783,0.74674771;-0.47864985,0.62247783,0.74957479;-0.44866901,0.62247783,0.7574746;-0.41577818,0.62247783,0.76311624;-0.40970807,0.62247783,0.76353702;-0.37817486,0.62247783,0.76287243;-0.37104952,0.62247783,0.76206018;-0.33596108,0.62247783,0.75497247;-0.30303987,0.62247783,0.74531273;-0.27190481,0.62247783,0.73306512;-0.25805977,0.62247783,0.72614329;-0.24281395,0.62247783,0.71725804;-0.21510941,0.62247783,0.69884722;-0.21052033,0.62247783,0.69549273;-0.18833343,0.62247783,0.6782823;-0.17036594,0.62247783,0.66359686;-0.16178808,0.62247783,0.65658426;-0.10790769,0.62247783,0.61257277;-0.0853899,0.62247783,0.59511537;-0.0806032,0.62247783,0.59163525;-0.07389483,0.62247783,0.5878552;-0.05026026,0.62247783,0.57656663;-0.02082466,0.62247783,0.56561217;-0.01802843,0.62247783,0.56504423;0.01568439,0.62247783,0.56326187;0.0200311,0.62247783,0.56374168;0.05214702,0.62247783,0.57367033;0.06982917,0.62247783,0.58183675;0.08201003,0.62247783,0.58915835;0.08999834,0.62247783,0.59512408;0.10913533,0.62247783,0.61035523;0.13545376,0.62247783,0.63328605;0.1872362,0.62247783,0.68022182;0.20463503,0.62247783,0.6953365;0.21311736,0.62247783,0.70212098;0.24037604,0.62247783,0.7211955;0.26863517,0.62247783,0.73799898;0.29877892,0.62247783,0.75250668;0.31165889,0.62247783,0.75751622;0.33039071,0.62247783,0.7636185;0.33836868,0.62247783,0.76541165;0.36512782,0.62247783,0.76946819;0.39943539,0.62247783,0.77224757;0.41601107,0.62247783,0.77202339;0.44034217,0.62247783,0.76889;0.47414203,0.62247783,0.76213344;0.48674388,0.62247783,0.75848177
-0.62247783,0.01820397,0.3434149;-0.62247783,0.01050162,0.34376452;-0.62247783,0.00338921,0.34413179;-0.62247783,-0.00280603,0.34257143;-0.62247783,-0.01280931,0.34129159;-0.62247783,-0.0202425,0.34204483;-0.62247783,-0.0257748,0.34226208;-0.62247783,-0.04429306,0.34082152;-0.62247783,-0.05057998,0.3407728;-0.62247783,-0.05646499,0.33830893;-0.62247783,-0.06550315,0.33635595;-0.62247783,-0.07517588,0.3370015;-0.62247783,-0.07800615,0.33685434;-0.62247783,-0.09468689,0.3334021;-0.62247783,-0.10452812,0.3324688;-0.62247783,-0.11185924,0.32669544;-0.62247783,-0.11776682,0.32416011;-0.62247783,-0.12689091,0.32517188;-0.62247783,-0.12956592,0.32542789;-0.62247783,-0.13081794,0.3250588;-0.62247783,-0.13382704,0.3230798;-0.62247783,-0.14066695,0.31788166;-0.62247783,-0.14819183,0.31386797;-0.62247783,-0.15645959,0.3166355;-0.62247783,-0.15904333,0.31694133;-0.62247783,-0.15957138,0.31657266;-0.62247783,-0.15904763,0.31537195;-0.62247783,-0.15260618,0.30264261;-0.62247783,-0.15161224,0.30046726;-0.62247783,-0.14952687,0.29923627;-0.62247783,-0.14652411,0.29811148;-0.62247783,-0.13397207,0.29313926;-0.62247783,-0.12678831,0.29064208;-0.62247783,-0.12048966,0.28975328;-0.62247783,-0.11512181,0.29000437;-0.62247783,-0.10601268,0.29178754;-0.62247783,-0.09922792,0.29350663;-0.62247783,-0.09038277,0.29520903;-0.62247783,-0.08236727,0.2958935;-0.62247783,-0.07462162,0.29614264;-0.62247783,-0.06327697,0.29669774;-0.62247783,-0.06086639,0.29690294;-0.62247783,-0.04791644,0.29882212;-0.62247783,-0.04613068,0.29903704;-0.62247783,-0.03143507,0.29962721;-0.62247783,-0.02821613,0.29956242;-0.62247783,-0.02300925,0.29940784;-0.62247783,-0.00231275,0.29907247;-0.62247783,0.00065315,0.29921023;-0.62247783,0.0107406,0.29903742;-0.62247783,0.01645915,0.29913887;-0.62247783,0.01832576,0.29895722;-0.62247783,0.03351084,0.29705286;-0.62247783,0.04380816,0.29541006;-0.62247783,0.04755496,0.29538288;-0.62247783,0.05460548,0.29516694;-0.62247783,0.06256628,0.29557856;-0.62247783,0.06689323,0.29510142;-0.62247783,0.0804501,0.29294205;-0.62247783,0.09312988,0.29084592;-0.62247783,0.10721693,0.29143687;-0.62247783,0.11979439,0.29039659;-0.62247783,0.1213917,0.29019655;-0.62247783,0.13780849,0.28748045;-0.62247783,0.13872143,0.28759639;-0.62247783,0.15436964,0.29394496;-0.62247783,0.15906864,0.29614386;-0.62247783,0.16426655,0.3028365;-0.62247783,0.16649208,0.30898061;-0.62247783,0.16589449,0.31515877;-0.62247783,0.1635261,0.31670192;-0.62247783,0.16062373,0.3168427;-0.62247783,0.15210573,0.31359554;-0.62247783,0.15027848,0.31280122;-0.62247783,0.14857663,0.31355181;-0.62247783,0.14511549,0.3164376;-0.62247783,0.13873833,0.32201722;-0.62247783,0.13734155,0.3230432;-0.62247783,0.12675148,0.32977123;-0.62247783,0.12454931,0.33095606;-0.62247783,0.11453386,0.33717447;-0.62247783,0.11226876,0.33792646;-0.62247783,0.11011439,0.3377332;-0.62247783,0.10013412,0.33447526;-0.62247783,0.09808415,0.3341487;-0.62247783,0.09341975,0.33565531;-0.62247783,0.08533494,0.33870359;-0.62247783,0.08231846,0.33933624;-0.62247783,0.07169404,0.34061197;-0.62247783,0.06855164,0.34113351;-0.62247783,0.0577114,0.34270097;-0.62247783,0.04869562,0.34113932;-0.62247783,0.04181495,0.34094063;-0.62247783,0.03317071,0.3424433;-0.62247783,0.02837895,0.34306146
-0.62247783,0.19007047,-0.67498512;-0.62247783,0.17264032,-0.670018;-0.62247783,0.14483152,-0.66431363;-0.62247783,0.14142463,-0.66361722;-0.62247783,0.09895077,-0.6548722;-0.62247783,0.08079131,-0.65170486;-0.62247783,0.0555717,-0.64723999;-0.62247783,0.0506307,-0.64660978;-0.62247783,0.01453863,-0.64443515;-0.62247783,0.00813687,-0.64420671;-0.62247783,-0.00605843,-0.64474663;-0.62247783,-0.02447803,-0.64534602;-0.62247783,-0.03281079,-0.64598151;-0.62247783,-0.05361211,-0.64709882;-0.62247783,-0.06622456,-0.64867043;-0.62247783,-0.08729557,-0.65283491;-0.62247783,-0.13052621,-0.6607512;-0.62247783,-0.16036233,-0.66653996;-0.62247783,-0.17825343,-0.67036791;-0.62247783,-0.20483747,-0.67652808;-0.62247783,-0.23129211,-0.68218215;-0.62247783,-0.23971447,-0.6838822;-0.62247783,-0.27172273,-0.69044589;-0.62247783,-0.27416909,-0.69095343;-0.62247783,-0.27525556,-0.69111496;-0.62247783,-0.31023613,-0.69596646;-0.62247783,-0.31951874,-0.69709092;-0.62247783,-0.36120212,-0.70050274;-0.62247783,-0.38806675,-0.70091334;-0.62247783,-0.42233055,-0.70085886;-0.62247783,-0.43484367,-0.70007865;-0.62247783,-0.44895472,-0.69824826;-0.62247783,-0.47550765,-0.69387944;-0.62247783,-0.48529049,-0.69120759;-0.62247783,-0.52080355,-0.67758464;-0.62247783,-0.55165814,-0.66238029;-0.62247783,-0.55638079,-0.65890736;-0.62247783,-0.57868285,-0.63319531;-0.62247783,-0.59123232,-0.60203121;-0.62247783,-0.59269043,-0.59567866;-0.62247783,-0.59680138,-0.56614117;-0.62247783,-0.59772284,-0.55514187;-0.62247783,-0.59968633,-0.52859358;-0.62247783,-0.60028913,-0.51475611;-0.62247783,-0.60134153,-0.49035252;-0.62247783,-0.60167368,-0.47480016;-0.62247783,-0.60204495,-0.45169093;-0.62247783,-0.60387707,-0.27821846;-0.62247783,-0.60417367,-0.25850478;-0.62247783,-0.60442365,-0.24010512;-0.62247783,-0.60494931,-0.2189258;-0.62247783,-0.60604039,-0.16021731;-0.62247783,-0.6066551,-0.14004495;-0.62247783,-0.6069017,-0.1204918;-0.62247783,-0.60703729,-0.10125269;-0.62247783,-0.60647685,-0.00409208;-0.62247783,-0.60582179,0.01559146;-0.62247783,-0.60570725,0.03679529;-0.62247783,-0.60603143,0.05534036;-0.62247783,-0.6059579,0.1135361;-0.62247783,-0.60567657,0.13359933;-0.62247783,-0.60515066,0.19166651;-0.62247783,-0.60485088,0.21205949;-0.62247783,-0.60461478,0.2304463;-0.62247783,-0.60412698,0.25168815;-0.62247783,-0.60034999,0.42514975;-0.62247783,-0.59881127,0.45211652;-0.62247783,-0.59740601,0.4641609;-0.62247783,-0.59182068,0.48275658;-0.62247783,-0.58352141,0.48947279;-0.62247783,-0.57729226,0.49138639;-0.62247783,-0.5466403,0.49792827;-0.62247783,-0.52798907,0.50649959;-0.62247783,-0.51473914,0.52239357;-0.62247783,-0.50814929,0.53203011;-0.62247783,-0.4979655,0.53580961;-0.62247783,-0.47929437,0.54032196;-0.62247783,-0.4625166,0.54221789;-0.62247783,-0.44333706,0.54411378;-0.62247783,-0.42253061,0.54520265;-0.62247783,-0.40566953,0.54623835;-0.62247783,-0.38223956,0.54709891;-0.62247783,-0.36706978,0.54794385;-0.62247783,-0.34146545,0.54876376;-0.62247783,-0.32925117,0.54937415;-0.62247783,-0.30195941,0.55024367;-0.62247783,-0.2903836,0.55091897;-0.62247783,-0.26216837,0.55166813;-0.62247783,-0.25195105,0.55200283;-0.62247783,-0.18190752,0.55297693;-0.62247783,-0.17282578,0.55316437;-0.62247783,-0.14240749,0.55347206;-0.62247783,-0.1325478,0.55362078;-0.62247783,-0.10206501,0.55395227;-0.62247783,-0.09289984,0.55416606;-0.62247783,-0.06271005,0.55448816;-0.62247783,-0.05317569,0.55462505;-0.62247783,-0.02340194,0.5547218;-0.62247783,-0.01442053,0.55469468;-0.62247783,0.01567694,0.55470519;-0.62247783,0.02429621,0.5547422;-0.62247783,0.05419313,0.55461005;-0.62247783,0.06273007,0.55443899;-0.62247783,0.09323036,0.5540155;-0.62247783,0.10156718,0.55376929;-0.62247783,0.13271105,0.55326879;-0.62247783,0.14103384,0.55303576;-0.62247783,0.17215221,0.55257894;-0.62247783,0.18154684,0.55235073;-0.62247783,0.25194473,0.55134225;-0.62247783,0.26191896,0.5510476;-0.62247783,0.29079832,0.55044025;-0.62247783,0.30181956,0.54996363;-0.62247783,0.3297801,0.54920781;-0.62247783,0.34172347,0.54862064;-0.62247783,0.36787464,0.54789057;-0.62247783,0.38133673,0.54729246;-0.62247783,0.40544091,0.54649611;-0.62247783,0.42082557,0.54553186;-0.62247783,0.44260188,0.54457874;-0.62247783,0.46321636,0.5430837;-0.62247783,0.47901374,0.54175254;-0.62247783,0.49846006,0.53832524;-0.62247783,0.50548611,0.53585136;-0.62247783,0.5091884,0.52858754;-0.62247783,0.51614363,0.51241919;-0.62247783,0.5251511,0.50312301;-0.62247783,0.53898748,0.49781238;-0.62247783,0.54884556,0.4957448;-0.62247783,0.56656853,0.49163938;-0.62247783,0.58697387,0.49189946;-0.62247783,0.59326204,0.49062878;-0.62247783,0.59483763,0.48670804;-0.62247783,0.60045128,0.46151537;-0.62247783,0.6015964,0.45070391;-0.62247783,0.6030596,0.4252979;-0.62247783,0.60339949,0.40996638;-0.62247783,0.6034589,0.38683159;-0.62247783,0.6039618,0.29111076;-0.62247783,0.60418463,0.26925629;-0.62247783,0.60434762,0.25135546;-0.62247783,0.60469295,0.23023757;-0.62247783,0.60546278,0.17323787;-0.62247783,0.60599246,0.1524068;-0.62247783,0.60628279,0.13348335;-0.62247783,0.60669538,0.11272844;-0.62247783,0.60748248,0.05496162;-0.62247783,0.60797981,0.03419736;-0.62247783,0.60824207,0.01573449;-0.62247783,0.60859069,-0.00367012;-0.62247783,0.60862626,-0.02262647;-0.62247783,0.60838337,-0.04265131;-0.62247783,0.60812812,-0.06182764;-0.62247783,0.60757547,-0.08192809;-0.62247783,0.60723011,-0.10151576;-0.62247783,0.60672697,-0.12147625;-0.62247783,0.60641803,-0.14101294;-0.62247783,0.6059768,-0.1610108;-0.62247783,0.6057096,-0.1808323;-0.62247783,0.60535932,-0.19981889;-0.62247783,0.60514816,-0.21861367;-0.62247783,0.60484677,-0.238571;-0.62247783,0.60305823,-0.41296745;-0.62247783,0.60278223,-0.43509334;-0.62247783,0.60255439,-0.45182461;-0.62247783,0.60195366,-0.47471317;-0.62247783,0.60155395,-0.4904486;-0.62247783,0.60047274,-0.51468599;-0.62247783,0.59987308,-0.52869373;-0.62247783,0.59800068,-0.55511487;-0.62247783,0.59716763,-0.56635236;-0.62247783,0.59365805,-0.59601494;-0.62247783,0.59257936,-0.60282517;-0.62247783,0.58412508,-0.63658685;-0.62247783,0.58300535,-0.6384748;-0.62247783,0.5571385,-0.659669;-0.62247783,0.52342425,-0.6822155;-0.62247783,0.52194929,-0.68315149;-0.62247783,0.52019897,-0.68369231;-0.62247783,0.48732428,-0.69328956;-0.62247783,0.48013387,-0.69491776;-0.62247783,0.45327783,-0.6988504;-0.62247783,0.44610101,-0.69961734;-0.62247783,0.436959,-0.70065638;-0.62247783,0.40826957,-0.70356595;-0.62247783,0.38434063,-0.70349395;-0.62247783,0.36505451,-0.70362957;-0.62247783,0.34378015,-0.70240763;-0.62247783,0.31993364,-0.69898536;-0.62247783,0.30885302,-0.69727688;-0.62247783,0.27576995,-0.69255246;-0.62247783,0.27357021,-0.69220723;-0.62247783,0.23712182,-0.68618675;-0.62247783,0.23272546,-0.68540948;-0.62247783,0.20308896,-0.67882544
-0.44492465,-0.62247783,-0.70051645;-0.43667386,-0.62247783,-0.70129646;-0.40850247,-0.62247783,-0.70197614;-0.36484392,-0.62247783,-0.70024253;-0.35598785,-0.62247783,-0.69948102;-0.32062973,-0.62247783,-0.69534078;-0.2972763,-0.62247783,-0.69172615;-0.27985333,-0.62247783,-0.68885696;-0.27566675,-0.62247783,-0.68808225;-0.24241944,-0.62247783,-0.68121697;-0.23160728,-0.62247783,-0.67884151;-0.14301984,-0.62247783,-0.65811535;-0.10863839,-0.62247783,-0.65053935;-0.07700015,-0.62247783,-0.64463304;-0.05060287,-0.62247783,-0.6408412;-0.04321771,-0.62247783,-0.64019414;-0.01405698,-0.62247783,-0.63892813;0.02226164,-0.62247783,-0.63763067;0.03135187,-0.62247783,-0.63772496;0.0546902,-0.62247783,-0.6390608;0.06453492,-0.62247783,-0.63998899;0.07036513,-0.62247783,-0.64093488;0.09586486,-0.62247783,-0.64573632;0.11481931,-0.62247783,-0.64917162;0.12772954,-0.62247783,-0.65197509;0.1396866,-0.62247783,-0.65507648;0.15358751,-0.62247783,-0.65854667;0.17396248,-0.62247783,-0.66193025;0.18100375,-0.62247783,-0.66362167;0.20012612,-0.62247783,-0.66930708;0.21339925,-0.62247783,-0.67216572;0.23171765,-0.62247783,-0.6767676;0.24264205,-0.62247783,-0.67959457;0.27209258,-0.62247783,-0.68595532;0.27687441,-0.62247783,-0.68682419;0.31430048,-0.62247783,-0.69384076;0.34481316,-0.62247783,-0.69836048;0.3518733,-0.62247783,-0.6991658;0.37592523,-0.62247783,-0.70110173;0.3864546,-0.62247783,-0.70195324;0.40717382,-0.62247783,-0.70280433;0.42132871,-0.62247783,-0.70220876;0.43309891,-0.62247783,-0.70087412;0.45060753,-0.62247783,-0.69898347;0.45190978,-0.62247783,-0.69880612;0.48409488,-0.62247783,-0.69365121;0.52079728,-0.62247783,-0.68519048;0.53022428,-0.62247783,-0.68143147;0.55317965,-0.62247783,-0.66792707;0.56146325,-0.62247783,-0.66232978;0.58512062,-0.62247783,-0.64266227;0.58802877,-0.62247783,-0.63904598;0.58828905,-0.62247783,-0.6378818;0.59394111,-0.62247783,-0.60367274;0.59482338,-0.62247783,-0.59595519;0.59789056,-0.62247783,-0.56678004;0.59869456,-0.62247783,-0.55481457;0.60046533,-0.62247783,-0.52903889;0.60106802,-0.62247783,-0.5143593;0.60209256,-0.62247783,-0.49075672;0.60248881,-0.62247783,-0.47440816;0.60304504,-0.62247783,-0.45211386;0.60324352,-0.62247783,-0.43480477;0.6034149,-0.62247783,-0.41324136;0.60361889,-0.62247783,-0.31734261;0.6035752,-0.62247783,-0.29604281;0.60371207,-0.62247783,-0.27740449;0.60418964,-0.62247783,-0.25774701;0.60513906,-0.62247783,-0.19890453;0.60554589,-0.62247783,-0.18109826;0.60608571,-0.62247783,-0.16034139;0.60718019,-0.62247783,-0.14074143;0.60772601,-0.62247783,-0.12005402;0.60819447,-0.62247783,-0.1005991;0.60824825,-0.62247783,-0.0804211;0.60794905,-0.62247783,-0.06270459;0.60786526,-0.62247783,-0.04221299;0.6079422,-0.62247783,-0.02265833;0.60736278,-0.62247783,0.11380418;0.60702468,-0.62247783,0.13261856;0.60645316,-0.62247783,0.19254871;0.60619165,-0.62247783,0.210743;0.60364065,-0.62247783,0.42679204;0.60292238,-0.62247783,0.44644715;0.60173158,-0.62247783,0.46337586;0.5982354,-0.62247783,0.48345967;0.59460678,-0.62247783,0.49137212;0.5812656,-0.62247783,0.49557159;0.55628791,-0.62247783,0.4995034;0.5417836,-0.62247783,0.50252765;0.53065042,-0.62247783,0.50919507;0.52549359,-0.62247783,0.52177459;0.52289458,-0.62247783,0.54637195;0.52314268,-0.62247783,0.55820956;0.52875508,-0.62247783,0.56897162;0.53948961,-0.62247783,0.57472593;0.55206111,-0.62247783,0.57763333;0.56773893,-0.62247783,0.58131786;0.58783449,-0.62247783,0.58211136;0.59266723,-0.62247783,0.58319302;0.59344871,-0.62247783,0.58621132;0.59555176,-0.62247783,0.61273168;0.59592011,-0.62247783,0.65603739;0.59422957,-0.62247783,0.68514858;0.59322401,-0.62247783,0.69038566;0.58144449,-0.62247783,0.72118643;0.56315346,-0.62247783,0.7454028;0.55180935,-0.62247783,0.75217731;0.54715273,-0.62247783,0.75418867;0.52194417,-0.62247783,0.76698634;0.50179653,-0.62247783,0.78349331;0.48779557,-0.62247783,0.79054169;0.47123364,-0.62247783,0.79536536;0.46826419,-0.62247783,0.79571431;0.43583833,-0.62247783,0.7971021;0.3909448,-0.62247783,0.79713643;0.35754053,-0.62247783,0.79599593;0.35263666,-0.62247783,0.79563836;0.31573181,-0.62247783,0.79099765;0.31322177,-0.62247783,0.79043226;0.28298162,-0.62247783,0.77974733;0.26509021,-0.62247783,0.77163781;0.25233893,-0.62247783,0.76499353;0.24082956,-0.62247783,0.75752814;0.22448337,-0.62247783,0.7462565;0.19821894,-0.62247783,0.7257077;0.172411,-0.62247783,0.70407463;0.16324751,-0.62247783,0.6960461;0.12069103,-0.62247783,0.65920365;0.10913677,-0.62247783,0.64984217;0.09308681,-0.62247783,0.63870184;0.06377675,-0.62247783,0.62165465;0.04898929,-0.62247783,0.61515534;0.03158427,-0.62247783,0.61044353;0.00547777,-0.62247783,0.60725581;-0.00554809,-0.62247783,0.60765918;-0.03011384,-0.62247783,0.61260044;-0.05189781,-0.62247783,0.61979614;-0.06197278,-0.62247783,0.62461438;-0.09116286,-0.62247783,0.64213226;-0.11376362,-0.62247783,0.65731217;-0.12298535,-0.62247783,0.66417653;-0.14613647,-0.62247783,0.68267434;-0.16277998,-0.62247783,0.69597844;-0.17251749,-0.62247783,0.70386829;-0.19896637,-0.62247783,0.7243776;-0.20227018,-0.62247783,0.72678845;-0.22620868,-0.62247783,0.74344386;-0.2491003,-0.62247783,0.75766107;-0.25461912,-0.62247783,0.76094856;-0.26012426,-0.62247783,0.76346022;-0.28609547,-0.62247783,0.77416559;-0.31904559,-0.62247783,0.7849578;-0.34355059,-0.62247783,0.79105225;-0.35437564,-0.62247783,0.79288162;-0.35573121,-0.62247783,0.79294794;-0.39254606,-0.62247783,0.79346974;-0.44795526,-0.62247783,0.79185201;-0.4666791,-0.62247783,0.78945923;-0.47754005,-0.62247783,0.78686844;-0.49279179,-0.62247783,0.78069591;-0.50134874,-0.62247783,0.77261457;-0.51912256,-0.62247783,0.76032587;-0.54230933,-0.62247783,0.75188219;-0.54584787,-0.62247783,0.75061438;-0.55975815,-0.62247783,0.74344985;-0.56657238,-0.62247783,0.73715844;-0.57919673,-0.62247783,0.72066445;-0.58979788,-0.62247783,0.70001635;-0.59276869,-0.62247783,0.69027729;-0.59293308,-0.62247783,0.68825428;-0.5933013,-0.62247783,0.65753246;-0.59060002,-0.62247783,0.61784527;-0.58557728,-0.62247783,0.59779289;-0.58160002,-0.62247783,0.59179376;-0.56793052,-0.62247783,0.58126365;-0.55463358,-0.62247783,0.57780279;-0.53737271,-0.62247783,0.57580424;-0.52651023,-0.62247783,0.56901845;-0.52172984,-0.62247783,0.55851737;-0.52163094,-0.62247783,0.54883322;-0.52242706,-0.62247783,0.52361838;-0.52371163,-0.62247783,0.51322356;-0.52954721,-0.62247783,0.50575597;-0.54212227,-0.62247783,0.50097891;-0.59053791,-0.62247783,0.48758005;-0.59624593,-0.62247783,0.48181855;-0.60137402,-0.62247783,0.46334955;-0.60306955,-0.62247783,0.44656343;-0.60386782,-0.62247783,0.4265107;-0.60632286,-0.62247783,0.25001311;-0.60659599,-0.62247783,0.23093163;-0.60763928,-0.62247783,0.13223311;-0.60790657,-0.62247783,0.11318334;-0.60811396,-0.62247783,0.09277991;-0.60842109,-0.62247783,0.07469404;-0.60903602,-0.62247783,0.01601543;-0.6092615,-0.62247783,-0.00246114;-0.60923773,-0.62247783,-0.02197503;-0.60893575,-0.62247783,-0.04143031;-0.60825021,-0.62247783,-0.10149154;-0.60790482,-0.62247783,-0.12095776;-0.60751949,-0.62247783,-0.14131553;-0.60674652,-0.62247783,-0.16092936;-0.60634871,-0.62247783,-0.18081923;-0.60595947,-0.62247783,-0.19955897;-0.6056538,-0.62247783,-0.21888315;-0.60513512,-0.62247783,-0.2382746;-0.60487004,-0.62247783,-0.25737597;-0.60456918,-0.62247783,-0.277756;-0.60253926,-0.62247783,-0.45196942;-0.60215331,-0.62247783,-0.47454096;-0.60181063,-0.62247783,-0.49061702;-0.60079407,-0.62247783,-0.51449749;-0.600199,-0.62247783,-0.52888509;-0.59838355,-0.62247783,-0.55491177;-0.59753904,-0.62247783,-0.56657721;-0.59412882,-0.62247783,-0.59585143;-0.59302549,-0.62247783,-0.60312708;-0.5849024,-0.62247783,-0.63717051;-0.58331324,-0.62247783,-0.64021829;-0.56043455,-0.62247783,-0.6616618;-0.55399926,-0.62247783,-0.66612547;-0.52236697,-0.62247783,-0.68340249;-0.51898951,-0.62247783,-0.68474041;-0.48952097,-0.62247783,-0.69267561
0.62247783,-0.02888194,0.29786897;0.62247783,-0.04601769,0.29853297;0.62247783,-0.0475613,0.29847479;0.62247783,-0.06083759,0.29698289;0.62247783,-0.06326168,0.29687738;0.62247783,-0.07414477,0.29714419;0.62247783,-0.08332062,0.29772217;0.62247783,-0.0892309,0.29792601;0.62247783,-0.10196022,0.29709425;0.62247783,-0.1047161,0.29680454;0.62247783,-0.11530426,0.2963708;0.62247783,-0.11966954,0.29748872;0.62247783,-0.12343359,0.29749009;0.62247783,-0.13127196,0.3008981;0.62247783,-0.13614715,0.30572655;0.62247783,-0.13542549,0.31326412;0.62247783,-0.1311875,0.32341506;0.62247783,-0.12999646,0.32519997;0.62247783,-0.1289914,0.32568542;0.62247783,-0.12633662,0.32549785;0.62247783,-0.11857825,0.32465327;0.62247783,-0.11423068,0.32860493;0.62247783,-0.10965376,0.3382666;0.62247783,-0.10744174,0.34031749;0.62247783,-0.10530047,0.34085001;0.62247783,-0.09372409,0.34204888;0.62247783,-0.09152836,0.34260343;0.62247783,-0.08086027,0.34657202;0.62247783,-0.07423276,0.34838718;0.62247783,-0.06656934,0.34959586;0.62247783,-0.0599258,0.35351601;0.62247783,-0.05394975,0.35551637;0.62247783,-0.04969141,0.35606011;0.62247783,-0.04034714,0.35617572;0.62247783,-0.02690236,0.35761163;0.62247783,-0.01761611,0.3580749;0.62247783,-0.01162429,0.35792552;0.62247783,-0.00606814,0.35968363;0.62247783,0.00180503,0.36052644;0.62247783,0.00746092,0.36025707;0.62247783,0.01570022,0.35861549;0.62247783,0.02191037,0.35794864;0.62247783,0.0294991,0.35693999;0.62247783,0.03752447,0.35538908;0.62247783,0.04471647,0.35370652;0.62247783,0.05190261,0.35469901;0.62247783,0.05816511,0.35438239;0.62247783,0.06257319,0.35327942;0.62247783,0.07139875,0.34885177;0.62247783,0.0750226,0.34736179;0.62247783,0.08520564,0.34288569;0.62247783,0.08845998,0.34098331;0.62247783,0.09406584,0.33571313;0.62247783,0.09723552,0.33286649;0.62247783,0.10040834,0.33243489;0.62247783,0.10423382,0.33458899;0.62247783,0.11008988,0.33777465;0.62247783,0.11233817,0.33791176;0.62247783,0.11400803,0.33689448;0.62247783,0.11759048,0.33119133;0.62247783,0.11942283,0.32535597;0.62247783,0.12260518,0.31322507;0.62247783,0.12313891,0.3112604;0.62247783,0.12291282,0.30981055;0.62247783,0.12180097,0.3092135;0.62247783,0.12087866,0.30904677;0.62247783,0.10753222,0.30695635;0.62247783,0.09640995,0.30321608;0.62247783,0.09187682,0.30243841;0.62247783,0.07634501,0.30231999;0.62247783,0.07090351,0.30236035;0.62247783,0.06075028,0.30238281;0.62247783,0.05086066,0.30133695;0.62247783,0.0466317,0.30074804;0.62247783,0.0337861,0.29958879;0.62247783,0.02385963,0.29927607;0.62247783,0.01892594,0.29927751;0.62247783,0.01716427,0.2993202;0.62247783,0.00980092,0.29928256;0.62247783,0.00074256,0.29932415;0.62247783,-0.00168831,0.29908665;0.62247783,-0.01285178,0.29814225
0.62247783,0.50911753,0.52911565;0.62247783,0.50574128,0.53573246;0.62247783,0.49928128,0.53794476;0.62247783,0.47906711,0.54147727;0.62247783,0.46356783,0.54287579;0.62247783,0.44260989,0.54472083;0.62247783,0.42158152,0.54580368;0.62247783,0.40559909,0.54690792;0.62247783,0.38203989,0.54773319;0.62247783,0.36804909,0.54833893;0.62247783,0.34215615,0.54906742;0.62247783,0.33057175,0.54965788;0.62247783,0.30286372,0.55045789;0.62247783,0.29072754,0.55103244;0.62247783,0.26252864,0.55166669;0.62247783,0.25228907,0.5519686;0.62247783,0.22282956,0.55232694;0.62247783,0.21277878,0.55245677;0.62247783,0.18190239,0.55274306;0.62247783,0.17266422,0.55292628;0.62247783,0.14141257,0.55339082;0.62247783,0.13297463,0.55367128;0.62247783,0.10182332,0.55413365;0.62247783,0.09351347,0.55429864;0.62247783,0.06265146,0.55455498;0.62247783,0.05477332,0.55463274;0.62247783,-0.05348139,0.55480069;0.62247783,-0.06253341,0.55477025;0.62247783,-0.09308848,0.55456396;0.62247783,-0.1016991,0.55438553;0.62247783,-0.17283489,0.55362514;0.62247783,-0.18182307,0.55344518;0.62247783,-0.25218641,0.55253344;0.62247783,-0.26152531,0.55229654;0.62247783,-0.28992967,0.55163694;0.62247783,-0.30123497,0.55102076;0.62247783,-0.32841233,0.55013905;0.62247783,-0.34111189,0.54943401;0.62247783,-0.36679313,0.54852529;0.62247783,-0.38167536,0.54761322;0.62247783,-0.40516702,0.54670207;0.62247783,-0.42216962,0.54563702;0.62247783,-0.44272027,0.54454699;0.62247783,-0.46163407,0.54265963;0.62247783,-0.4782948,0.54074646;0.62247783,-0.49691918,0.5361638;0.62247783,-0.50727788,0.53224725;0.62247783,-0.51395463,0.52227933;0.62247783,-0.52725824,0.50567654;0.62247783,-0.54585354,0.49553341;0.62247783,-0.55562003,0.49283022;0.62247783,-0.57598989,0.48793261;0.62247783,-0.58983166,0.48047404;0.62247783,-0.59620981,0.46456294;0.62247783,-0.59804334,0.45324543;0.62247783,-0.60105496,0.42606523;0.62247783,-0.60178561,0.4112916;0.62247783,-0.60232505,0.38696589;0.62247783,-0.60405913,0.25198898;0.62247783,-0.60444138,0.23086949;0.62247783,-0.6046655,0.21242395;0.62247783,-0.60501555,0.19268068;0.62247783,-0.60572623,0.13433272;0.62247783,-0.60608631,0.11455628;0.62247783,-0.60628878,0.09508118;0.62247783,-0.60654288,0.07540411;0.62247783,-0.60643351,0.05604075;0.62247783,-0.60586194,0.03722564;0.62247783,-0.60582199,0.0160549;0.62247783,-0.6062833,-0.00263077;0.62247783,-0.60684757,-0.1009968;0.62247783,-0.60672051,-0.11976292;0.62247783,-0.60647341,-0.1395526;0.62247783,-0.60585839,-0.15983072;0.62247783,-0.60549825,-0.17943248;0.62247783,-0.6050154,-0.19907094;0.62247783,-0.60468859,-0.21803488;0.62247783,-0.60414206,-0.23858231;0.62247783,-0.60390786,-0.25699786;0.62247783,-0.6036872,-0.27732858;0.62247783,-0.60220137,-0.45181892;0.62247783,-0.60186475,-0.47468156;0.62247783,-0.60153512,-0.49047017;0.62247783,-0.60048715,-0.51464378;0.62247783,-0.59987165,-0.52870529;0.62247783,-0.59790215,-0.55504481;0.62247783,-0.59695827,-0.56624012;0.62247783,-0.59282972,-0.59562042;0.62247783,-0.59133684,-0.60211064;0.62247783,-0.57861844,-0.6338185;0.62247783,-0.55657942,-0.65943474;0.62247783,-0.5518743,-0.66321421;0.62247783,-0.52632297,-0.67791649;0.62247783,-0.51967619,-0.68075182;0.62247783,-0.49644869,-0.68719166;0.62247783,-0.48315115,-0.69062672;0.62247783,-0.47901089,-0.69147723;0.62247783,-0.4520575,-0.69666852;0.62247783,-0.44844652,-0.69740579;0.62247783,-0.43328507,-0.69981575;0.62247783,-0.41851861,-0.70007257;0.62247783,-0.41179634,-0.70022922;0.62247783,-0.39418542,-0.70151385;0.62247783,-0.38086105,-0.70147357;0.62247783,-0.35959972,-0.70045947;0.62247783,-0.31940424,-0.69615704;0.62247783,-0.27757328,-0.69006303;0.62247783,-0.26359143,-0.68763348;0.62247783,-0.23864048,-0.68309673;0.62247783,-0.23363274,-0.68220397;0.62247783,-0.20027246,-0.67538796;0.62247783,-0.19334315,-0.67383865;0.62247783,-0.15953631,-0.66658384;0.62247783,-0.11821582,-0.65868736;0.62247783,-0.08661613,-0.65287117;0.62247783,-0.06602369,-0.64903105;0.62247783,-0.05256507,-0.64740424;0.62247783,-0.03339523,-0.64660105;0.62247783,-0.02368966,-0.64602678;0.62247783,-0.00077749,-0.64516241;0.62247783,0.01062769,-0.64465305;0.62247783,0.01599749,-0.64492986;0.62247783,0.05142627,-0.64794564;0.62247783,0.08122079,-0.65217411;0.62247783,0.10165815,-0.65528127;0.62247783,0.11208217,-0.65727508;0.62247783,0.17289757,-0.67031077;0.62247783,0.19181153,-0.67474961;0.62247783,0.20497052,-0.67801442;0.62247783,0.23515296,-0.68443567;0.62247783,0.23841889,-0.68497963;0.62247783,0.27559514,-0.69069095;0.62247783,0.27720367,-0.69092598;0.62247783,0.31189412,-0.69580063;0.62247783,0.3215129,-0.69688972;0.62247783,0.36245556,-0.69952064;0.62247783,0.39212046,-0.70006847;0.62247783,0.40677707,-0.700154;0.62247783,0.43981149,-0.69890564;0.62247783,0.4447996,-0.69858757;0.62247783,0.44957474,-0.69760732;0.62247783,0.48560707,-0.68806013;0.62247783,0.51852859,-0.67520289;0.62247783,0.55348171,-0.65447522;0.62247783,0.57759005,-0.63180379;0.62247783,0.59110062,-0.60181758;0.62247783,0.59269905,-0.59538537;0.62247783,0.59692551,-0.56619093;0.62247783,0.59788559,-0.55501017;0.62247783,0.59985426,-0.52868771;0.62247783,0.60046761,-0.51464899;0.62247783,0.60151068,-0.4904466;0.62247783,0.60184754,-0.47470424;0.62247783,0.60222402,-0.45178853;0.62247783,0.60413357,-0.2780706;0.62247783,0.60445313,-0.25710367;0.62247783,0.60478243,-0.238557;0.62247783,0.60554566,-0.21801947;0.62247783,0.6060247,-0.19927832;0.62247783,0.6067543,-0.18057229;0.62247783,0.60720882,-0.16064652;0.62247783,0.60780273,-0.14082617;0.62247783,0.60807737,-0.12112507;0.62247783,0.60832305,-0.10042713;0.62247783,0.60869615,-0.0418318;0.62247783,0.60884105,-0.02245263;0.62247783,0.60876419,-0.00319885;0.62247783,0.60838462,0.01641977;0.62247783,0.60685888,0.11343709;0.62247783,0.60620141,0.1344527;0.62247783,0.60590772,0.15302808;0.62247783,0.60560533,0.17296371;0.62247783,0.60500746,0.23029189;0.62247783,0.6045734,0.2516854;0.62247783,0.60361379,0.34794557;0.62247783,0.60338496,0.36963929;0.62247783,0.60338388,0.3867853;0.62247783,0.60361819,0.41062197;0.62247783,0.60325361,0.42551732;0.62247783,0.6013276,0.4509014;0.62247783,0.60007275,0.46184537;0.62247783,0.59427115,0.48750733;0.62247783,0.59302045,0.49075616;0.62247783,0.58783927,0.49176275;0.62247783,0.56614648,0.49193885;0.62247783,0.54871388,0.49601483;0.62247783,0.53960022,0.49793289;0.62247783,0.52569065,0.50312542;0.62247783,0.51614272,0.51275087
0.46781533,0.62247783,0.79610343;0.46969729,0.62247783,0.79588748;0.49343246,0.62247783,0.78603028;0.50567414,0.62247783,0.773715;0.52088208,0.62247783,0.76281491;0.54191051,0.62247783,0.7553663;0.54761507,0.62247783,0.75373913;0.56961808,0.62247783,0.74608123;0.57201965,0.62247783,0.74498731;0.57898103,0.62247783,0.73706521;0.5876832,0.62247783,0.72421629;0.59093353,0.62247783,0.71597001;0.59566654,0.62247783,0.69171668;0.59615021,0.62247783,0.68678067;0.59737762,0.62247783,0.65828893;0.59736974,0.62247783,0.6492934;0.59612045,0.62247783,0.62418995;0.5949484,0.62247783,0.61584887;0.58857284,0.62247783,0.59790247;0.58244554,0.62247783,0.58973512;0.56934273,0.62247783,0.58043535;0.55354936,0.62247783,0.57675441;0.53722262,0.62247783,0.57502397;0.52719878,0.62247783,0.56881209;0.52277277,0.62247783,0.55847198;0.52298097,0.62247783,0.54655518;0.52609144,0.62247783,0.5220745;0.53144378,0.62247783,0.51054192;0.5444985,0.62247783,0.5032873;0.5582274,0.62247783,0.50036483;0.58113402,0.62247783,0.49656926;0.59485366,0.62247783,0.49214483;0.59868904,0.62247783,0.48400849;0.60250997,0.62247783,0.46432078;0.60377576,0.62247783,0.44712929;0.60434968,0.62247783,0.42735031;0.60649726,0.62247783,0.21125861;0.60670852,0.62247783,0.19326566;0.60689327,0.62247783,0.17210406;0.6071737,0.62247783,0.15348745;0.60732049,0.62247783,0.1329286;0.60744537,0.62247783,0.11433225;0.60668533,0.62247783,-0.14099388;0.60636035,0.62247783,-0.15974857;0.6060738,0.62247783,-0.17999712;0.60560262,0.62247783,-0.19823524;0.60475912,0.62247783,-0.25739837;0.60442042,0.62247783,-0.27729659;0.60268573,0.62247783,-0.45206162;0.60233981,0.62247783,-0.47443076;0.60201085,0.62247783,-0.49073102;0.60103612,0.62247783,-0.51436552;0.60045066,0.62247783,-0.52903187;0.59870617,0.62247783,-0.55480153;0.59790763,0.62247783,-0.56678846;0.5948576,0.62247783,-0.59591716;0.5939673,0.62247783,-0.60368131;0.58828279,0.62247783,-0.63776537;0.5879988,0.62247783,-0.63899612;0.58475845,0.62247783,-0.6429773;0.56108225,0.62247783,-0.66129981;0.53016258,0.62247783,-0.67976038;0.52115572,0.62247783,-0.68375752;0.48741469,0.62247783,-0.69397288;0.48393029,0.62247783,-0.69474978;0.45113538,0.62247783,-0.69887922;0.4329548,0.62247783,-0.70099606;0.4223208,0.62247783,-0.70178636;0.40805718,0.62247783,-0.70170025;0.38873292,0.62247783,-0.70072331;0.37904298,0.62247783,-0.69994438;0.3546403,0.62247783,-0.69752706;0.31635197,0.62247783,-0.69225862;0.27833317,0.62247783,-0.68576703;0.27290166,0.62247783,-0.68483728;0.24506206,0.62247783,-0.67913677;0.21498778,0.62247783,-0.67182812;0.20037674,0.62247783,-0.66870478;0.1804674,0.62247783,-0.66273216;0.17359304,0.62247783,-0.66107655;0.15444586,0.62247783,-0.65774314;0.14154147,0.62247783,-0.65460181;0.11744197,0.62247783,-0.64908563;0.09704989,0.62247783,-0.64542344;0.06459462,0.62247783,-0.64001315;0.05015112,0.62247783,-0.63853818;0.03054048,0.62247783,-0.63766427;0.02234339,0.62247783,-0.63744279;-0.00957598,0.62247783,-0.63859341;-0.05125903,0.62247783,-0.64205368;-0.07594594,0.62247783,-0.64523262;-0.10693436,0.62247783,-0.65123255;-0.13686469,0.62247783,-0.65802196;-0.18809949,0.62247783,-0.67049641;-0.20481732,0.62247783,-0.67435143;-0.23084373,0.62247783,-0.67986914;-0.32162784,0.62247783,-0.69690723;-0.35202305,0.62247783,-0.70133583;-0.36481871,0.62247783,-0.70291787;-0.38809205,0.62247783,-0.70465409;-0.40901964,0.62247783,-0.70504088;-0.43485756,0.62247783,-0.70356357;-0.4449703,0.62247783,-0.70259972;-0.49055685,0.62247783,-0.69506761;-0.51645387,0.62247783,-0.68905426;-0.52339911,0.62247783,-0.68697598;-0.52999456,0.62247783,-0.6835873;-0.55495921,0.62247783,-0.66859681;-0.56331635,0.62247783,-0.66262936;-0.58520923,0.62247783,-0.6431331;-0.58814407,0.62247783,-0.63913656;-0.58842414,0.62247783,-0.63784535;-0.59391233,0.62247783,-0.6036446;-0.59476562,0.62247783,-0.59600291;-0.59779158,0.62247783,-0.56671728;-0.59857564,0.62247783,-0.55488185;-0.60032894,0.62247783,-0.5289586;-0.60091442,0.62247783,-0.51444095;-0.60191589,0.62247783,-0.49067821;-0.60225498,0.62247783,-0.47448234;-0.60262708,0.62247783,-0.45203495;-0.60451824,0.62247783,-0.2777098;-0.60477642,0.62247783,-0.25732627;-0.60499315,0.62247783,-0.23832136;-0.60541841,0.62247783,-0.21830047;-0.60642823,0.62247783,-0.16048997;-0.60703165,0.62247783,-0.14070131;-0.60745534,0.62247783,-0.12024638;-0.60807168,0.62247783,-0.10109905;-0.60832565,0.62247783,-0.08150319;-0.60846094,0.62247783,-0.061946;-0.60839308,0.62247783,0.03548504;-0.60824848,0.62247783,0.05483146;-0.60785223,0.62247783,0.11419111;-0.60752115,0.62247783,0.13380676;-0.6072971,0.62247783,0.1543571;-0.6070008,0.62247783,0.17256149;-0.60679293,0.62247783,0.19367477;-0.60654342,0.62247783,0.21144553;-0.60635699,0.62247783,0.23172451;-0.60609159,0.62247783,0.25066476;-0.60379855,0.62247783,0.42683394;-0.6030496,0.62247783,0.44676453;-0.60137522,0.62247783,0.46364415;-0.59632615,0.62247783,0.48199256;-0.59054431,0.62247783,0.48783727;-0.5420287,0.62247783,0.50112667;-0.5295086,0.62247783,0.50581512;-0.52382427,0.62247783,0.51298396;-0.52261686,0.62247783,0.52350803;-0.52212695,0.62247783,0.54880795;-0.52256789,0.62247783,0.55827826;-0.52849438,0.62247783,0.56888751;-0.53998892,0.62247783,0.57488982;-0.55223722,0.62247783,0.57781921;-0.56803798,0.62247783,0.58185378;-0.58857175,0.62247783,0.58240673;-0.59251865,0.62247783,0.58319453;-0.59308432,0.62247783,0.58570706;-0.59497271,0.62247783,0.61301276;-0.59551083,0.62247783,0.65583645;-0.59444687,0.62247783,0.68813599;-0.59414705,0.62247783,0.69069155;-0.58894847,0.62247783,0.70834501;-0.58162038,0.62247783,0.72391158;-0.57445749,0.62247783,0.73322672;-0.55977014,0.62247783,0.74625754;-0.54963941,0.62247783,0.75081927;-0.52082245,0.62247783,0.76426244;-0.50324164,0.62247783,0.77632516;-0.47003694,0.62247783,0.79107318;-0.46839525,0.62247783,0.79149213;-0.43392701,0.62247783,0.79426666;-0.39199635,0.62247783,0.79491758;-0.35639066,0.62247783,0.7940063;-0.35373736,0.62247783,0.79383442;-0.33152972,0.62247783,0.79074529;-0.31772947,0.62247783,0.78749758;-0.28465888,0.62247783,0.77668938;-0.26259012,0.62247783,0.76748352;-0.25337229,0.62247783,0.76311271;-0.24416246,0.62247783,0.757577;-0.224971,0.62247783,0.74539575;-0.19907025,0.62247783,0.72700845;-0.19784098,0.62247783,0.72612361;-0.19548791,0.62247783,0.72420137;-0.17196713,0.62247783,0.70476354;-0.16178971,0.62247783,0.69599232;-0.14612536,0.62247783,0.68270011;-0.12427762,0.62247783,0.66414516;-0.1119314,0.62247783,0.65429122;-0.09223863,0.62247783,0.64016532;-0.06347505,0.62247783,0.62192852;-0.04854465,0.62247783,0.61437029;-0.03226367,0.62247783,0.60891002;-0.00298345,0.62247783,0.60325656;0.00300713,0.62247783,0.60317414;0.03287594,0.62247783,0.60801224;0.04736425,0.62247783,0.61261468;0.06401297,0.62247783,0.62099002;0.09248919,0.62247783,0.63958338;0.11206827,0.62247783,0.65452826;0.11965671,0.62247783,0.66105809;0.1450179,0.62247783,0.68448872;0.15739624,0.62247783,0.69598948;0.17001796,0.62247783,0.70789645;0.19110791,0.62247783,0.72691943;0.19513621,0.62247783,0.73045638;0.20423298,0.62247783,0.73753487;0.2216657,0.62247783,0.750582;0.23219506,0.62247783,0.7575761;0.2501159,0.62247783,0.7688545;0.26916195,0.62247783,0.77871705;0.28069777,0.62247783,0.7838852;0.30096562,0.62247783,0.79073277;0.31439524,0.62247783,0.79383251;0.31697904,0.62247783,0.79414041;0.35174841,0.62247783,0.79720734;0.35817453,0.62247783,0.79750387;0.38740768,0.62247783,0.79792199
-0.62247783,-0.23903912,-0.72345957;-0.62247783,-0.28772797,-0.7359125;-0.62247783,-0.30714881,-0.74037123;-0.62247783,-0.35145182,-0.74868401;-0.62247783,-0.39248626,-0.75416817;-0.62247783,-0.42769816,-0.75725434;-0.62247783,-0.44322276,-0.75851032;-0.62247783,-0.45261932,-0.75914473;-0.62247783,-0.45728778,-0.75886715;-0.62247783,-0.47519893,-0.75732804;-0.62247783,-0.48911691,-0.75631383;-0.62247783,-0.50450471,-0.75556917;-0.62247783,-0.52519325,-0.75203099;-0.62247783,-0.53514507,-0.74987117;-0.62247783,-0.5526235,-0.74484737;-0.62247783,-0.56161831,-0.7420163;-0.62247783,-0.56561276,-0.73995846;-0.62247783,-0.58656002,-0.72651533;-0.62247783,-0.5918867,-0.71949412;-0.62247783,-0.5931245,-0.71513905;-0.62247783,-0.59966299,-0.68537736;-0.62247783,-0.60166305,-0.67050801;-0.62247783,-0.60472989,-0.64912246;-0.62247783,-0.60633664,-0.6288886;-0.62247783,-0.6079718,-0.61171443;-0.62247783,-0.60914638,-0.58815019;-0.62247783,-0.61006498,-0.57366058;-0.62247783,-0.61088298,-0.54799234;-0.62247783,-0.61141494,-0.53521061;-0.62247783,-0.61195259,-0.508207;-0.62247783,-0.61225021,-0.49649785;-0.62247783,-0.61252809,-0.46867212;-0.62247783,-0.61262337,-0.45759365;-0.62247783,-0.61361082,-0.27257885;-0.62247783,-0.61368616,-0.26312857;-0.62247783,-0.61387122,-0.23393713;-0.62247783,-0.61401485,-0.22378298;-0.62247783,-0.6146743,-0.15490002;-0.62247783,-0.61484076,-0.1452267;-0.62247783,-0.61501594,-0.11548431;-0.62247783,-0.61504765,-0.10625899;-0.62247783,-0.6147053,0.0014213;-0.62247783,-0.61453444,0.01086882;-0.62247783,-0.61446075,0.04139949;-0.62247783,-0.61454725,0.05029426;-0.62247783,-0.61452024,0.1189309;-0.62247783,-0.61444795,0.12855014;-0.62247783,-0.61413637,0.19712705;-0.62247783,-0.61405642,0.20690452;-0.62247783,-0.61388488,0.23608446;-0.62247783,-0.61375914,0.24628321;-0.62247783,-0.61173166,0.43124625;-0.62247783,-0.61134904,0.4442613;-0.62247783,-0.61018097,0.47002358;-0.62247783,-0.60866273,0.48167928;-0.62247783,-0.60372731,0.4962049;-0.62247783,-0.59372671,0.50120653;-0.62247783,-0.58485113,0.50296161;-0.62247783,-0.54052884,0.50884035;-0.62247783,-0.53120803,0.51185154;-0.62247783,-0.52536021,0.51917041;-0.62247783,-0.51338051,0.53910044;-0.62247783,-0.49382063,0.54724272;-0.62247783,-0.48527082,0.54924289;-0.62247783,-0.45763295,0.55150033;-0.62247783,-0.44848601,0.552145;-0.62247783,-0.41813392,0.55306654;-0.62247783,-0.41005103,0.55337279;-0.62247783,-0.37831606,0.55399163;-0.62247783,-0.37103697,0.55422866;-0.62247783,-0.33823916,0.55477315;-0.62247783,-0.3323776,0.55493889;-0.62247783,-0.29876833,0.55548855;-0.62247783,-0.29320919,0.55566902;-0.62247783,-0.25915483,0.55612645;-0.62247783,-0.25425303,0.55621277;-0.62247783,-0.17960968,0.55675371;-0.62247783,-0.17525487,0.55680201;-0.62247783,-0.14013892,0.55698332;-0.62247783,-0.13541219,0.55702301;-0.62247783,-0.10026531,0.5572197;-0.62247783,-0.0958706,0.55727562;-0.62247783,-0.06086414,0.55746653;-0.62247783,-0.05629335,0.55750249;-0.62247783,-0.02148569,0.55756122;-0.62247783,-0.01718044,0.55755464;-0.62247783,0.01778253,0.55756051;-0.62247783,0.02191437,0.55756948;-0.62247783,0.05678062,0.55749034;-0.62247783,0.06087403,0.5574462;-0.62247783,0.09602854,0.5571987;-0.62247783,0.10002708,0.55713497;-0.62247783,0.13548974,0.55684459;-0.62247783,0.13948127,0.55678406;-0.62247783,0.17493198,0.55651999;-0.62247783,0.17943729,0.55646116;-0.62247783,0.25425087,0.5559035;-0.62247783,0.25903511,0.55582752;-0.62247783,0.29341046,0.55546053;-0.62247783,0.29869874,0.55533328;-0.62247783,0.33263114,0.55486192;-0.62247783,0.3383627,0.55470353;-0.62247783,0.37142422,0.55422598;-0.62247783,0.37788113,0.55406003;-0.62247783,0.40993979,0.55349845;-0.62247783,0.41731472,0.55321739;-0.62247783,0.44812974,0.55240398;-0.62247783,0.45793747,0.55185483;-0.62247783,0.48508847,0.54997011;-0.62247783,0.49388274,0.54819616;-0.62247783,0.51163658,0.54051571;-0.62247783,0.52140034,0.52109218;-0.62247783,0.52474005,0.5138017;-0.62247783,0.52913907,0.50963342;-0.62247783,0.53604427,0.50765088;-0.62247783,0.5554045,0.50486101;-0.62247783,0.56386921,0.50287412;-0.62247783,0.57300349,0.50187647;-0.62247783,0.59903532,0.49351815;-0.62247783,0.60734981,0.47877274;-0.62247783,0.61020723,0.46757978;-0.62247783,0.61226214,0.44318194;-0.62247783,0.61285422,0.43112137;-0.62247783,0.61327324,0.403565;-0.62247783,0.61330358,0.39248415;-0.62247783,0.61362935,0.28553439;-0.62247783,0.61369083,0.27506066;-0.62247783,0.61381784,0.24611109;-0.62247783,0.61391295,0.23598804;-0.62247783,0.61438947,0.16792321;-0.62247783,0.61453349,0.1579358;-0.62247783,0.61475086,0.12849378;-0.62247783,0.61486407,0.11854398;-0.62247783,0.6153517,0.05011073;-0.62247783,0.61548758,0.0401556;-0.62247783,0.61568836,0.01093432;-0.62247783,0.61578516,0.00163174;-0.62247783,0.6158116,-0.02782655;-0.62247783,0.61574264,-0.03742587;-0.62247783,0.61554445,-0.06698909;-0.62247783,0.61538697,-0.0766262;-0.62247783,0.61512109,-0.10638615;-0.62247783,0.61497716,-0.11595558;-0.62247783,0.61473849,-0.14569161;-0.62247783,0.61461237,-0.15527846;-0.62247783,0.61440958,-0.18515151;-0.62247783,0.61431174,-0.19425319;-0.62247783,0.6141553,-0.22363457;-0.62247783,0.61407877,-0.23320151;-0.62247783,0.61312304,-0.41865892;-0.62247783,0.61305203,-0.42926497;-0.62247783,0.61286769,-0.45765677;-0.62247783,0.61269583,-0.46863049;-0.62247783,0.61234975,-0.49654236;-0.62247783,0.61203919,-0.50816923;-0.62247783,0.61149149,-0.53524968;-0.62247783,0.61096457,-0.54794895;-0.62247783,0.61015309,-0.57370585;-0.62247783,0.6092538,-0.58809795;-0.62247783,0.60811026,-0.61177538;-0.62247783,0.60655393,-0.62877014;-0.62247783,0.60500894,-0.64925372;-0.62247783,0.60202461,-0.67144024;-0.62247783,0.60011662,-0.68616362;-0.62247783,0.59373632,-0.71598858;-0.62247783,0.59222462,-0.7209738;-0.62247783,0.58449952,-0.7310042;-0.62247783,0.5663627,-0.74120361;-0.62247783,0.55616753,-0.74521412;-0.62247783,0.52907612,-0.75446298;-0.62247783,0.52036249,-0.75664432;-0.62247783,0.49916619,-0.75951118;-0.62247783,0.49223912,-0.75978583;-0.62247783,0.46368789,-0.76012802;-0.62247783,0.43066155,-0.76114923;-0.62247783,0.4258657,-0.76095178;-0.62247783,0.39470116,-0.75731023;-0.62247783,0.39258249,-0.75703331;-0.62247783,0.38013413,-0.75526539;-0.62247783,0.3563206,-0.75200231;-0.62247783,0.3525918,-0.75144023;-0.62247783,0.32121833,-0.74572443;-0.62247783,0.30819506,-0.74287369;-0.62247783,0.26246133,-0.73162076;-0.62247783,0.22817473,-0.72236212;-0.62247783,0.21501732,-0.71884811;-0.62247783,0.18524846,-0.71048534;-0.62247783,0.16864796,-0.7050698;-0.62247783,0.15437944,-0.70063976;-0.62247783,0.12643808,-0.69314169;-0.62247783,0.1227958,-0.69228216;-0.62247783,0.09115976,-0.6854363;-0.62247783,0.08087812,-0.68371937;-0.62247783,0.05151339,-0.67951398;-0.62247783,0.04503618,-0.67875531;-0.62247783,0.00265523,-0.67615937;-0.62247783,-0.01491969,-0.67508091;-0.62247783,-0.02751678,-0.67539753;-0.62247783,-0.04349987,-0.67774441;-0.62247783,-0.06232423,-0.68075698;-0.62247783,-0.07900608,-0.68375858;-0.62247783,-0.10470703,-0.68879036;-0.62247783,-0.11327743,-0.69054667;-0.62247783,-0.12480296,-0.69333309;-0.62247783,-0.14831286,-0.69948486;-0.62247783,-0.18395077,-0.70845959;-0.62247783,-0.21279178,-0.71673794
-0.46276648,-0.62247783,-0.76298942;-0.43368864,-0.62247783,-0.76143483;-0.39578824,-0.62247783,-0.75769212;-0.39283214,-0.62247783,-0.75731343;-0.38430623,-0.62247783,-0.75565213;-0.35119705,-0.62247783,-0.74911479;-0.32470822,-0.62247783,-0.74297215;-0.30569643,-0.62247783,-0.7381698;-0.25795448,-0.62247783,-0.72464907;-0.25036271,-0.62247783,-0.72241992;-0.21053589,-0.62247783,-0.71095527;-0.14128335,-0.62247783,-0.69115076;-0.1148745,-0.62247783,-0.68438451;-0.06960493,-0.62247783,-0.67455584;-0.05828813,-0.62247783,-0.67274065;-0.03592629,-0.62247783,-0.67063249;-0.01712863,-0.62247783,-0.66914013;-0.00380084,-0.62247783,-0.66862949;0.00834673,-0.62247783,-0.66846773;0.03268384,-0.62247783,-0.6692551;0.05400915,-0.62247783,-0.67149437;0.08254252,-0.62247783,-0.67610568;0.10562023,-0.62247783,-0.68074119;0.11733549,-0.62247783,-0.68327751;0.15218691,-0.62247783,-0.69219242;0.22177149,-0.62247783,-0.71128506;0.34506511,-0.62247783,-0.74505866;0.35531391,-0.62247783,-0.7475619;0.3878918,-0.62247783,-0.75440557;0.38951714,-0.62247783,-0.7547131;0.39608566,-0.62247783,-0.75542691;0.42526225,-0.62247783,-0.75829043;0.47313428,-0.62247783,-0.76122911;0.476076,-0.62247783,-0.76112091;0.52132286,-0.62247783,-0.75597114;0.53169718,-0.62247783,-0.75375481;0.55418615,-0.62247783,-0.74545154;0.56241321,-0.62247783,-0.74197033;0.58298671,-0.62247783,-0.73011063;0.5910287,-0.62247783,-0.71936776;0.59279881,-0.62247783,-0.71383214;0.59978336,-0.62247783,-0.68548072;0.60199232,-0.62247783,-0.67023841;0.60511409,-0.62247783,-0.64936471;0.60679002,-0.62247783,-0.62860548;0.60837342,-0.62247783,-0.61194306;0.60955572,-0.62247783,-0.58791643;0.6104371,-0.62247783,-0.57386959;0.61125598,-0.62247783,-0.5477831;0.61176816,-0.62247783,-0.53540856;0.6123143,-0.62247783,-0.50800936;0.61261025,-0.62247783,-0.49668914;0.61294782,-0.62247783,-0.46848378;0.61310742,-0.62247783,-0.45779533;0.61326751,-0.62247783,-0.42912663;0.61331261,-0.62247783,-0.41879032;0.61342981,-0.62247783,-0.31170471;0.61341905,-0.62247783,-0.30149468;0.6135238,-0.62247783,-0.27218887;0.61365299,-0.62247783,-0.262764;0.61422423,-0.62247783,-0.19381606;0.61433471,-0.62247783,-0.1852789;0.61472975,-0.62247783,-0.15496282;0.61504054,-0.62247783,-0.1455564;0.61544703,-0.62247783,-0.11527441;0.61558067,-0.62247783,-0.10594587;0.61562288,-0.62247783,-0.07590386;0.61554131,-0.62247783,-0.06740944;0.615477,-0.62247783,-0.03721635;0.61549503,-0.62247783,-0.02784164;0.6151731,-0.62247783,0.11904983;0.6150873,-0.62247783,0.12807116;0.6147375,-0.62247783,0.19751278;0.61466006,-0.62247783,0.20623085;0.61291275,-0.62247783,0.43162706;0.61268431,-0.62247783,0.44103512;0.6109352,-0.62247783,0.46848845;0.60896104,-0.62247783,0.4775445;0.5996252,-0.62247783,0.49425336;0.57008939,-0.62247783,0.50455114;0.55870281,-0.62247783,0.506856;0.53793543,-0.62247783,0.5104359;0.53241659,-0.62247783,0.51312044;0.53058421,-0.62247783,0.51944197;0.52820286,-0.62247783,0.55314551;0.52821077,-0.62247783,0.55894879;0.53099635,-0.62247783,0.56394694;0.53653584,-0.62247783,0.56610214;0.55699772,-0.62247783,0.56943025;0.56442956,-0.62247783,0.57118005;0.57331707,-0.62247783,0.57251085;0.59859508,-0.62247783,0.58100255;0.60579709,-0.62247783,0.59482187;0.60744888,-0.62247783,0.60677044;0.60944901,-0.62247783,0.66433753;0.60936632,-0.62247783,0.67831987;0.6085032,-0.62247783,0.69989566;0.60657029,-0.62247783,0.71616349;0.6042628,-0.62247783,0.73436956;0.59925329,-0.62247783,0.75279648;0.59526284,-0.62247783,0.76027909;0.5813198,-0.62247783,0.76455838;0.55778728,-0.62247783,0.76841004;0.54119285,-0.62247783,0.77140667;0.5295381,-0.62247783,0.77673124;0.52013925,-0.62247783,0.78744001;0.5106797,-0.62247783,0.80176748;0.49591368,-0.62247783,0.80737485;0.48161331,-0.62247783,0.81032909;0.46037092,-0.62247783,0.81183911;0.44487762,-0.62247783,0.81231727;0.38245132,-0.62247783,0.81251992;0.36642681,-0.62247783,0.8122614;0.3435744,-0.62247783,0.81169226;0.32595887,-0.62247783,0.81060769;0.30529539,-0.62247783,0.80936782;0.28451178,-0.62247783,0.80689588;0.26817776,-0.62247783,0.80489813;0.24098875,-0.62247783,0.7989354;0.23346802,-0.62247783,0.79706198;0.21915549,-0.62247783,0.7901369;0.20451708,-0.62247783,0.78005859;0.17736707,-0.62247783,0.75661409;0.15297962,-0.62247783,0.73470529;0.1451134,-0.62247783,0.72732634;0.11170329,-0.62247783,0.69672213;0.10268543,-0.62247783,0.68905576;0.08438676,-0.62247783,0.6753436;0.07527237,-0.62247783,0.66979451;0.04493099,-0.62247783,0.6552614;0.02942276,-0.62247783,0.65018106;0.01089963,-0.62247783,0.64752261;-0.01037929,-0.62247783,0.64809288;-0.03065827,-0.62247783,0.651667;-0.04417063,-0.62247783,0.65612136;-0.06268032,-0.62247783,0.66466308;-0.07437343,-0.62247783,0.67107224;-0.08728727,-0.62247783,0.67964595;-0.11004295,-0.62247783,0.69680422;-0.12805777,-0.62247783,0.71167304;-0.14668486,-0.62247783,0.72740305;-0.15367128,-0.62247783,0.73359864;-0.1720646,-0.62247783,0.74941039;-0.17910673,-0.62247783,0.75544435;-0.18216377,-0.62247783,0.75782563;-0.2065015,-0.62247783,0.77650679;-0.22919135,-0.62247783,0.79117709;-0.23525625,-0.62247783,0.79443878;-0.23874872,-0.62247783,0.79533475;-0.26948501,-0.62247783,0.80257879;-0.28320567,-0.62247783,0.80449612;-0.30630559,-0.62247783,0.80751723;-0.3249443,-0.62247783,0.80878029;-0.34439654,-0.62247783,0.81005876;-0.36546553,-0.62247783,0.81053252;-0.38301666,-0.62247783,0.81056308;-0.47935195,-0.62247783,0.80859268;-0.49581543,-0.62247783,0.80725603;-0.50695478,-0.62247783,0.80356241;-0.51321771,-0.62247783,0.7923751;-0.51999149,-0.62247783,0.77934267;-0.52725044,-0.62247783,0.7728159;-0.53819036,-0.62247783,0.76939205;-0.55457274,-0.62247783,0.76686534;-0.56664481,-0.62247783,0.76446442;-0.58346721,-0.62247783,0.76275806;-0.5946898,-0.62247783,0.75953338;-0.59788797,-0.62247783,0.75340278;-0.6036287,-0.62247783,0.733728;-0.60568511,-0.62247783,0.7180815;-0.60750853,-0.62247783,0.69946373;-0.60805958,-0.62247783,0.67953629;-0.60779331,-0.62247783,0.66485331;-0.60351292,-0.62247783,0.60886316;-0.60086057,-0.62247783,0.59955226;-0.585084,-0.62247783,0.57899575;-0.5781985,-0.62247783,0.57476026;-0.54361666,-0.62247783,0.56874453;-0.53500309,-0.62247783,0.56768823;-0.52969274,-0.62247783,0.56437583;-0.52737983,-0.62247783,0.55924888;-0.52736265,-0.62247783,0.55441413;-0.52800247,-0.62247783,0.51965609;-0.52839586,-0.62247783,0.51444547;-0.53109577,-0.62247783,0.51084321;-0.53701597,-0.62247783,0.50872824;-0.59608688,-0.62247783,0.49094882;-0.60802213,-0.62247783,0.47675757;-0.61051747,-0.62247783,0.4682693;-0.61272997,-0.62247783,0.44107007;-0.61299388,-0.62247783,0.43146535;-0.61469761,-0.62247783,0.24540722;-0.61477964,-0.62247783,0.23626305;-0.61539816,-0.62247783,0.12788841;-0.61547053,-0.62247783,0.11875777;-0.61561788,-0.62247783,0.08860897;-0.61569944,-0.62247783,0.07993912;-0.61606243,-0.62247783,0.01106853;-0.61612263,-0.62247783,0.00221155;-0.61610494,-0.62247783,-0.02751435;-0.61602282,-0.62247783,-0.03684087;-0.6156119,-0.62247783,-0.10637458;-0.61551722,-0.62247783,-0.11570644;-0.61523164,-0.62247783,-0.14583457;-0.61501275,-0.62247783,-0.15524144;-0.6147108,-0.62247783,-0.185145;-0.6146001,-0.62247783,-0.19412887;-0.61436532,-0.62247783,-0.22376278;-0.61422006,-0.62247783,-0.23305987;-0.61402274,-0.62247783,-0.2625876;-0.61394562,-0.62247783,-0.27235707;-0.6128561,-0.62247783,-0.45772646;-0.61275702,-0.62247783,-0.468547;-0.61247395,-0.62247783,-0.49662303;-0.61218387,-0.62247783,-0.50807799;-0.61164944,-0.62247783,-0.53534035;-0.61113728,-0.62247783,-0.54784713;-0.61032591,-0.62247783,-0.57380645;-0.60943925,-0.62247783,-0.58799024;-0.60828061,-0.62247783,-0.6118802;-0.60672331,-0.62247783,-0.62868453;-0.60515679,-0.62247783,-0.64934501;-0.60218682,-0.62247783,-0.67127502;-0.6001864,-0.62247783,-0.68596261;-0.59326478,-0.62247783,-0.71621356;-0.59208523,-0.62247783,-0.7200702;-0.58559194,-0.62247783,-0.72861792;-0.56754947,-0.62247783,-0.73927781;-0.53144555,-0.62247783,-0.75302805;-0.52275885,-0.62247783,-0.75537507;-0.49995409,-0.62247783,-0.75995034;-0.49285131,-0.62247783,-0.76096775;-0.4708953,-0.62247783,-0.76293497
0.62247783,-0.43149279,-0.75756619;0.62247783,-0.42474223,-0.75714964;0.62247783,-0.39115198,-0.75350898;0.62247783,-0.38960671,-0.75329492;0.62247783,-0.34832092,-0.74640015;0.62247783,-0.3057032,-0.7376887;0.62247783,-0.25912292,-0.72666966;0.62247783,-0.25449619,-0.72551794;0.62247783,-0.23746303,-0.72109625;0.62247783,-0.2126773,-0.7146699;0.62247783,-0.18306491,-0.70629271;0.62247783,-0.15855186,-0.70009784;0.62247783,-0.12928073,-0.69353303;0.62247783,-0.06269115,-0.6802227;0.62247783,-0.04298775,-0.67679268;0.62247783,-0.02694797,-0.67454154;0.62247783,-0.01533498,-0.67418933;0.62247783,0.00401798,-0.6752626;0.62247783,0.04615445,-0.67810631;0.62247783,0.05341173,-0.67900246;0.62247783,0.09311996,-0.68536511;0.62247783,0.13180134,-0.69383669;0.62247783,0.18793357,-0.70837181;0.62247783,0.24198699,-0.72267807;0.62247783,0.25417828,-0.72605658;0.62247783,0.25961349,-0.72745775;0.62247783,0.28881462,-0.73437553;0.62247783,0.30557867,-0.73815548;0.62247783,0.35049086,-0.74694937;0.62247783,0.36054294,-0.74851799;0.62247783,0.39361703,-0.75284375;0.62247783,0.39575683,-0.75307962;0.62247783,0.4299921,-0.75635121;0.62247783,0.43132271,-0.75640077;0.62247783,0.46547304,-0.75553165;0.62247783,0.46671845,-0.75546942;0.62247783,0.4976852,-0.75292355;0.62247783,0.528111,-0.74774485;0.62247783,0.55873157,-0.73897054;0.62247783,0.56510096,-0.73654231;0.62247783,0.58789063,-0.72412131;0.62247783,0.59257793,-0.7192599;0.62247783,0.59335268,-0.71662215;0.62247783,0.60003179,-0.68510357;0.62247783,0.60190826,-0.67081641;0.62247783,0.60485686,-0.64916436;0.62247783,0.60642055,-0.62887702;0.62247783,0.60805325,-0.611763;0.62247783,0.60923407,-0.5881025;0.62247783,0.61014949,-0.57371026;0.62247783,0.61097147,-0.54794228;0.62247783,0.61149999,-0.53525981;0.62247783,0.61203854,-0.50815748;0.62247783,0.61233272,-0.4965436;0.62247783,0.61261209,-0.46862645;0.62247783,0.61270886,-0.45764066;0.62247783,0.61374087,-0.27250818;0.62247783,0.61382305,-0.2624571;0.62247783,0.61407498,-0.23319646;0.62247783,0.61429102,-0.22334767;0.62247783,0.61466506,-0.1939959;0.62247783,0.61487025,-0.18502497;0.62247783,0.61521462,-0.15510453;0.62247783,0.61538359,-0.14560121;0.62247783,0.61559217,-0.11578644;0.62247783,0.61565991,-0.10586484;0.62247783,0.61588882,-0.03703291;0.62247783,0.61592863,-0.02774352;0.62247783,0.61587422,0.00185752;0.62247783,0.61577325,0.01126329;0.62247783,0.61489701,0.11888079;0.62247783,0.61472344,0.12895951;0.62247783,0.6145078,0.15823397;0.62247783,0.61442666,0.1677908;0.62247783,0.61406464,0.23601335;0.62247783,0.61395129,0.24627016;0.62247783,0.61339819,0.35351995;0.62247783,0.61333498,0.36391793;0.62247783,0.61331704,0.39248251;0.62247783,0.61336038,0.40389334;0.62247783,0.61290544,0.43122415;0.62247783,0.61217543,0.44327069;0.62247783,0.60999618,0.46772228;0.62247783,0.60705341,0.47906427;0.62247783,0.59887111,0.49355386;0.62247783,0.57327518,0.50185648;0.62247783,0.56363095,0.50304219;0.62247783,0.5553422,0.50499085;0.62247783,0.53633677,0.50769828;0.62247783,0.52939889,0.50963587;0.62247783,0.52473692,0.51395628;0.62247783,0.5213576,0.52134206;0.62247783,0.5117423,0.54045127;0.62247783,0.49423744,0.54799572;0.62247783,0.48511308,0.54983254;0.62247783,0.45810627,0.55178943;0.62247783,0.44813087,0.55244074;0.62247783,0.41767782,0.55336039;0.62247783,0.41001439,0.55368189;0.62247783,0.37821801,0.5542708;0.62247783,0.37150784,0.55444004;0.62247783,0.33857035,0.55491943;0.62247783,0.33301048,0.55507797;0.62247783,0.2991999,0.55558061;0.62247783,0.29337592,0.55573618;0.62247783,0.25932731,0.55613093;0.62247783,0.25441665,0.55621152;0.62247783,0.21976084,0.55643082;0.62247783,0.21494266,0.55646618;0.62247783,0.17960701,0.55663788;0.62247783,0.1751777,0.55668657;0.62247783,0.13966331,0.55695798;0.62247783,0.13561545,0.5570308;0.62247783,0.10014916,0.55729911;0.62247783,0.09616478,0.55734189;0.62247783,0.06083586,0.55748829;0.62247783,0.05705891,0.5575072;0.62247783,-0.05643997,0.55759645;0.62247783,-0.06077924,0.55758915;0.62247783,-0.09596106,0.5574728;0.62247783,-0.10009025,0.55742794;0.62247783,-0.17525907,0.55701871;0.62247783,-0.17956912,0.55697348;0.62247783,-0.25436706,0.55647935;0.62247783,-0.25884582,0.55641874;0.62247783,-0.29299227,0.55601811;0.62247783,-0.29842024,0.55585386;0.62247783,-0.33197451,0.55529506;0.62247783,-0.3380705,0.55510294;0.62247783,-0.37090351,0.55450104;0.62247783,-0.37804672,0.55424623;0.62247783,-0.40981013,0.55359373;0.62247783,-0.41796147,0.55327905;0.62247783,-0.44819107,0.55235349;0.62247783,-0.45721309,0.55171512;0.62247783,-0.48479675,0.54944865;0.62247783,-0.49333667,0.54743764;0.62247783,-0.51299797,0.53925039;0.62247783,-0.52507686,0.51923408;0.62247783,-0.5310623,0.51182278;0.62247783,-0.5406658,0.50867003;0.62247783,-0.5847411,0.50273076;0.62247783,-0.59370837,0.50098827;0.62247783,-0.60362379,0.4960593;0.62247783,-0.6085068,0.48169956;0.62247783,-0.60992357,0.47052118;0.62247783,-0.61127737,0.4450074;0.62247783,-0.61205572,0.43171537;0.62247783,-0.61262997,0.40429845;0.62247783,-0.61276573,0.39261708;0.62247783,-0.61370952,0.24642047;0.62247783,-0.61380816,0.23629224;0.62247783,-0.61397248,0.20707875;0.62247783,-0.61406657,0.19761389;0.62247783,-0.61449436,0.1289012;0.62247783,-0.61459186,0.11942055;0.62247783,-0.61474159,0.08971391;0.62247783,-0.6148118,0.08028026;0.62247783,-0.61472624,0.05063;0.62247783,-0.61456597,0.04160453;0.62247783,-0.61452641,0.01108927;0.62247783,-0.61464458,0.00212527;0.62247783,-0.61495921,-0.10613679;0.62247783,-0.61492737,-0.11513433;0.62247783,-0.61474398,-0.14499051;0.62247783,-0.61456927,-0.15471385;0.62247783,-0.61429321,-0.18448006;0.62247783,-0.61415567,-0.19389511;0.62247783,-0.6139009,-0.22335618;0.62247783,-0.61374606,-0.23320738;0.62247783,-0.61356595,-0.26240643;0.62247783,-0.61350898,-0.27215199;0.62247783,-0.61270384,-0.45765506;0.62247783,-0.61261736,-0.4686152;0.62247783,-0.61234336,-0.49655413;0.62247783,-0.61204686,-0.50815301;0.62247783,-0.61150249,-0.53526366;0.62247783,-0.61096798,-0.54794472;0.62247783,-0.61013551,-0.57370573;0.62247783,-0.60920633,-0.58811467;0.62247783,-0.60800264,-0.61174105;0.62247783,-0.60632765,-0.62887285;0.62247783,-0.60464787,-0.64909596;0.62247783,-0.60139185,-0.67056784;0.62247783,-0.5992449,-0.68513757;0.62247783,-0.59215384,-0.71385817;0.62247783,-0.59074817,-0.7179845;0.62247783,-0.58412958,-0.72460698;0.62247783,-0.55365244,-0.73992891;0.62247783,-0.52747069,-0.74922029;0.62247783,-0.52627501,-0.74955086;0.62247783,-0.50340013,-0.75409662;0.62247783,-0.47721938,-0.75694366;0.62247783,-0.47027473,-0.7573222
0.47950021,0.62247783,0.81040478;0.49491853,0.62247783,0.80906453;0.50824337,0.62247783,0.80442233;0.51569122,0.62247783,0.79087405;0.52149795,0.62247783,0.77945417;0.52783208,0.62247783,0.77376034;0.53778298,0.62247783,0.77073749;0.55520639,0.62247783,0.76822325;0.56593678,0.62247783,0.76621024;0.58033662,0.62247783,0.7646627;0.59595177,0.62247783,0.75997295;0.60056105,0.62247783,0.75161055;0.60549188,0.62247783,0.73441128;0.60760032,0.62247783,0.71717767;0.60920849,0.62247783,0.70007466;0.61000215,0.62247783,0.67862868;0.61028324,0.62247783,0.66494851;0.61005922,0.62247783,0.64156186;0.60940843,0.62247783,0.62959953;0.60667275,0.62247783,0.60736116;0.60327489,0.62247783,0.59915851;0.58561437,0.62247783,0.57798512;0.57907589,0.62247783,0.57419964;0.5430765,0.62247783,0.56827591;0.53492764,0.62247783,0.56733115;0.53003144,0.62247783,0.56429659;0.52790505,0.62247783,0.55926423;0.5280785,0.62247783,0.5533785;0.53094612,0.62247783,0.5196594;0.53283519,0.62247783,0.51379109;0.53922036,0.62247783,0.51081271;0.55963635,0.62247783,0.50727291;0.57007116,0.62247783,0.50509042;0.59978017,0.62247783,0.49464884;0.60923868,0.62247783,0.47782901;0.61128314,0.62247783,0.46893869;0.6130854,0.62247783,0.44136189;0.6132787,0.62247783,0.43189943;0.61482133,0.62247783,0.20649292;0.614888,0.62247783,0.19787351;0.61503075,0.62247783,0.16737439;0.61511018,0.62247783,0.15845088;0.61521466,0.62247783,0.12822695;0.61524456,0.62247783,0.1193101;0.61484788,0.62247783,-0.14567875;0.61476858,0.62247783,-0.15467405;0.61457387,0.62247783,-0.18475025;0.61445011,0.62247783,-0.19349538;0.6139613,0.62247783,-0.26259795;0.61387537,0.62247783,-0.27213737;0.61293304,0.62247783,-0.45777037;0.61284368,0.62247783,-0.46849387;0.61257206,0.62247783,-0.49667699;0.61229231,0.62247783,-0.50801224;0.61176353,0.62247783,-0.53540571;0.61125997,0.62247783,-0.54777759;0.61045125,0.62247783,-0.57387602;0.60958,0.62247783,-0.5879047;0.60841377,0.62247783,-0.61196083;0.60685996,0.62247783,-0.6285972;0.60525491,0.62247783,-0.6494141;0.60234426,0.62247783,-0.6700952;0.60025783,0.62247783,-0.68574251;0.59378589,0.62247783,-0.71462546;0.59245157,0.62247783,-0.71896645;0.58558699,0.62247783,-0.72781492;0.56517477,0.62247783,-0.74075355;0.55637217,0.62247783,-0.74478213;0.53146604,0.62247783,-0.75407566;0.52214465,0.62247783,-0.75642858;0.50491103,0.62247783,-0.7586349;0.47881903,0.62247783,-0.76044909;0.47266232,0.62247783,-0.76084526;0.46073101,0.62247783,-0.76028495;0.42737405,0.62247783,-0.7578749;0.39121069,0.62247783,-0.7540482;0.38963909,0.62247783,-0.75380398;0.35710837,0.62247783,-0.74725039;0.34741092,0.62247783,-0.74511985;0.30297821,0.62247783,-0.73371241;0.26527449,0.62247783,-0.72329018;0.25394792,0.62247783,-0.72014191;0.18876352,0.62247783,-0.70106768;0.1625917,0.62247783,-0.69378539;0.15292694,0.62247783,-0.69109876;0.13634145,0.62247783,-0.68680584;0.11943045,0.62247783,-0.68254029;0.10846209,0.62247783,-0.68021078;0.08342484,0.62247783,-0.67489149;0.06317257,0.62247783,-0.67101064;0.05495508,0.62247783,-0.66992314;0.0335255,0.62247783,-0.66843969;0.00882289,0.62247783,-0.66753692;-0.00320663,0.62247783,-0.6675901;-0.01802908,0.62247783,-0.66834724;-0.03552847,0.62247783,-0.67000738;-0.05546772,0.62247783,-0.67225212;-0.06903943,0.62247783,-0.67453499;-0.08672768,0.62247783,-0.67858769;-0.11437564,0.62247783,-0.68527574;-0.12938515,0.62247783,-0.68938683;-0.21161939,0.62247783,-0.71330646;-0.24381079,0.62247783,-0.72267818;-0.25955251,0.62247783,-0.72753627;-0.28783662,0.62247783,-0.73598458;-0.30714197,0.62247783,-0.74129257;-0.32335157,0.62247783,-0.74521785;-0.35238611,0.62247783,-0.75209034;-0.35670905,0.62247783,-0.75300936;-0.3729733,0.62247783,-0.75600649;-0.39160472,0.62247783,-0.7594955;-0.39708529,0.62247783,-0.76027222;-0.42670892,0.62247783,-0.76316971;-0.43366227,0.62247783,-0.76371204;-0.46046289,0.62247783,-0.76488994;-0.47150401,0.62247783,-0.76460827;-0.50066616,0.62247783,-0.76144628;-0.52136729,0.62247783,-0.75800096;-0.53336084,0.62247783,-0.75545369;-0.55604663,0.62247783,-0.74822323;-0.57025815,0.62247783,-0.74198953;-0.5856522,0.62247783,-0.73087521;-0.59263588,0.62247783,-0.72017517;-0.59396007,0.62247783,-0.71558866;-0.60053866,0.62247783,-0.68569101;-0.60252948,0.62247783,-0.67050457;-0.60534337,0.62247783,-0.64944786;-0.60688624,0.62247783,-0.62858912;-0.60839334,0.62247783,-0.6119358;-0.60953036,0.62247783,-0.58793913;-0.61039618,0.62247783,-0.57384064;-0.61119792,0.62247783,-0.5478152;-0.61170431,0.62247783,-0.53537036;-0.61223641,0.62247783,-0.50804837;-0.61252375,0.62247783,-0.49665154;-0.61280384,0.62247783,-0.46851846;-0.61289923,0.62247783,-0.45775758;-0.61391166,0.62247783,-0.27233464;-0.61397772,0.62247783,-0.26256377;-0.61413577,0.62247783,-0.23308177;-0.61425138,0.62247783,-0.22348371;-0.6148654,0.62247783,-0.15503041;-0.61502905,0.62247783,-0.1455417;-0.61533718,0.62247783,-0.11536693;-0.61550968,0.62247783,-0.10618548;-0.6156996,0.62247783,-0.07642142;-0.61573471,0.62247783,-0.06704656;-0.61570047,0.62247783,0.04077331;-0.61566331,0.62247783,0.05004705;-0.61542287,0.62247783,0.11924494;-0.6153333,0.62247783,0.12864847;-0.61517043,0.62247783,0.15887066;-0.61508712,0.62247783,0.16759706;-0.61493325,0.62247783,0.19808644;-0.61486158,0.62247783,0.20660414;-0.61471068,0.62247783,0.23667541;-0.61462542,0.62247783,0.24575051;-0.61297124,0.62247783,0.4316224;-0.61271865,0.62247783,0.44116734;-0.6105222,0.62247783,0.46840871;-0.60805357,0.62247783,0.47684204;-0.59608964,0.62247783,0.49106637;-0.53696617,0.62247783,0.50877534;-0.53107457,0.62247783,0.5108603;-0.52844431,0.62247783,0.51431984;-0.52808645,0.62247783,0.5195874;-0.5277528,0.62247783,0.55425963;-0.52789785,0.62247783,0.55896047;-0.53084433,0.62247783,0.5639076;-0.53674583,0.62247783,0.56618311;-0.55703547,0.62247783,0.56959991;-0.5645456,0.62247783,0.57151084;-0.57363514,0.62247783,0.57280315;-0.59845711,0.62247783,0.58109015;-0.60548544,0.62247783,0.59469392;-0.60710318,0.62247783,0.60691301;-0.60904799,0.62247783,0.66417028;-0.60900834,0.62247783,0.67951916;-0.60813782,0.62247783,0.69972205;-0.60569809,0.62247783,0.7194785;-0.60422008,0.62247783,0.73673147;-0.60170435,0.62247783,0.75595593;-0.60072218,0.62247783,0.7596691;-0.5979642,0.62247783,0.76083178;-0.58329281,0.62247783,0.76459962;-0.54342379,0.62247783,0.77155769;-0.52992312,0.62247783,0.77676255;-0.51909162,0.62247783,0.78804787;-0.5101275,0.62247783,0.80092669;-0.49648379,0.62247783,0.80596159;-0.4814729,0.62247783,0.80908967;-0.46172241,0.62247783,0.81056296;-0.44408792,0.62247783,0.81120765;-0.38299699,0.62247783,0.81153199;-0.36588638,0.62247783,0.8112754;-0.34411883,0.62247783,0.81071727;-0.32536411,0.62247783,0.80952618;-0.30589756,0.62247783,0.80828473;-0.28377015,0.62247783,0.80553483;-0.26891603,0.62247783,0.80359365;-0.23977201,0.62247783,0.79699105;-0.2344275,0.62247783,0.79564959;-0.22466187,0.62247783,0.79075879;-0.20544207,0.62247783,0.77835869;-0.17923728,0.62247783,0.75786256;-0.17811428,0.62247783,0.75697547;-0.17535387,0.62247783,0.75453694;-0.15299999,0.62247783,0.73470394;-0.14503273,0.62247783,0.72736044;-0.12778378,0.62247783,0.71211403;-0.11013585,0.62247783,0.69693362;-0.08555895,0.62247783,0.67774904;-0.07469232,0.62247783,0.67066355;-0.04486948,0.62247783,0.65513499;-0.02859675,0.62247783,0.6489923;-0.01177345,0.62247783,0.6459733;0.01190849,0.62247783,0.64586489;0.02845824,0.62247783,0.64886693;0.04485424,0.62247783,0.65517367;0.07432054,0.62247783,0.67123333;0.08748863,0.62247783,0.6800599;0.10141945,0.62247783,0.691139;0.10732425,0.62247783,0.69642626;0.12615316,0.62247783,0.71471068;0.13897705,0.62247783,0.7272511;0.15043974,0.62247783,0.7387568;0.17062898,0.62247783,0.75802809;0.17508848,0.62247783,0.76237262;0.18587759,0.62247783,0.7717139;0.20174182,0.62247783,0.78466644;0.21087717,0.62247783,0.79016404;0.23216864,0.62247783,0.79896866;0.24225707,0.62247783,0.80125735;0.26741144,0.62247783,0.80628297;0.28520428,0.62247783,0.80820776;0.3047657,0.62247783,0.81032377;0.3264415,0.62247783,0.81146406;0.34315409,0.62247783,0.81234703;0.36665866,0.62247783,0.81273866;0.38063019,0.62247783,0.81272147
-0.62247783,0.10124933,-0.72643602;-0.62247783,0.09914552,-0.72587723;-0.62247783,0.06350226,-0.7199302;-0.62247783,0.05860696,-0.71920367;-0.62247783,0.02585138,-0.71449693;-0.62247783,0.0125914,-0.71361182;-0.62247783,-0.0143965,-0.71384665;-0.62247783,-0.02875119,-0.71462009;-0.62247783,-0.06774768,-0.71950569;-0.62247783,-0.09155758,-0.72368724;-0.62247783,-0.09724651,-0.72505493;-0.62247783,-0.10907309,-0.72834431;-0.62247783,-0.1311847,-0.73536592;-0.62247783,-0.16354353,-0.7460191;-0.62247783,-0.19454828,-0.75723484;-0.62247783,-0.19651874,-0.75800451;-0.62247783,-0.19825138,-0.75881263;-0.62247783,-0.22729744,-0.7726389;-0.62247783,-0.25144511,-0.7832684;-0.62247783,-0.27164774,-0.79224108;-0.62247783,-0.28757864,-0.80089765;-0.62247783,-0.31249458,-0.81524916;-0.62247783,-0.32651232,-0.82723878;-0.62247783,-0.31709476,-0.8408259;-0.62247783,-0.30084576,-0.84646506;-0.62247783,-0.28935314,-0.84977116;-0.62247783,-0.26021137,-0.85304262;-0.62247783,-0.25307286,-0.8539176;-0.62247783,-0.21966574,-0.85558374;-0.62247783,-0.21474327,-0.85589286;-0.62247783,-0.17953092,-0.85680888;-0.62247783,-0.17581761,-0.85694114;-0.62247783,-0.13967293,-0.85747801;-0.62247783,-0.13665772,-0.85754205;-0.62247783,-0.09997757,-0.85786078;-0.62247783,-0.0973765,-0.85789267;-0.62247783,-0.06038396,-0.85805173;-0.62247783,-0.05801761,-0.85806209;-0.62247783,0.01860194,-0.85815361;-0.62247783,0.02086907,-0.85815202;-0.62247783,0.05801234,-0.858078;-0.62247783,0.06039805,-0.85806124;-0.62247783,0.0973625,-0.85786496;-0.62247783,0.10000156,-0.85782928;-0.62247783,0.13663135,-0.857483;-0.62247783,0.13971573,-0.85741238;-0.62247783,0.17576883,-0.85683245;-0.62247783,0.1796071,-0.85668431;-0.62247783,0.21465056,-0.85568325;-0.62247783,0.21981111,-0.85532608;-0.62247783,0.25288086,-0.85346407;-0.62247783,0.26056468,-0.85239683;-0.62247783,0.28893475,-0.84869877;-0.62247783,0.30230205,-0.84433706;-0.62247783,0.31680036,-0.83887194;-0.62247783,0.32308548,-0.82736136;-0.62247783,0.31238635,-0.81816893;-0.62247783,0.2864262,-0.80344073;-0.62247783,0.26569999,-0.79196217;-0.62247783,0.25767078,-0.78820087;-0.62247783,0.22653669,-0.77406633;-0.62247783,0.19935431,-0.76090832;-0.62247783,0.19582105,-0.75925766;-0.62247783,0.19122237,-0.75743598;-0.62247783,0.16328775,-0.74770398;-0.62247783,0.14998757,-0.74293074
0.08634958,-0.62247783,-0.71237875;0.10091868,-0.62247783,-0.71598559;0.13145387,-0.62247783,-0.72396095;0.13762682,-0.62247783,-0.72596282;0.16817299,-0.62247783,-0.73753011;0.20071629,-0.62247783,-0.75001277;0.21918795,-0.62247783,-0.75779861;0.23232255,-0.62247783,-0.76438441;0.26307843,-0.62247783,-0.77941739;0.28923258,-0.62247783,-0.79185241;0.29398505,-0.62247783,-0.79436412;0.32407989,-0.62247783,-0.80999132;0.35271551,-0.62247783,-0.82359925;0.35444585,-0.62247783,-0.82448883;0.35629755,-0.62247783,-0.8264156;0.35502047,-0.62247783,-0.82997844;0.35013089,-0.62247783,-0.8323319;0.32643958,-0.62247783,-0.84386137;0.3016127,-0.62247783,-0.84936399;0.29151322,-0.62247783,-0.85155039;0.25979674,-0.62247783,-0.85431785;0.25376438,-0.62247783,-0.85491195;0.21928897,-0.62247783,-0.85629296;0.21508089,-0.62247783,-0.85650964;0.17925801,-0.62247783,-0.85727216;0.17603799,-0.62247783,-0.85736755;0.13946867,-0.62247783,-0.85781812;0.13682498,-0.62247783,-0.85786518;0.09981575,-0.62247783,-0.85813457;0.09751695,-0.62247783,-0.85815844;0.06024578,-0.62247783,-0.85829342;0.0581447,-0.62247783,-0.85830117;-0.01872373,-0.62247783,-0.85837581;-0.02074413,-0.62247783,-0.85837443;-0.05813781,-0.62247783,-0.85830802;-0.06026291,-0.62247783,-0.8582948;-0.09749931,-0.62247783,-0.85812174;-0.0998457,-0.62247783,-0.85809399;-0.13679139,-0.62247783,-0.85779276;-0.13951978,-0.62247783,-0.85773895;-0.17597404,-0.62247783,-0.85724024;-0.17933801,-0.62247783,-0.85712966;-0.21494068,-0.62247783,-0.85627356;-0.21940208,-0.62247783,-0.8560121;-0.25333555,-0.62247783,-0.85441193;-0.25983468,-0.62247783,-0.85364447;-0.28969631,-0.62247783,-0.85033507;-0.30038363,-0.62247783,-0.8472104;-0.31744194,-0.62247783,-0.84097579;-0.32615624,-0.62247783,-0.82678075;-0.3138011,-0.62247783,-0.81425431;-0.28981375,-0.62247783,-0.79811004;-0.28027346,-0.62247783,-0.79218256;-0.26083116,-0.62247783,-0.78258598;-0.23023972,-0.62247783,-0.76785537;-0.21099924,-0.62247783,-0.75905063;-0.14202553,-0.62247783,-0.73183757;-0.12236145,-0.62247783,-0.724873;-0.09275842,-0.62247783,-0.71663353;-0.06912455,-0.62247783,-0.71142397;-0.04844436,-0.62247783,-0.70796958;-0.03082532,-0.62247783,-0.70529495;-0.0104061,-0.62247783,-0.70351824;0.00965092,-0.62247783,-0.70324283;0.02754848,-0.62247783,-0.70340101;0.04509631,-0.62247783,-0.70496134;0.06539129,-0.62247783,-0.70810089
-0.02130947,-0.62247783,0.82383658;-0.01812192,-0.62247783,0.82388322;0.01810997,-0.62247783,0.82384588;0.02132963,-0.62247783,0.82378601;0.05697882,-0.62247783,0.82286109;0.06097684,-0.62247783,0.82253477;0.09365329,-0.62247783,0.8192431;0.10105443,-0.62247783,0.8169025;0.12061796,-0.62247783,0.80802447;0.12647287,-0.62247783,0.79095905;0.12170697,-0.62247783,0.77824798;0.10991477,-0.62247783,0.75865264;0.10274174,-0.62247783,0.74985137;0.08257259,-0.62247783,0.72782813;0.07988521,-0.62247783,0.72524001;0.07340283,-0.62247783,0.72065673;0.05186272,-0.62247783,0.70782448;0.02996412,-0.62247783,0.69738663;0.02140702,-0.62247783,0.69425265;0.01694286,-0.62247783,0.69382043;-0.01724897,-0.62247783,0.6941335;-0.02110787,-0.62247783,0.69454804;-0.0281105,-0.62247783,0.69720498;-0.0515079,-0.62247783,0.70835113;-0.07374144,-0.62247783,0.72104639;-0.07993017,-0.62247783,0.72520771;-0.08284237,-0.62247783,0.72783548;-0.10337338,-0.62247783,0.74886036;-0.11195235,-0.62247783,0.75851398;-0.12291125,-0.62247783,0.77515809;-0.12931805,-0.62247783,0.79093378;-0.12142785,-0.62247783,0.80912427;-0.10024897,-0.62247783,0.8181253;-0.09398796,-0.62247783,0.81987544;-0.06089245,-0.62247783,0.82277608;-0.05705959,-0.62247783,0.82304714
0.62247783,0.35184686,-0.82382532;0.62247783,0.3565953,-0.82692367;0.62247783,0.35489748,-0.83211474;0.62247783,0.34788581,-0.83527134;0.62247783,0.32664107,-0.84470947;0.62247783,0.30146997,-0.84969078;0.62247783,0.29151358,-0.85166974;0.62247783,0.25987372,-0.85424431;0.62247783,0.25370538,-0.85483016;0.62247783,0.21936799,-0.85617545;0.62247783,0.21501798,-0.85639907;0.62247783,0.17932564,-0.85716578;0.62247783,0.17598404,-0.85726705;0.62247783,0.13952316,-0.85772971;0.62247783,0.13678079,-0.85778036;0.62247783,0.09985937,-0.85805749;0.62247783,0.09747877,-0.85808263;0.62247783,0.06028334,-0.85820564;0.62247783,0.05811015,-0.85821057;0.62247783,-0.05810715,-0.85820266;0.62247783,-0.06028867,-0.85819729;0.62247783,-0.09747295,-0.85806932;0.62247783,-0.09986886,-0.85804322;0.62247783,-0.13677059,-0.85775809;0.62247783,-0.13953888,-0.85770553;0.62247783,-0.17596681,-0.85722994;0.62247783,-0.17935022,-0.85712446;0.62247783,-0.21498831,-0.85633121;0.62247783,-0.21941441,-0.85609474;0.62247783,-0.25364553,-0.8546861;0.62247783,-0.25996547,-0.85405355;0.62247783,-0.29138023,-0.85129598;0.62247783,-0.30170355,-0.8490711;0.62247783,-0.32632524,-0.84350514;0.62247783,-0.35088162,-0.83137529;0.62247783,-0.35503615,-0.82937325;0.62247783,-0.35625393,-0.82639202;0.62247783,-0.35447022,-0.82467257;0.62247783,-0.35306684,-0.82401008;0.62247783,-0.3235566,-0.81092867;0.62247783,-0.29281748,-0.79637102;0.62247783,-0.28395764,-0.79200656;0.62247783,-0.26142647,-0.78229897;0.62247783,-0.22990512,-0.76846253;0.62247783,-0.20642899,-0.75747845;0.62247783,-0.19845991,-0.75417632;0.62247783,-0.19428454,-0.75260322;0.62247783,-0.1645129,-0.74217272;0.62247783,-0.13156546,-0.73133379;0.62247783,-0.11780693,-0.72719611;0.62247783,-0.08793594,-0.71997994;0.62247783,-0.06808515,-0.71629914;0.62247783,-0.05259605,-0.71401734;0.62247783,-0.02989997,-0.71196816;0.62247783,0.01104965,-0.71118369;0.62247783,0.02807939,-0.71196867;0.62247783,0.05865905,-0.71534853;0.62247783,0.06734036,-0.71637431;0.62247783,0.09790994,-0.72088451;0.62247783,0.10346306,-0.72204791;0.62247783,0.11433108,-0.72524808;0.62247783,0.1466297,-0.73644579;0.62247783,0.20636305,-0.75851285;0.62247783,0.23001396,-0.76840765;0.62247783,0.26161107,-0.78186146;0.62247783,0.28569349,-0.79202171;0.62247783,0.29299284,-0.79559672;0.62247783,0.32280468,-0.81013873
0.13765183,0.62247783,-0.72498909;0.10142641,0.62247783,-0.71559777;0.08747698,0.62247783,-0.71215738;0.06500868,0.62247783,-0.70759062;0.04948906,0.62247783,-0.70541823;0.02767334,0.62247783,-0.70366159;0.01150868,0.62247783,-0.70313724;-0.00998134,0.62247783,-0.70292093;-0.02856371,0.62247783,-0.7044875;-0.0494554,0.62247783,-0.70769014;-0.06490715,0.62247783,-0.71051204;-0.09317456,0.62247783,-0.71665887;-0.10040392,0.62247783,-0.71850956;-0.11736152,0.62247783,-0.72384774;-0.14332524,0.62247783,-0.73366211;-0.20474953,0.62247783,-0.75892598;-0.2288113,0.62247783,-0.77031354;-0.25941931,0.62247783,-0.78516018;-0.27345985,0.62247783,-0.79219526;-0.28805084,0.62247783,-0.80122933;-0.31306424,0.62247783,-0.81732907;-0.32328111,0.62247783,-0.82710381;-0.31699814,0.62247783,-0.83928504;-0.3017945,0.62247783,-0.84517024;-0.28924962,0.62247783,-0.84929566;-0.26018295,0.62247783,-0.85301679;-0.25313995,0.62247783,-0.85396358;-0.21954482,0.62247783,-0.85576348;-0.21485125,0.62247783,-0.85606973;-0.17940887,0.62247783,-0.85701438;-0.17592993,0.62247783,-0.85713933;-0.1395574,0.62247783,-0.85768165;-0.13676973,0.62247783,-0.85774114;-0.09986471,0.62247783,-0.85806672;-0.09749007,0.62247783,-0.85809706;-0.06027093,0.62247783,-0.85828503;-0.05813625,0.62247783,-0.85829962;-0.02074497,0.62247783,-0.85837619;-0.01872833,0.62247783,-0.85837847;0.05815561,0.62247783,-0.85832645;0.06022898,0.62247783,-0.85831979;0.09753469,0.62247783,-0.85819661;0.09978947,0.62247783,-0.85817491;0.13685267,0.62247783,-0.85792346;0.1394288,0.62247783,-0.85788053;0.17608105,0.62247783,-0.85745842;0.17919652,0.62247783,-0.85737207;0.21515128,0.62247783,-0.85666224;0.21918481,0.62247783,-0.85647003;0.25389344,0.62247783,-0.85520255;0.25959954,0.62247783,-0.85469168;0.29178128,0.62247783,-0.85220773;0.30106671,0.62247783,-0.85042932;0.3270005,0.62247783,-0.84553118;0.3467187,0.62247783,-0.83695758;0.3550188,0.62247783,-0.83321634;0.35699357,0.62247783,-0.82691443;0.35179869,0.62247783,-0.82301889;0.32393949,0.62247783,-0.80810441;0.29503599,0.62247783,-0.79213753;0.2941479,0.62247783,-0.79167594;0.26414117,0.62247783,-0.77743778;0.242065,0.62247783,-0.76647753;0.23352435,0.62247783,-0.76233052;0.22448349,0.62247783,-0.75826424;0.16915697,0.62247783,-0.73648487
-0.01805818,0.62247783,0.8237487;-0.02137004,0.62247783,0.82370087;-0.05697695,0.62247783,0.82287324;-0.06097528,0.62247783,0.8225723;-0.09378796,0.62247783,0.81949601;-0.10067077,0.62247783,0.81745325;-0.1209793,0.62247783,0.80854472;-0.12769742,0.62247783,0.7910486;-0.12206251,0.62247783,0.77707702;-0.11017522,0.62247783,0.75852467;-0.10277546,0.62247783,0.74983013;-0.08205812,0.62247783,0.72776682;-0.07971732,0.62247783,0.72554401;-0.07416581,0.62247783,0.72169434;-0.05153984,0.62247783,0.70830523;-0.02902822,0.62247783,0.69732548;-0.02130147,0.62247783,0.69438126;-0.01696443,0.62247783,0.69394624;0.0172389,0.62247783,0.69428745;0.02098572,0.62247783,0.69470897;0.02691894,0.62247783,0.69734108;0.05010036,0.62247783,0.71032248;0.07728599,0.62247783,0.72897592;0.07876255,0.62247783,0.73026096;0.10030905,0.62247783,0.75365759;0.1043096,0.62247783,0.75870237;0.11930422,0.62247783,0.78321115;0.12264193,0.62247783,0.79128606;0.11925398,0.62247783,0.80620004;0.10282613,0.62247783,0.81429516;0.0929792,0.62247783,0.81804237;0.06114269,0.62247783,0.8220181;0.056783,0.62247783,0.82245353;0.021415,0.62247783,0.82358478;0.01802877,0.62247783,0.82366415
-0.62247783,0.09230479,-0.79606072;-0.62247783,0.06487393,-0.7812559;-0.62247783,0.04696489,-0.77438824;-0.62247783,0.03241664,-0.77119433;-0.62247783,0.00564363,-0.768513;-0.62247783,-0.00561331,-0.76837713;-0.62247783,-0.03406985,-0.77051381;-0.62247783,-0.04665102,-0.77300122;-0.62247783,-0.06609871,-0.77974506;-0.62247783,-0.09681585,-0.7921869;-0.62247783,-0.09950832,-0.79393822;-0.62247783,-0.11819572,-0.81476661;-0.62247783,-0.12252631,-0.82223818;-0.62247783,-0.11655137,-0.8264181;-0.62247783,-0.11473731,-0.82675548;-0.62247783,-0.08142804,-0.83036894;-0.62247783,-0.07534128,-0.83076136;-0.62247783,-0.04345413,-0.83204959;-0.62247783,0.0045516,-0.83276297;-0.62247783,0.0352715,-0.83255448;-0.62247783,0.04348111,-0.83234279;-0.62247783,0.07559973,-0.83058548;-0.62247783,0.08136278,-0.83017216;-0.62247783,0.11547239,-0.82644258;-0.62247783,0.11681524,-0.82621989;-0.62247783,0.1205907,-0.82342835;-0.62247783,0.11676546,-0.81848377
0.00377598,-0.62247783,-0.74895403;0.03928964,-0.62247783,-0.75305345;0.06667811,-0.62247783,-0.75826815;0.07641924,-0.62247783,-0.76111385;0.08074196,-0.62247783,-0.76323253;0.1322924,-0.62247783,-0.7921188;0.1343047,-0.62247783,-0.79371116;0.14916498,-0.62247783,-0.81807848;0.14866242,-0.62247783,-0.82023351;0.11864568,-0.62247783,-0.82960417;0.11303452,-0.62247783,-0.83057365;0.08335145,-0.62247783,-0.83359182;0.07355264,-0.62247783,-0.83412859;0.04520441,-0.62247783,-0.83513403;-0.00617753,-0.62247783,-0.83575695;-0.03354532,-0.62247783,-0.83556781;-0.04511232,-0.62247783,-0.83529523;-0.07357504,-0.62247783,-0.83377076;-0.08277334,-0.62247783,-0.83310224;-0.11196433,-0.62247783,-0.82935129;-0.1162344,-0.62247783,-0.82821532;-0.13308583,-0.62247783,-0.81700986;-0.1276046,-0.62247783,-0.79662638;-0.12462924,-0.62247783,-0.79341521;-0.08218074,-0.62247783,-0.76677426;-0.07503411,-0.62247783,-0.76293646;-0.06356228,-0.62247783,-0.75843119;-0.04228934,-0.62247783,-0.75267279;-0.03477724,-0.62247783,-0.75134501;-0.00468112,-0.62247783,-0.74872224
0.62247783,-0.03910525,-0.76050798;0.62247783,-0.00098255,-0.75692923;0.62247783,0.00087852,-0.75691523;0.62247783,0.03889696,-0.75989933;0.62247783,0.04043203,-0.76027333;0.62247783,0.08667374,-0.77810123;0.62247783,0.11821595,-0.79420364;0.62247783,0.12487045,-0.8007245;0.62247783,0.13200544,-0.81807908;0.62247783,0.11595395,-0.82815838;0.62247783,0.11200898,-0.82912275;0.62247783,0.08244679,-0.8325271;0.62247783,0.07380835,-0.83301437;0.62247783,0.04460957,-0.83373873;0.62247783,-0.04458679,-0.83366534;0.62247783,-0.07390449,-0.83288556;0.62247783,-0.08241443,-0.83239004;0.62247783,-0.11227962,-0.82889293;0.62247783,-0.11609615,-0.82796;0.62247783,-0.13139125,-0.81823705;0.62247783,-0.12521809,-0.80132374;0.62247783,-0.11858418,-0.79337838;0.62247783,-0.1017687,-0.78330709;0.62247783,-0.08754828,-0.77716018;0.62247783,-0.04272065,-0.76133826
0.0052634,0.62247783,-0.74850743;-0.00314876,0.62247783,-0.74854029;-0.03401518,0.62247783,-0.75230768;-0.06154155,0.62247783,-0.75848093;-0.07523228,0.62247783,-0.76324566;-0.08329878,0.62247783,-0.76724852;-0.10365196,0.62247783,-0.77969323;-0.12229775,0.62247783,-0.7930672;-0.12681528,0.62247783,-0.79969115;-0.1312426,0.62247783,-0.81791555;-0.1164519,0.62247783,-0.82792778;-0.11245912,0.62247783,-0.82897038;-0.08272998,0.62247783,-0.83290279;-0.07371571,0.62247783,-0.83359264;-0.04510136,0.62247783,-0.83525097;-0.03355312,0.62247783,-0.83556248;-0.0062109,0.62247783,-0.83586849;0.0454692,0.62247783,-0.8354578;0.07358104,0.62247783,-0.83463687;0.08401902,0.62247783,-0.83419818;0.11434157,0.62247783,-0.83189813;0.12148469,0.62247783,-0.83125756;0.15472076,0.62247783,-0.82675872;0.15645594,0.62247783,-0.8264089;0.16097579,0.62247783,-0.82287401;0.15781604,0.62247783,-0.81646865;0.14134958,0.62247783,-0.79428963;0.13169661,0.62247783,-0.78667679;0.10825969,0.62247783,-0.77373314;0.0789947,0.62247783,-0.76013933;0.07441632,0.62247783,-0.75858872;0.04093628,0.62247783,-0.75114633;0.03499023,0.62247783,-0.75033142
